# https://github.com/mikedh/trimesh

o drum_0
v 0.00000000 0.00000000 -1.00000000 0.32941176 0.81176471 0.48627451
v 0.50000000 0.00000000 -1.00000000 0.32941176 0.81176471 0.48627451
v 0.50000000 0.00000000 1.00000000 0.32941176 0.81176471 0.48627451
v 0.00000000 0.00000000 1.00000000 0.32941176 0.81176471 0.48627451
v 0.49685610 0.05598224 -1.00000000 0.32941176 0.81176471 0.48627451
v 0.49685610 0.05598224 1.00000000 0.32941176 0.81176471 0.48627451
v 0.48746396 0.11126047 -1.00000000 0.32941176 0.81176471 0.48627451
v 0.48746396 0.11126047 1.00000000 0.32941176 0.81176471 0.48627451
v 0.47194167 0.16513953 -1.00000000 0.32941176 0.81176471 0.48627451
v 0.47194167 0.16513953 1.00000000 0.32941176 0.81176471 0.48627451
v 0.45048443 0.21694187 -1.00000000 0.32941176 0.81176471 0.48627451
v 0.45048443 0.21694187 1.00000000 0.32941176 0.81176471 0.48627451
v 0.42336210 0.26601604 -1.00000000 0.32941176 0.81176471 0.48627451
v 0.42336210 0.26601604 1.00000000 0.32941176 0.81176471 0.48627451
v 0.39091574 0.31174490 -1.00000000 0.32941176 0.81176471 0.48627451
v 0.39091574 0.31174490 1.00000000 0.32941176 0.81176471 0.48627451
v 0.35355339 0.35355339 -1.00000000 0.32941176 0.81176471 0.48627451
v 0.35355339 0.35355339 1.00000000 0.32941176 0.81176471 0.48627451
v 0.31174490 0.39091574 -1.00000000 0.32941176 0.81176471 0.48627451
v 0.31174490 0.39091574 1.00000000 0.32941176 0.81176471 0.48627451
v 0.26601604 0.42336210 -1.00000000 0.32941176 0.81176471 0.48627451
v 0.26601604 0.42336210 1.00000000 0.32941176 0.81176471 0.48627451
v 0.21694187 0.45048443 -1.00000000 0.32941176 0.81176471 0.48627451
v 0.21694187 0.45048443 1.00000000 0.32941176 0.81176471 0.48627451
v 0.16513953 0.47194167 -1.00000000 0.32941176 0.81176471 0.48627451
v 0.16513953 0.47194167 1.00000000 0.32941176 0.81176471 0.48627451
v 0.11126047 0.48746396 -1.00000000 0.32941176 0.81176471 0.48627451
v 0.11126047 0.48746396 1.00000000 0.32941176 0.81176471 0.48627451
v 0.05598224 0.49685610 -1.00000000 0.32941176 0.81176471 0.48627451
v 0.05598224 0.49685610 1.00000000 0.32941176 0.81176471 0.48627451
v 0.00000000 0.50000000 -1.00000000 0.32941176 0.81176471 0.48627451
v 0.00000000 0.50000000 1.00000000 0.32941176 0.81176471 0.48627451
v -0.05598224 0.49685610 -1.00000000 0.32941176 0.81176471 0.48627451
v -0.05598224 0.49685610 1.00000000 0.32941176 0.81176471 0.48627451
v -0.11126047 0.48746396 -1.00000000 0.32941176 0.81176471 0.48627451
v -0.11126047 0.48746396 1.00000000 0.32941176 0.81176471 0.48627451
v -0.16513953 0.47194167 -1.00000000 0.32941176 0.81176471 0.48627451
v -0.16513953 0.47194167 1.00000000 0.32941176 0.81176471 0.48627451
v -0.21694187 0.45048443 -1.00000000 0.32941176 0.81176471 0.48627451
v -0.21694187 0.45048443 1.00000000 0.32941176 0.81176471 0.48627451
v -0.26601604 0.42336210 -1.00000000 0.32941176 0.81176471 0.48627451
v -0.26601604 0.42336210 1.00000000 0.32941176 0.81176471 0.48627451
v -0.31174490 0.39091574 -1.00000000 0.32941176 0.81176471 0.48627451
v -0.31174490 0.39091574 1.00000000 0.32941176 0.81176471 0.48627451
v -0.35355339 0.35355339 -1.00000000 0.32941176 0.81176471 0.48627451
v -0.35355339 0.35355339 1.00000000 0.32941176 0.81176471 0.48627451
v -0.39091574 0.31174490 -1.00000000 0.32941176 0.81176471 0.48627451
v -0.39091574 0.31174490 1.00000000 0.32941176 0.81176471 0.48627451
v -0.42336210 0.26601604 -1.00000000 0.32941176 0.81176471 0.48627451
v -0.42336210 0.26601604 1.00000000 0.32941176 0.81176471 0.48627451
v -0.45048443 0.21694187 -1.00000000 0.32941176 0.81176471 0.48627451
v -0.45048443 0.21694187 1.00000000 0.32941176 0.81176471 0.48627451
v -0.47194167 0.16513953 -1.00000000 0.32941176 0.81176471 0.48627451
v -0.47194167 0.16513953 1.00000000 0.32941176 0.81176471 0.48627451
v -0.48746396 0.11126047 -1.00000000 0.32941176 0.81176471 0.48627451
v -0.48746396 0.11126047 1.00000000 0.32941176 0.81176471 0.48627451
v -0.49685610 0.05598224 -1.00000000 0.32941176 0.81176471 0.48627451
v -0.49685610 0.05598224 1.00000000 0.32941176 0.81176471 0.48627451
v -0.50000000 0.00000000 -1.00000000 0.32941176 0.81176471 0.48627451
v -0.50000000 0.00000000 1.00000000 0.32941176 0.81176471 0.48627451
v -0.49685610 -0.05598224 -1.00000000 0.32941176 0.81176471 0.48627451
v -0.49685610 -0.05598224 1.00000000 0.32941176 0.81176471 0.48627451
v -0.48746396 -0.11126047 -1.00000000 0.32941176 0.81176471 0.48627451
v -0.48746396 -0.11126047 1.00000000 0.32941176 0.81176471 0.48627451
v -0.47194167 -0.16513953 -1.00000000 0.32941176 0.81176471 0.48627451
v -0.47194167 -0.16513953 1.00000000 0.32941176 0.81176471 0.48627451
v -0.45048443 -0.21694187 -1.00000000 0.32941176 0.81176471 0.48627451
v -0.45048443 -0.21694187 1.00000000 0.32941176 0.81176471 0.48627451
v -0.42336210 -0.26601604 -1.00000000 0.32941176 0.81176471 0.48627451
v -0.42336210 -0.26601604 1.00000000 0.32941176 0.81176471 0.48627451
v -0.39091574 -0.31174490 -1.00000000 0.32941176 0.81176471 0.48627451
v -0.39091574 -0.31174490 1.00000000 0.32941176 0.81176471 0.48627451
v -0.35355339 -0.35355339 -1.00000000 0.32941176 0.81176471 0.48627451
v -0.35355339 -0.35355339 1.00000000 0.32941176 0.81176471 0.48627451
v -0.31174490 -0.39091574 -1.00000000 0.32941176 0.81176471 0.48627451
v -0.31174490 -0.39091574 1.00000000 0.32941176 0.81176471 0.48627451
v -0.26601604 -0.42336210 -1.00000000 0.32941176 0.81176471 0.48627451
v -0.26601604 -0.42336210 1.00000000 0.32941176 0.81176471 0.48627451
v -0.21694187 -0.45048443 -1.00000000 0.32941176 0.81176471 0.48627451
v -0.21694187 -0.45048443 1.00000000 0.32941176 0.81176471 0.48627451
v -0.16513953 -0.47194167 -1.00000000 0.32941176 0.81176471 0.48627451
v -0.16513953 -0.47194167 1.00000000 0.32941176 0.81176471 0.48627451
v -0.11126047 -0.48746396 -1.00000000 0.32941176 0.81176471 0.48627451
v -0.11126047 -0.48746396 1.00000000 0.32941176 0.81176471 0.48627451
v -0.05598224 -0.49685610 -1.00000000 0.32941176 0.81176471 0.48627451
v -0.05598224 -0.49685610 1.00000000 0.32941176 0.81176471 0.48627451
v -0.00000000 -0.50000000 -1.00000000 0.32941176 0.81176471 0.48627451
v -0.00000000 -0.50000000 1.00000000 0.32941176 0.81176471 0.48627451
v 0.05598224 -0.49685610 -1.00000000 0.32941176 0.81176471 0.48627451
v 0.05598224 -0.49685610 1.00000000 0.32941176 0.81176471 0.48627451
v 0.11126047 -0.48746396 -1.00000000 0.32941176 0.81176471 0.48627451
v 0.11126047 -0.48746396 1.00000000 0.32941176 0.81176471 0.48627451
v 0.16513953 -0.47194167 -1.00000000 0.32941176 0.81176471 0.48627451
v 0.16513953 -0.47194167 1.00000000 0.32941176 0.81176471 0.48627451
v 0.21694187 -0.45048443 -1.00000000 0.32941176 0.81176471 0.48627451
v 0.21694187 -0.45048443 1.00000000 0.32941176 0.81176471 0.48627451
v 0.26601604 -0.42336210 -1.00000000 0.32941176 0.81176471 0.48627451
v 0.26601604 -0.42336210 1.00000000 0.32941176 0.81176471 0.48627451
v 0.31174490 -0.39091574 -1.00000000 0.32941176 0.81176471 0.48627451
v 0.31174490 -0.39091574 1.00000000 0.32941176 0.81176471 0.48627451
v 0.35355339 -0.35355339 -1.00000000 0.32941176 0.81176471 0.48627451
v 0.35355339 -0.35355339 1.00000000 0.32941176 0.81176471 0.48627451
v 0.39091574 -0.31174490 -1.00000000 0.32941176 0.81176471 0.48627451
v 0.39091574 -0.31174490 1.00000000 0.32941176 0.81176471 0.48627451
v 0.42336210 -0.26601604 -1.00000000 0.32941176 0.81176471 0.48627451
v 0.42336210 -0.26601604 1.00000000 0.32941176 0.81176471 0.48627451
v 0.45048443 -0.21694187 -1.00000000 0.32941176 0.81176471 0.48627451
v 0.45048443 -0.21694187 1.00000000 0.32941176 0.81176471 0.48627451
v 0.47194167 -0.16513953 -1.00000000 0.32941176 0.81176471 0.48627451
v 0.47194167 -0.16513953 1.00000000 0.32941176 0.81176471 0.48627451
v 0.48746396 -0.11126047 -1.00000000 0.32941176 0.81176471 0.48627451
v 0.48746396 -0.11126047 1.00000000 0.32941176 0.81176471 0.48627451
v 0.49685610 -0.05598224 -1.00000000 0.32941176 0.81176471 0.48627451
v 0.49685610 -0.05598224 1.00000000 0.32941176 0.81176471 0.48627451
f 2 1 5
f 2 5 3
f 3 5 6
f 3 6 4
f 5 1 7
f 5 7 6
f 6 7 8
f 6 8 4
f 7 1 9
f 7 9 8
f 8 9 10
f 8 10 4
f 9 1 11
f 9 11 10
f 10 11 12
f 10 12 4
f 11 1 13
f 11 13 12
f 12 13 14
f 12 14 4
f 13 1 15
f 13 15 14
f 14 15 16
f 14 16 4
f 15 1 17
f 15 17 16
f 16 17 18
f 16 18 4
f 17 1 19
f 17 19 18
f 18 19 20
f 18 20 4
f 19 1 21
f 19 21 20
f 20 21 22
f 20 22 4
f 21 1 23
f 21 23 22
f 22 23 24
f 22 24 4
f 23 1 25
f 23 25 24
f 24 25 26
f 24 26 4
f 25 1 27
f 25 27 26
f 26 27 28
f 26 28 4
f 27 1 29
f 27 29 28
f 28 29 30
f 28 30 4
f 29 1 31
f 29 31 30
f 30 31 32
f 30 32 4
f 31 1 33
f 31 33 32
f 32 33 34
f 32 34 4
f 33 1 35
f 33 35 34
f 34 35 36
f 34 36 4
f 35 1 37
f 35 37 36
f 36 37 38
f 36 38 4
f 37 1 39
f 37 39 38
f 38 39 40
f 38 40 4
f 39 1 41
f 39 41 40
f 40 41 42
f 40 42 4
f 41 1 43
f 41 43 42
f 42 43 44
f 42 44 4
f 43 1 45
f 43 45 44
f 44 45 46
f 44 46 4
f 45 1 47
f 45 47 46
f 46 47 48
f 46 48 4
f 47 1 49
f 47 49 48
f 48 49 50
f 48 50 4
f 49 1 51
f 49 51 50
f 50 51 52
f 50 52 4
f 51 1 53
f 51 53 52
f 52 53 54
f 52 54 4
f 53 1 55
f 53 55 54
f 54 55 56
f 54 56 4
f 55 1 57
f 55 57 56
f 56 57 58
f 56 58 4
f 57 1 59
f 57 59 58
f 58 59 60
f 58 60 4
f 59 1 61
f 59 61 60
f 60 61 62
f 60 62 4
f 61 1 63
f 61 63 62
f 62 63 64
f 62 64 4
f 63 1 65
f 63 65 64
f 64 65 66
f 64 66 4
f 65 1 67
f 65 67 66
f 66 67 68
f 66 68 4
f 67 1 69
f 67 69 68
f 68 69 70
f 68 70 4
f 69 1 71
f 69 71 70
f 70 71 72
f 70 72 4
f 71 1 73
f 71 73 72
f 72 73 74
f 72 74 4
f 73 1 75
f 73 75 74
f 74 75 76
f 74 76 4
f 75 1 77
f 75 77 76
f 76 77 78
f 76 78 4
f 77 1 79
f 77 79 78
f 78 79 80
f 78 80 4
f 79 1 81
f 79 81 80
f 80 81 82
f 80 82 4
f 81 1 83
f 81 83 82
f 82 83 84
f 82 84 4
f 83 1 85
f 83 85 84
f 84 85 86
f 84 86 4
f 85 1 87
f 85 87 86
f 86 87 88
f 86 88 4
f 87 1 89
f 87 89 88
f 88 89 90
f 88 90 4
f 89 1 91
f 89 91 90
f 90 91 92
f 90 92 4
f 91 1 93
f 91 93 92
f 92 93 94
f 92 94 4
f 93 1 95
f 93 95 94
f 94 95 96
f 94 96 4
f 95 1 97
f 95 97 96
f 96 97 98
f 96 98 4
f 97 1 99
f 97 99 98
f 98 99 100
f 98 100 4
f 99 1 101
f 99 101 100
f 100 101 102
f 100 102 4
f 101 1 103
f 101 103 102
f 102 103 104
f 102 104 4
f 103 1 105
f 103 105 104
f 104 105 106
f 104 106 4
f 105 1 107
f 105 107 106
f 106 107 108
f 106 108 4
f 107 1 109
f 107 109 108
f 108 109 110
f 108 110 4
f 109 1 111
f 109 111 110
f 110 111 112
f 110 112 4
f 111 1 113
f 111 113 112
f 112 113 114
f 112 114 4
f 113 1 2
f 113 2 114
f 114 2 3
f 114 3 4

o cap_fore_1
v 0.53000000 0.00000000 1.00000000 0.90196078 0.67450980 0.42745098
v 0.52598076 0.00000000 1.01500000 0.90196078 0.67450980 0.42745098
v 0.51500000 0.00000000 1.02598076 0.90196078 0.67450980 0.42745098
v 0.50000000 0.00000000 1.03000000 0.90196078 0.67450980 0.42745098
v 0.48500000 0.00000000 1.02598076 0.90196078 0.67450980 0.42745098
v 0.47401924 0.00000000 1.01500000 0.90196078 0.67450980 0.42745098
v 0.47000000 0.00000000 1.00000000 0.90196078 0.67450980 0.42745098
v 0.47401924 0.00000000 0.98500000 0.90196078 0.67450980 0.42745098
v 0.48500000 0.00000000 0.97401924 0.90196078 0.67450980 0.42745098
v 0.50000000 0.00000000 0.97000000 0.90196078 0.67450980 0.42745098
v 0.51500000 0.00000000 0.97401924 0.90196078 0.67450980 0.42745098
v 0.52598076 0.00000000 0.98500000 0.90196078 0.67450980 0.42745098
v 0.52546578 0.06917888 1.00000000 0.90196078 0.67450980 0.42745098
v 0.52148092 0.06865427 1.01500000 0.90196078 0.67450980 0.42745098
v 0.51059410 0.06722099 1.02598076 0.90196078 0.67450980 0.42745098
v 0.49572243 0.06526310 1.03000000 0.90196078 0.67450980 0.42745098
v 0.48085076 0.06330520 1.02598076 0.90196078 0.67450980 0.42745098
v 0.46996394 0.06187193 1.01500000 0.90196078 0.67450980 0.42745098
v 0.46597908 0.06134731 1.00000000 0.90196078 0.67450980 0.42745098
v 0.46996394 0.06187193 0.98500000 0.90196078 0.67450980 0.42745098
v 0.48085076 0.06330520 0.97401924 0.90196078 0.67450980 0.42745098
v 0.49572243 0.06526310 0.97000000 0.90196078 0.67450980 0.42745098
v 0.51059410 0.06722099 0.97401924 0.90196078 0.67450980 0.42745098
v 0.52148092 0.06865427 0.98500000 0.90196078 0.67450980 0.42745098
v 0.51194069 0.13717409 1.00000000 0.90196078 0.67450980 0.42745098
v 0.50805840 0.13613384 1.01500000 0.90196078 0.67450980 0.42745098
v 0.49745180 0.13329181 1.02598076 0.90196078 0.67450980 0.42745098
v 0.48296291 0.12940952 1.03000000 0.90196078 0.67450980 0.42745098
v 0.46847403 0.12552724 1.02598076 0.90196078 0.67450980 0.42745098
v 0.45786742 0.12268521 1.01500000 0.90196078 0.67450980 0.42745098
v 0.45398514 0.12164495 1.00000000 0.90196078 0.67450980 0.42745098
v 0.45786742 0.12268521 0.98500000 0.90196078 0.67450980 0.42745098
v 0.46847403 0.12552724 0.97401924 0.90196078 0.67450980 0.42745098
v 0.48296291 0.12940952 0.97000000 0.90196078 0.67450980 0.42745098
v 0.49745180 0.13329181 0.97401924 0.90196078 0.67450980 0.42745098
v 0.50805840 0.13613384 0.98500000 0.90196078 0.67450980 0.42745098
v 0.48965615 0.20282222 1.00000000 0.90196078 0.67450980 0.42745098
v 0.48594286 0.20128412 1.01500000 0.90196078 0.67450980 0.42745098
v 0.47579796 0.19708197 1.02598076 0.90196078 0.67450980 0.42745098
v 0.46193977 0.19134172 1.03000000 0.90196078 0.67450980 0.42745098
v 0.44808157 0.18560146 1.02598076 0.90196078 0.67450980 0.42745098
v 0.43793667 0.18139931 1.01500000 0.90196078 0.67450980 0.42745098
v 0.43422338 0.17986121 1.00000000 0.90196078 0.67450980 0.42745098
v 0.43793667 0.18139931 0.98500000 0.90196078 0.67450980 0.42745098
v 0.44808157 0.18560146 0.97401924 0.90196078 0.67450980 0.42745098
v 0.46193977 0.19134172 0.97000000 0.90196078 0.67450980 0.42745098
v 0.47579796 0.19708197 0.97401924 0.90196078 0.67450980 0.42745098
v 0.48594286 0.20128412 0.98500000 0.90196078 0.67450980 0.42745098
v 0.45899346 0.26500000 1.00000000 0.90196078 0.67450980 0.42745098
v 0.45551270 0.26299038 1.01500000 0.90196078 0.67450980 0.42745098
v 0.44600308 0.25750000 1.02598076 0.90196078 0.67450980 0.42745098
v 0.43301270 0.25000000 1.03000000 0.90196078 0.67450980 0.42745098
v 0.42002232 0.24250000 1.02598076 0.90196078 0.67450980 0.42745098
v 0.41051270 0.23700962 1.01500000 0.90196078 0.67450980 0.42745098
v 0.40703194 0.23500000 1.00000000 0.90196078 0.67450980 0.42745098
v 0.41051270 0.23700962 0.98500000 0.90196078 0.67450980 0.42745098
v 0.42002232 0.24250000 0.97401924 0.90196078 0.67450980 0.42745098
v 0.43301270 0.25000000 0.97000000 0.90196078 0.67450980 0.42745098
v 0.44600308 0.25750000 0.97401924 0.90196078 0.67450980 0.42745098
v 0.45551270 0.26299038 0.98500000 0.90196078 0.67450980 0.42745098
v 0.42047727 0.32264356 1.00000000 0.90196078 0.67450980 0.42745098
v 0.41728859 0.32019680 1.01500000 0.90196078 0.67450980 0.42745098
v 0.40857697 0.31351214 1.02598076 0.90196078 0.67450980 0.42745098
v 0.39667667 0.30438071 1.03000000 0.90196078 0.67450980 0.42745098
v 0.38477637 0.29524929 1.02598076 0.90196078 0.67450980 0.42745098
v 0.37606475 0.28856463 1.01500000 0.90196078 0.67450980 0.42745098
v 0.37287607 0.28611787 1.00000000 0.90196078 0.67450980 0.42745098
v 0.37606475 0.28856463 0.98500000 0.90196078 0.67450980 0.42745098
v 0.38477637 0.29524929 0.97401924 0.90196078 0.67450980 0.42745098
v 0.39667667 0.30438071 0.97000000 0.90196078 0.67450980 0.42745098
v 0.40857697 0.31351214 0.97401924 0.90196078 0.67450980 0.42745098
v 0.41728859 0.32019680 0.98500000 0.90196078 0.67450980 0.42745098
v 0.37476659 0.37476659 1.00000000 0.90196078 0.67450980 0.42745098
v 0.37192456 0.37192456 1.01500000 0.90196078 0.67450980 0.42745098
v 0.36415999 0.36415999 1.02598076 0.90196078 0.67450980 0.42745098
v 0.35355339 0.35355339 1.03000000 0.90196078 0.67450980 0.42745098
v 0.34294679 0.34294679 1.02598076 0.90196078 0.67450980 0.42745098
v 0.33518222 0.33518222 1.01500000 0.90196078 0.67450980 0.42745098
v 0.33234019 0.33234019 1.00000000 0.90196078 0.67450980 0.42745098
v 0.33518222 0.33518222 0.98500000 0.90196078 0.67450980 0.42745098
v 0.34294679 0.34294679 0.97401924 0.90196078 0.67450980 0.42745098
v 0.35355339 0.35355339 0.97000000 0.90196078 0.67450980 0.42745098
v 0.36415999 0.36415999 0.97401924 0.90196078 0.67450980 0.42745098
v 0.37192456 0.37192456 0.98500000 0.90196078 0.67450980 0.42745098
v 0.32264356 0.42047727 1.00000000 0.90196078 0.67450980 0.42745098
v 0.32019680 0.41728859 1.01500000 0.90196078 0.67450980 0.42745098
v 0.31351214 0.40857697 1.02598076 0.90196078 0.67450980 0.42745098
v 0.30438071 0.39667667 1.03000000 0.90196078 0.67450980 0.42745098
v 0.29524929 0.38477637 1.02598076 0.90196078 0.67450980 0.42745098
v 0.28856463 0.37606475 1.01500000 0.90196078 0.67450980 0.42745098
v 0.28611787 0.37287607 1.00000000 0.90196078 0.67450980 0.42745098
v 0.28856463 0.37606475 0.98500000 0.90196078 0.67450980 0.42745098
v 0.29524929 0.38477637 0.97401924 0.90196078 0.67450980 0.42745098
v 0.30438071 0.39667667 0.97000000 0.90196078 0.67450980 0.42745098
v 0.31351214 0.40857697 0.97401924 0.90196078 0.67450980 0.42745098
v 0.32019680 0.41728859 0.98500000 0.90196078 0.67450980 0.42745098
v 0.26500000 0.45899346 1.00000000 0.90196078 0.67450980 0.42745098
v 0.26299038 0.45551270 1.01500000 0.90196078 0.67450980 0.42745098
v 0.25750000 0.44600308 1.02598076 0.90196078 0.67450980 0.42745098
v 0.25000000 0.43301270 1.03000000 0.90196078 0.67450980 0.42745098
v 0.24250000 0.42002232 1.02598076 0.90196078 0.67450980 0.42745098
v 0.23700962 0.41051270 1.01500000 0.90196078 0.67450980 0.42745098
v 0.23500000 0.40703194 1.00000000 0.90196078 0.67450980 0.42745098
v 0.23700962 0.41051270 0.98500000 0.90196078 0.67450980 0.42745098
v 0.24250000 0.42002232 0.97401924 0.90196078 0.67450980 0.42745098
v 0.25000000 0.43301270 0.97000000 0.90196078 0.67450980 0.42745098
v 0.25750000 0.44600308 0.97401924 0.90196078 0.67450980 0.42745098
v 0.26299038 0.45551270 0.98500000 0.90196078 0.67450980 0.42745098
v 0.20282222 0.48965615 1.00000000 0.90196078 0.67450980 0.42745098
v 0.20128412 0.48594286 1.01500000 0.90196078 0.67450980 0.42745098
v 0.19708197 0.47579796 1.02598076 0.90196078 0.67450980 0.42745098
v 0.19134172 0.46193977 1.03000000 0.90196078 0.67450980 0.42745098
v 0.18560146 0.44808157 1.02598076 0.90196078 0.67450980 0.42745098
v 0.18139931 0.43793667 1.01500000 0.90196078 0.67450980 0.42745098
v 0.17986121 0.43422338 1.00000000 0.90196078 0.67450980 0.42745098
v 0.18139931 0.43793667 0.98500000 0.90196078 0.67450980 0.42745098
v 0.18560146 0.44808157 0.97401924 0.90196078 0.67450980 0.42745098
v 0.19134172 0.46193977 0.97000000 0.90196078 0.67450980 0.42745098
v 0.19708197 0.47579796 0.97401924 0.90196078 0.67450980 0.42745098
v 0.20128412 0.48594286 0.98500000 0.90196078 0.67450980 0.42745098
v 0.13717409 0.51194069 1.00000000 0.90196078 0.67450980 0.42745098
v 0.13613384 0.50805840 1.01500000 0.90196078 0.67450980 0.42745098
v 0.13329181 0.49745180 1.02598076 0.90196078 0.67450980 0.42745098
v 0.12940952 0.48296291 1.03000000 0.90196078 0.67450980 0.42745098
v 0.12552724 0.46847403 1.02598076 0.90196078 0.67450980 0.42745098
v 0.12268521 0.45786742 1.01500000 0.90196078 0.67450980 0.42745098
v 0.12164495 0.45398514 1.00000000 0.90196078 0.67450980 0.42745098
v 0.12268521 0.45786742 0.98500000 0.90196078 0.67450980 0.42745098
v 0.12552724 0.46847403 0.97401924 0.90196078 0.67450980 0.42745098
v 0.12940952 0.48296291 0.97000000 0.90196078 0.67450980 0.42745098
v 0.13329181 0.49745180 0.97401924 0.90196078 0.67450980 0.42745098
v 0.13613384 0.50805840 0.98500000 0.90196078 0.67450980 0.42745098
v 0.06917888 0.52546578 1.00000000 0.90196078 0.67450980 0.42745098
v 0.06865427 0.52148092 1.01500000 0.90196078 0.67450980 0.42745098
v 0.06722099 0.51059410 1.02598076 0.90196078 0.67450980 0.42745098
v 0.06526310 0.49572243 1.03000000 0.90196078 0.67450980 0.42745098
v 0.06330520 0.48085076 1.02598076 0.90196078 0.67450980 0.42745098
v 0.06187193 0.46996394 1.01500000 0.90196078 0.67450980 0.42745098
v 0.06134731 0.46597908 1.00000000 0.90196078 0.67450980 0.42745098
v 0.06187193 0.46996394 0.98500000 0.90196078 0.67450980 0.42745098
v 0.06330520 0.48085076 0.97401924 0.90196078 0.67450980 0.42745098
v 0.06526310 0.49572243 0.97000000 0.90196078 0.67450980 0.42745098
v 0.06722099 0.51059410 0.97401924 0.90196078 0.67450980 0.42745098
v 0.06865427 0.52148092 0.98500000 0.90196078 0.67450980 0.42745098
v 0.00000000 0.53000000 1.00000000 0.90196078 0.67450980 0.42745098
v 0.00000000 0.52598076 1.01500000 0.90196078 0.67450980 0.42745098
v 0.00000000 0.51500000 1.02598076 0.90196078 0.67450980 0.42745098
v 0.00000000 0.50000000 1.03000000 0.90196078 0.67450980 0.42745098
v 0.00000000 0.48500000 1.02598076 0.90196078 0.67450980 0.42745098
v 0.00000000 0.47401924 1.01500000 0.90196078 0.67450980 0.42745098
v 0.00000000 0.47000000 1.00000000 0.90196078 0.67450980 0.42745098
v 0.00000000 0.47401924 0.98500000 0.90196078 0.67450980 0.42745098
v 0.00000000 0.48500000 0.97401924 0.90196078 0.67450980 0.42745098
v 0.00000000 0.50000000 0.97000000 0.90196078 0.67450980 0.42745098
v 0.00000000 0.51500000 0.97401924 0.90196078 0.67450980 0.42745098
v 0.00000000 0.52598076 0.98500000 0.90196078 0.67450980 0.42745098
v -0.06917888 0.52546578 1.00000000 0.90196078 0.67450980 0.42745098
v -0.06865427 0.52148092 1.01500000 0.90196078 0.67450980 0.42745098
v -0.06722099 0.51059410 1.02598076 0.90196078 0.67450980 0.42745098
v -0.06526310 0.49572243 1.03000000 0.90196078 0.67450980 0.42745098
v -0.06330520 0.48085076 1.02598076 0.90196078 0.67450980 0.42745098
v -0.06187193 0.46996394 1.01500000 0.90196078 0.67450980 0.42745098
v -0.06134731 0.46597908 1.00000000 0.90196078 0.67450980 0.42745098
v -0.06187193 0.46996394 0.98500000 0.90196078 0.67450980 0.42745098
v -0.06330520 0.48085076 0.97401924 0.90196078 0.67450980 0.42745098
v -0.06526310 0.49572243 0.97000000 0.90196078 0.67450980 0.42745098
v -0.06722099 0.51059410 0.97401924 0.90196078 0.67450980 0.42745098
v -0.06865427 0.52148092 0.98500000 0.90196078 0.67450980 0.42745098
v -0.13717409 0.51194069 1.00000000 0.90196078 0.67450980 0.42745098
v -0.13613384 0.50805840 1.01500000 0.90196078 0.67450980 0.42745098
v -0.13329181 0.49745180 1.02598076 0.90196078 0.67450980 0.42745098
v -0.12940952 0.48296291 1.03000000 0.90196078 0.67450980 0.42745098
v -0.12552724 0.46847403 1.02598076 0.90196078 0.67450980 0.42745098
v -0.12268521 0.45786742 1.01500000 0.90196078 0.67450980 0.42745098
v -0.12164495 0.45398514 1.00000000 0.90196078 0.67450980 0.42745098
v -0.12268521 0.45786742 0.98500000 0.90196078 0.67450980 0.42745098
v -0.12552724 0.46847403 0.97401924 0.90196078 0.67450980 0.42745098
v -0.12940952 0.48296291 0.97000000 0.90196078 0.67450980 0.42745098
v -0.13329181 0.49745180 0.97401924 0.90196078 0.67450980 0.42745098
v -0.13613384 0.50805840 0.98500000 0.90196078 0.67450980 0.42745098
v -0.20282222 0.48965615 1.00000000 0.90196078 0.67450980 0.42745098
v -0.20128412 0.48594286 1.01500000 0.90196078 0.67450980 0.42745098
v -0.19708197 0.47579796 1.02598076 0.90196078 0.67450980 0.42745098
v -0.19134172 0.46193977 1.03000000 0.90196078 0.67450980 0.42745098
v -0.18560146 0.44808157 1.02598076 0.90196078 0.67450980 0.42745098
v -0.18139931 0.43793667 1.01500000 0.90196078 0.67450980 0.42745098
v -0.17986121 0.43422338 1.00000000 0.90196078 0.67450980 0.42745098
v -0.18139931 0.43793667 0.98500000 0.90196078 0.67450980 0.42745098
v -0.18560146 0.44808157 0.97401924 0.90196078 0.67450980 0.42745098
v -0.19134172 0.46193977 0.97000000 0.90196078 0.67450980 0.42745098
v -0.19708197 0.47579796 0.97401924 0.90196078 0.67450980 0.42745098
v -0.20128412 0.48594286 0.98500000 0.90196078 0.67450980 0.42745098
v -0.26500000 0.45899346 1.00000000 0.90196078 0.67450980 0.42745098
v -0.26299038 0.45551270 1.01500000 0.90196078 0.67450980 0.42745098
v -0.25750000 0.44600308 1.02598076 0.90196078 0.67450980 0.42745098
v -0.25000000 0.43301270 1.03000000 0.90196078 0.67450980 0.42745098
v -0.24250000 0.42002232 1.02598076 0.90196078 0.67450980 0.42745098
v -0.23700962 0.41051270 1.01500000 0.90196078 0.67450980 0.42745098
v -0.23500000 0.40703194 1.00000000 0.90196078 0.67450980 0.42745098
v -0.23700962 0.41051270 0.98500000 0.90196078 0.67450980 0.42745098
v -0.24250000 0.42002232 0.97401924 0.90196078 0.67450980 0.42745098
v -0.25000000 0.43301270 0.97000000 0.90196078 0.67450980 0.42745098
v -0.25750000 0.44600308 0.97401924 0.90196078 0.67450980 0.42745098
v -0.26299038 0.45551270 0.98500000 0.90196078 0.67450980 0.42745098
v -0.32264356 0.42047727 1.00000000 0.90196078 0.67450980 0.42745098
v -0.32019680 0.41728859 1.01500000 0.90196078 0.67450980 0.42745098
v -0.31351214 0.40857697 1.02598076 0.90196078 0.67450980 0.42745098
v -0.30438071 0.39667667 1.03000000 0.90196078 0.67450980 0.42745098
v -0.29524929 0.38477637 1.02598076 0.90196078 0.67450980 0.42745098
v -0.28856463 0.37606475 1.01500000 0.90196078 0.67450980 0.42745098
v -0.28611787 0.37287607 1.00000000 0.90196078 0.67450980 0.42745098
v -0.28856463 0.37606475 0.98500000 0.90196078 0.67450980 0.42745098
v -0.29524929 0.38477637 0.97401924 0.90196078 0.67450980 0.42745098
v -0.30438071 0.39667667 0.97000000 0.90196078 0.67450980 0.42745098
v -0.31351214 0.40857697 0.97401924 0.90196078 0.67450980 0.42745098
v -0.32019680 0.41728859 0.98500000 0.90196078 0.67450980 0.42745098
v -0.37476659 0.37476659 1.00000000 0.90196078 0.67450980 0.42745098
v -0.37192456 0.37192456 1.01500000 0.90196078 0.67450980 0.42745098
v -0.36415999 0.36415999 1.02598076 0.90196078 0.67450980 0.42745098
v -0.35355339 0.35355339 1.03000000 0.90196078 0.67450980 0.42745098
v -0.34294679 0.34294679 1.02598076 0.90196078 0.67450980 0.42745098
v -0.33518222 0.33518222 1.01500000 0.90196078 0.67450980 0.42745098
v -0.33234019 0.33234019 1.00000000 0.90196078 0.67450980 0.42745098
v -0.33518222 0.33518222 0.98500000 0.90196078 0.67450980 0.42745098
v -0.34294679 0.34294679 0.97401924 0.90196078 0.67450980 0.42745098
v -0.35355339 0.35355339 0.97000000 0.90196078 0.67450980 0.42745098
v -0.36415999 0.36415999 0.97401924 0.90196078 0.67450980 0.42745098
v -0.37192456 0.37192456 0.98500000 0.90196078 0.67450980 0.42745098
v -0.42047727 0.32264356 1.00000000 0.90196078 0.67450980 0.42745098
v -0.41728859 0.32019680 1.01500000 0.90196078 0.67450980 0.42745098
v -0.40857697 0.31351214 1.02598076 0.90196078 0.67450980 0.42745098
v -0.39667667 0.30438071 1.03000000 0.90196078 0.67450980 0.42745098
v -0.38477637 0.29524929 1.02598076 0.90196078 0.67450980 0.42745098
v -0.37606475 0.28856463 1.01500000 0.90196078 0.67450980 0.42745098
v -0.37287607 0.28611787 1.00000000 0.90196078 0.67450980 0.42745098
v -0.37606475 0.28856463 0.98500000 0.90196078 0.67450980 0.42745098
v -0.38477637 0.29524929 0.97401924 0.90196078 0.67450980 0.42745098
v -0.39667667 0.30438071 0.97000000 0.90196078 0.67450980 0.42745098
v -0.40857697 0.31351214 0.97401924 0.90196078 0.67450980 0.42745098
v -0.41728859 0.32019680 0.98500000 0.90196078 0.67450980 0.42745098
v -0.45899346 0.26500000 1.00000000 0.90196078 0.67450980 0.42745098
v -0.45551270 0.26299038 1.01500000 0.90196078 0.67450980 0.42745098
v -0.44600308 0.25750000 1.02598076 0.90196078 0.67450980 0.42745098
v -0.43301270 0.25000000 1.03000000 0.90196078 0.67450980 0.42745098
v -0.42002232 0.24250000 1.02598076 0.90196078 0.67450980 0.42745098
v -0.41051270 0.23700962 1.01500000 0.90196078 0.67450980 0.42745098
v -0.40703194 0.23500000 1.00000000 0.90196078 0.67450980 0.42745098
v -0.41051270 0.23700962 0.98500000 0.90196078 0.67450980 0.42745098
v -0.42002232 0.24250000 0.97401924 0.90196078 0.67450980 0.42745098
v -0.43301270 0.25000000 0.97000000 0.90196078 0.67450980 0.42745098
v -0.44600308 0.25750000 0.97401924 0.90196078 0.67450980 0.42745098
v -0.45551270 0.26299038 0.98500000 0.90196078 0.67450980 0.42745098
v -0.48965615 0.20282222 1.00000000 0.90196078 0.67450980 0.42745098
v -0.48594286 0.20128412 1.01500000 0.90196078 0.67450980 0.42745098
v -0.47579796 0.19708197 1.02598076 0.90196078 0.67450980 0.42745098
v -0.46193977 0.19134172 1.03000000 0.90196078 0.67450980 0.42745098
v -0.44808157 0.18560146 1.02598076 0.90196078 0.67450980 0.42745098
v -0.43793667 0.18139931 1.01500000 0.90196078 0.67450980 0.42745098
v -0.43422338 0.17986121 1.00000000 0.90196078 0.67450980 0.42745098
v -0.43793667 0.18139931 0.98500000 0.90196078 0.67450980 0.42745098
v -0.44808157 0.18560146 0.97401924 0.90196078 0.67450980 0.42745098
v -0.46193977 0.19134172 0.97000000 0.90196078 0.67450980 0.42745098
v -0.47579796 0.19708197 0.97401924 0.90196078 0.67450980 0.42745098
v -0.48594286 0.20128412 0.98500000 0.90196078 0.67450980 0.42745098
v -0.51194069 0.13717409 1.00000000 0.90196078 0.67450980 0.42745098
v -0.50805840 0.13613384 1.01500000 0.90196078 0.67450980 0.42745098
v -0.49745180 0.13329181 1.02598076 0.90196078 0.67450980 0.42745098
v -0.48296291 0.12940952 1.03000000 0.90196078 0.67450980 0.42745098
v -0.46847403 0.12552724 1.02598076 0.90196078 0.67450980 0.42745098
v -0.45786742 0.12268521 1.01500000 0.90196078 0.67450980 0.42745098
v -0.45398514 0.12164495 1.00000000 0.90196078 0.67450980 0.42745098
v -0.45786742 0.12268521 0.98500000 0.90196078 0.67450980 0.42745098
v -0.46847403 0.12552724 0.97401924 0.90196078 0.67450980 0.42745098
v -0.48296291 0.12940952 0.97000000 0.90196078 0.67450980 0.42745098
v -0.49745180 0.13329181 0.97401924 0.90196078 0.67450980 0.42745098
v -0.50805840 0.13613384 0.98500000 0.90196078 0.67450980 0.42745098
v -0.52546578 0.06917888 1.00000000 0.90196078 0.67450980 0.42745098
v -0.52148092 0.06865427 1.01500000 0.90196078 0.67450980 0.42745098
v -0.51059410 0.06722099 1.02598076 0.90196078 0.67450980 0.42745098
v -0.49572243 0.06526310 1.03000000 0.90196078 0.67450980 0.42745098
v -0.48085076 0.06330520 1.02598076 0.90196078 0.67450980 0.42745098
v -0.46996394 0.06187193 1.01500000 0.90196078 0.67450980 0.42745098
v -0.46597908 0.06134731 1.00000000 0.90196078 0.67450980 0.42745098
v -0.46996394 0.06187193 0.98500000 0.90196078 0.67450980 0.42745098
v -0.48085076 0.06330520 0.97401924 0.90196078 0.67450980 0.42745098
v -0.49572243 0.06526310 0.97000000 0.90196078 0.67450980 0.42745098
v -0.51059410 0.06722099 0.97401924 0.90196078 0.67450980 0.42745098
v -0.52148092 0.06865427 0.98500000 0.90196078 0.67450980 0.42745098
v -0.53000000 0.00000000 1.00000000 0.90196078 0.67450980 0.42745098
v -0.52598076 0.00000000 1.01500000 0.90196078 0.67450980 0.42745098
v -0.51500000 0.00000000 1.02598076 0.90196078 0.67450980 0.42745098
v -0.50000000 0.00000000 1.03000000 0.90196078 0.67450980 0.42745098
v -0.48500000 0.00000000 1.02598076 0.90196078 0.67450980 0.42745098
v -0.47401924 0.00000000 1.01500000 0.90196078 0.67450980 0.42745098
v -0.47000000 0.00000000 1.00000000 0.90196078 0.67450980 0.42745098
v -0.47401924 0.00000000 0.98500000 0.90196078 0.67450980 0.42745098
v -0.48500000 0.00000000 0.97401924 0.90196078 0.67450980 0.42745098
v -0.50000000 0.00000000 0.97000000 0.90196078 0.67450980 0.42745098
v -0.51500000 0.00000000 0.97401924 0.90196078 0.67450980 0.42745098
v -0.52598076 0.00000000 0.98500000 0.90196078 0.67450980 0.42745098
v -0.52546578 -0.06917888 1.00000000 0.90196078 0.67450980 0.42745098
v -0.52148092 -0.06865427 1.01500000 0.90196078 0.67450980 0.42745098
v -0.51059410 -0.06722099 1.02598076 0.90196078 0.67450980 0.42745098
v -0.49572243 -0.06526310 1.03000000 0.90196078 0.67450980 0.42745098
v -0.48085076 -0.06330520 1.02598076 0.90196078 0.67450980 0.42745098
v -0.46996394 -0.06187193 1.01500000 0.90196078 0.67450980 0.42745098
v -0.46597908 -0.06134731 1.00000000 0.90196078 0.67450980 0.42745098
v -0.46996394 -0.06187193 0.98500000 0.90196078 0.67450980 0.42745098
v -0.48085076 -0.06330520 0.97401924 0.90196078 0.67450980 0.42745098
v -0.49572243 -0.06526310 0.97000000 0.90196078 0.67450980 0.42745098
v -0.51059410 -0.06722099 0.97401924 0.90196078 0.67450980 0.42745098
v -0.52148092 -0.06865427 0.98500000 0.90196078 0.67450980 0.42745098
v -0.51194069 -0.13717409 1.00000000 0.90196078 0.67450980 0.42745098
v -0.50805840 -0.13613384 1.01500000 0.90196078 0.67450980 0.42745098
v -0.49745180 -0.13329181 1.02598076 0.90196078 0.67450980 0.42745098
v -0.48296291 -0.12940952 1.03000000 0.90196078 0.67450980 0.42745098
v -0.46847403 -0.12552724 1.02598076 0.90196078 0.67450980 0.42745098
v -0.45786742 -0.12268521 1.01500000 0.90196078 0.67450980 0.42745098
v -0.45398514 -0.12164495 1.00000000 0.90196078 0.67450980 0.42745098
v -0.45786742 -0.12268521 0.98500000 0.90196078 0.67450980 0.42745098
v -0.46847403 -0.12552724 0.97401924 0.90196078 0.67450980 0.42745098
v -0.48296291 -0.12940952 0.97000000 0.90196078 0.67450980 0.42745098
v -0.49745180 -0.13329181 0.97401924 0.90196078 0.67450980 0.42745098
v -0.50805840 -0.13613384 0.98500000 0.90196078 0.67450980 0.42745098
v -0.48965615 -0.20282222 1.00000000 0.90196078 0.67450980 0.42745098
v -0.48594286 -0.20128412 1.01500000 0.90196078 0.67450980 0.42745098
v -0.47579796 -0.19708197 1.02598076 0.90196078 0.67450980 0.42745098
v -0.46193977 -0.19134172 1.03000000 0.90196078 0.67450980 0.42745098
v -0.44808157 -0.18560146 1.02598076 0.90196078 0.67450980 0.42745098
v -0.43793667 -0.18139931 1.01500000 0.90196078 0.67450980 0.42745098
v -0.43422338 -0.17986121 1.00000000 0.90196078 0.67450980 0.42745098
v -0.43793667 -0.18139931 0.98500000 0.90196078 0.67450980 0.42745098
v -0.44808157 -0.18560146 0.97401924 0.90196078 0.67450980 0.42745098
v -0.46193977 -0.19134172 0.97000000 0.90196078 0.67450980 0.42745098
v -0.47579796 -0.19708197 0.97401924 0.90196078 0.67450980 0.42745098
v -0.48594286 -0.20128412 0.98500000 0.90196078 0.67450980 0.42745098
v -0.45899346 -0.26500000 1.00000000 0.90196078 0.67450980 0.42745098
v -0.45551270 -0.26299038 1.01500000 0.90196078 0.67450980 0.42745098
v -0.44600308 -0.25750000 1.02598076 0.90196078 0.67450980 0.42745098
v -0.43301270 -0.25000000 1.03000000 0.90196078 0.67450980 0.42745098
v -0.42002232 -0.24250000 1.02598076 0.90196078 0.67450980 0.42745098
v -0.41051270 -0.23700962 1.01500000 0.90196078 0.67450980 0.42745098
v -0.40703194 -0.23500000 1.00000000 0.90196078 0.67450980 0.42745098
v -0.41051270 -0.23700962 0.98500000 0.90196078 0.67450980 0.42745098
v -0.42002232 -0.24250000 0.97401924 0.90196078 0.67450980 0.42745098
v -0.43301270 -0.25000000 0.97000000 0.90196078 0.67450980 0.42745098
v -0.44600308 -0.25750000 0.97401924 0.90196078 0.67450980 0.42745098
v -0.45551270 -0.26299038 0.98500000 0.90196078 0.67450980 0.42745098
v -0.42047727 -0.32264356 1.00000000 0.90196078 0.67450980 0.42745098
v -0.41728859 -0.32019680 1.01500000 0.90196078 0.67450980 0.42745098
v -0.40857697 -0.31351214 1.02598076 0.90196078 0.67450980 0.42745098
v -0.39667667 -0.30438071 1.03000000 0.90196078 0.67450980 0.42745098
v -0.38477637 -0.29524929 1.02598076 0.90196078 0.67450980 0.42745098
v -0.37606475 -0.28856463 1.01500000 0.90196078 0.67450980 0.42745098
v -0.37287607 -0.28611787 1.00000000 0.90196078 0.67450980 0.42745098
v -0.37606475 -0.28856463 0.98500000 0.90196078 0.67450980 0.42745098
v -0.38477637 -0.29524929 0.97401924 0.90196078 0.67450980 0.42745098
v -0.39667667 -0.30438071 0.97000000 0.90196078 0.67450980 0.42745098
v -0.40857697 -0.31351214 0.97401924 0.90196078 0.67450980 0.42745098
v -0.41728859 -0.32019680 0.98500000 0.90196078 0.67450980 0.42745098
v -0.37476659 -0.37476659 1.00000000 0.90196078 0.67450980 0.42745098
v -0.37192456 -0.37192456 1.01500000 0.90196078 0.67450980 0.42745098
v -0.36415999 -0.36415999 1.02598076 0.90196078 0.67450980 0.42745098
v -0.35355339 -0.35355339 1.03000000 0.90196078 0.67450980 0.42745098
v -0.34294679 -0.34294679 1.02598076 0.90196078 0.67450980 0.42745098
v -0.33518222 -0.33518222 1.01500000 0.90196078 0.67450980 0.42745098
v -0.33234019 -0.33234019 1.00000000 0.90196078 0.67450980 0.42745098
v -0.33518222 -0.33518222 0.98500000 0.90196078 0.67450980 0.42745098
v -0.34294679 -0.34294679 0.97401924 0.90196078 0.67450980 0.42745098
v -0.35355339 -0.35355339 0.97000000 0.90196078 0.67450980 0.42745098
v -0.36415999 -0.36415999 0.97401924 0.90196078 0.67450980 0.42745098
v -0.37192456 -0.37192456 0.98500000 0.90196078 0.67450980 0.42745098
v -0.32264356 -0.42047727 1.00000000 0.90196078 0.67450980 0.42745098
v -0.32019680 -0.41728859 1.01500000 0.90196078 0.67450980 0.42745098
v -0.31351214 -0.40857697 1.02598076 0.90196078 0.67450980 0.42745098
v -0.30438071 -0.39667667 1.03000000 0.90196078 0.67450980 0.42745098
v -0.29524929 -0.38477637 1.02598076 0.90196078 0.67450980 0.42745098
v -0.28856463 -0.37606475 1.01500000 0.90196078 0.67450980 0.42745098
v -0.28611787 -0.37287607 1.00000000 0.90196078 0.67450980 0.42745098
v -0.28856463 -0.37606475 0.98500000 0.90196078 0.67450980 0.42745098
v -0.29524929 -0.38477637 0.97401924 0.90196078 0.67450980 0.42745098
v -0.30438071 -0.39667667 0.97000000 0.90196078 0.67450980 0.42745098
v -0.31351214 -0.40857697 0.97401924 0.90196078 0.67450980 0.42745098
v -0.32019680 -0.41728859 0.98500000 0.90196078 0.67450980 0.42745098
v -0.26500000 -0.45899346 1.00000000 0.90196078 0.67450980 0.42745098
v -0.26299038 -0.45551270 1.01500000 0.90196078 0.67450980 0.42745098
v -0.25750000 -0.44600308 1.02598076 0.90196078 0.67450980 0.42745098
v -0.25000000 -0.43301270 1.03000000 0.90196078 0.67450980 0.42745098
v -0.24250000 -0.42002232 1.02598076 0.90196078 0.67450980 0.42745098
v -0.23700962 -0.41051270 1.01500000 0.90196078 0.67450980 0.42745098
v -0.23500000 -0.40703194 1.00000000 0.90196078 0.67450980 0.42745098
v -0.23700962 -0.41051270 0.98500000 0.90196078 0.67450980 0.42745098
v -0.24250000 -0.42002232 0.97401924 0.90196078 0.67450980 0.42745098
v -0.25000000 -0.43301270 0.97000000 0.90196078 0.67450980 0.42745098
v -0.25750000 -0.44600308 0.97401924 0.90196078 0.67450980 0.42745098
v -0.26299038 -0.45551270 0.98500000 0.90196078 0.67450980 0.42745098
v -0.20282222 -0.48965615 1.00000000 0.90196078 0.67450980 0.42745098
v -0.20128412 -0.48594286 1.01500000 0.90196078 0.67450980 0.42745098
v -0.19708197 -0.47579796 1.02598076 0.90196078 0.67450980 0.42745098
v -0.19134172 -0.46193977 1.03000000 0.90196078 0.67450980 0.42745098
v -0.18560146 -0.44808157 1.02598076 0.90196078 0.67450980 0.42745098
v -0.18139931 -0.43793667 1.01500000 0.90196078 0.67450980 0.42745098
v -0.17986121 -0.43422338 1.00000000 0.90196078 0.67450980 0.42745098
v -0.18139931 -0.43793667 0.98500000 0.90196078 0.67450980 0.42745098
v -0.18560146 -0.44808157 0.97401924 0.90196078 0.67450980 0.42745098
v -0.19134172 -0.46193977 0.97000000 0.90196078 0.67450980 0.42745098
v -0.19708197 -0.47579796 0.97401924 0.90196078 0.67450980 0.42745098
v -0.20128412 -0.48594286 0.98500000 0.90196078 0.67450980 0.42745098
v -0.13717409 -0.51194069 1.00000000 0.90196078 0.67450980 0.42745098
v -0.13613384 -0.50805840 1.01500000 0.90196078 0.67450980 0.42745098
v -0.13329181 -0.49745180 1.02598076 0.90196078 0.67450980 0.42745098
v -0.12940952 -0.48296291 1.03000000 0.90196078 0.67450980 0.42745098
v -0.12552724 -0.46847403 1.02598076 0.90196078 0.67450980 0.42745098
v -0.12268521 -0.45786742 1.01500000 0.90196078 0.67450980 0.42745098
v -0.12164495 -0.45398514 1.00000000 0.90196078 0.67450980 0.42745098
v -0.12268521 -0.45786742 0.98500000 0.90196078 0.67450980 0.42745098
v -0.12552724 -0.46847403 0.97401924 0.90196078 0.67450980 0.42745098
v -0.12940952 -0.48296291 0.97000000 0.90196078 0.67450980 0.42745098
v -0.13329181 -0.49745180 0.97401924 0.90196078 0.67450980 0.42745098
v -0.13613384 -0.50805840 0.98500000 0.90196078 0.67450980 0.42745098
v -0.06917888 -0.52546578 1.00000000 0.90196078 0.67450980 0.42745098
v -0.06865427 -0.52148092 1.01500000 0.90196078 0.67450980 0.42745098
v -0.06722099 -0.51059410 1.02598076 0.90196078 0.67450980 0.42745098
v -0.06526310 -0.49572243 1.03000000 0.90196078 0.67450980 0.42745098
v -0.06330520 -0.48085076 1.02598076 0.90196078 0.67450980 0.42745098
v -0.06187193 -0.46996394 1.01500000 0.90196078 0.67450980 0.42745098
v -0.06134731 -0.46597908 1.00000000 0.90196078 0.67450980 0.42745098
v -0.06187193 -0.46996394 0.98500000 0.90196078 0.67450980 0.42745098
v -0.06330520 -0.48085076 0.97401924 0.90196078 0.67450980 0.42745098
v -0.06526310 -0.49572243 0.97000000 0.90196078 0.67450980 0.42745098
v -0.06722099 -0.51059410 0.97401924 0.90196078 0.67450980 0.42745098
v -0.06865427 -0.52148092 0.98500000 0.90196078 0.67450980 0.42745098
v -0.00000000 -0.53000000 1.00000000 0.90196078 0.67450980 0.42745098
v -0.00000000 -0.52598076 1.01500000 0.90196078 0.67450980 0.42745098
v -0.00000000 -0.51500000 1.02598076 0.90196078 0.67450980 0.42745098
v -0.00000000 -0.50000000 1.03000000 0.90196078 0.67450980 0.42745098
v -0.00000000 -0.48500000 1.02598076 0.90196078 0.67450980 0.42745098
v -0.00000000 -0.47401924 1.01500000 0.90196078 0.67450980 0.42745098
v -0.00000000 -0.47000000 1.00000000 0.90196078 0.67450980 0.42745098
v -0.00000000 -0.47401924 0.98500000 0.90196078 0.67450980 0.42745098
v -0.00000000 -0.48500000 0.97401924 0.90196078 0.67450980 0.42745098
v -0.00000000 -0.50000000 0.97000000 0.90196078 0.67450980 0.42745098
v -0.00000000 -0.51500000 0.97401924 0.90196078 0.67450980 0.42745098
v -0.00000000 -0.52598076 0.98500000 0.90196078 0.67450980 0.42745098
v 0.06917888 -0.52546578 1.00000000 0.90196078 0.67450980 0.42745098
v 0.06865427 -0.52148092 1.01500000 0.90196078 0.67450980 0.42745098
v 0.06722099 -0.51059410 1.02598076 0.90196078 0.67450980 0.42745098
v 0.06526310 -0.49572243 1.03000000 0.90196078 0.67450980 0.42745098
v 0.06330520 -0.48085076 1.02598076 0.90196078 0.67450980 0.42745098
v 0.06187193 -0.46996394 1.01500000 0.90196078 0.67450980 0.42745098
v 0.06134731 -0.46597908 1.00000000 0.90196078 0.67450980 0.42745098
v 0.06187193 -0.46996394 0.98500000 0.90196078 0.67450980 0.42745098
v 0.06330520 -0.48085076 0.97401924 0.90196078 0.67450980 0.42745098
v 0.06526310 -0.49572243 0.97000000 0.90196078 0.67450980 0.42745098
v 0.06722099 -0.51059410 0.97401924 0.90196078 0.67450980 0.42745098
v 0.06865427 -0.52148092 0.98500000 0.90196078 0.67450980 0.42745098
v 0.13717409 -0.51194069 1.00000000 0.90196078 0.67450980 0.42745098
v 0.13613384 -0.50805840 1.01500000 0.90196078 0.67450980 0.42745098
v 0.13329181 -0.49745180 1.02598076 0.90196078 0.67450980 0.42745098
v 0.12940952 -0.48296291 1.03000000 0.90196078 0.67450980 0.42745098
v 0.12552724 -0.46847403 1.02598076 0.90196078 0.67450980 0.42745098
v 0.12268521 -0.45786742 1.01500000 0.90196078 0.67450980 0.42745098
v 0.12164495 -0.45398514 1.00000000 0.90196078 0.67450980 0.42745098
v 0.12268521 -0.45786742 0.98500000 0.90196078 0.67450980 0.42745098
v 0.12552724 -0.46847403 0.97401924 0.90196078 0.67450980 0.42745098
v 0.12940952 -0.48296291 0.97000000 0.90196078 0.67450980 0.42745098
v 0.13329181 -0.49745180 0.97401924 0.90196078 0.67450980 0.42745098
v 0.13613384 -0.50805840 0.98500000 0.90196078 0.67450980 0.42745098
v 0.20282222 -0.48965615 1.00000000 0.90196078 0.67450980 0.42745098
v 0.20128412 -0.48594286 1.01500000 0.90196078 0.67450980 0.42745098
v 0.19708197 -0.47579796 1.02598076 0.90196078 0.67450980 0.42745098
v 0.19134172 -0.46193977 1.03000000 0.90196078 0.67450980 0.42745098
v 0.18560146 -0.44808157 1.02598076 0.90196078 0.67450980 0.42745098
v 0.18139931 -0.43793667 1.01500000 0.90196078 0.67450980 0.42745098
v 0.17986121 -0.43422338 1.00000000 0.90196078 0.67450980 0.42745098
v 0.18139931 -0.43793667 0.98500000 0.90196078 0.67450980 0.42745098
v 0.18560146 -0.44808157 0.97401924 0.90196078 0.67450980 0.42745098
v 0.19134172 -0.46193977 0.97000000 0.90196078 0.67450980 0.42745098
v 0.19708197 -0.47579796 0.97401924 0.90196078 0.67450980 0.42745098
v 0.20128412 -0.48594286 0.98500000 0.90196078 0.67450980 0.42745098
v 0.26500000 -0.45899346 1.00000000 0.90196078 0.67450980 0.42745098
v 0.26299038 -0.45551270 1.01500000 0.90196078 0.67450980 0.42745098
v 0.25750000 -0.44600308 1.02598076 0.90196078 0.67450980 0.42745098
v 0.25000000 -0.43301270 1.03000000 0.90196078 0.67450980 0.42745098
v 0.24250000 -0.42002232 1.02598076 0.90196078 0.67450980 0.42745098
v 0.23700962 -0.41051270 1.01500000 0.90196078 0.67450980 0.42745098
v 0.23500000 -0.40703194 1.00000000 0.90196078 0.67450980 0.42745098
v 0.23700962 -0.41051270 0.98500000 0.90196078 0.67450980 0.42745098
v 0.24250000 -0.42002232 0.97401924 0.90196078 0.67450980 0.42745098
v 0.25000000 -0.43301270 0.97000000 0.90196078 0.67450980 0.42745098
v 0.25750000 -0.44600308 0.97401924 0.90196078 0.67450980 0.42745098
v 0.26299038 -0.45551270 0.98500000 0.90196078 0.67450980 0.42745098
v 0.32264356 -0.42047727 1.00000000 0.90196078 0.67450980 0.42745098
v 0.32019680 -0.41728859 1.01500000 0.90196078 0.67450980 0.42745098
v 0.31351214 -0.40857697 1.02598076 0.90196078 0.67450980 0.42745098
v 0.30438071 -0.39667667 1.03000000 0.90196078 0.67450980 0.42745098
v 0.29524929 -0.38477637 1.02598076 0.90196078 0.67450980 0.42745098
v 0.28856463 -0.37606475 1.01500000 0.90196078 0.67450980 0.42745098
v 0.28611787 -0.37287607 1.00000000 0.90196078 0.67450980 0.42745098
v 0.28856463 -0.37606475 0.98500000 0.90196078 0.67450980 0.42745098
v 0.29524929 -0.38477637 0.97401924 0.90196078 0.67450980 0.42745098
v 0.30438071 -0.39667667 0.97000000 0.90196078 0.67450980 0.42745098
v 0.31351214 -0.40857697 0.97401924 0.90196078 0.67450980 0.42745098
v 0.32019680 -0.41728859 0.98500000 0.90196078 0.67450980 0.42745098
v 0.37476659 -0.37476659 1.00000000 0.90196078 0.67450980 0.42745098
v 0.37192456 -0.37192456 1.01500000 0.90196078 0.67450980 0.42745098
v 0.36415999 -0.36415999 1.02598076 0.90196078 0.67450980 0.42745098
v 0.35355339 -0.35355339 1.03000000 0.90196078 0.67450980 0.42745098
v 0.34294679 -0.34294679 1.02598076 0.90196078 0.67450980 0.42745098
v 0.33518222 -0.33518222 1.01500000 0.90196078 0.67450980 0.42745098
v 0.33234019 -0.33234019 1.00000000 0.90196078 0.67450980 0.42745098
v 0.33518222 -0.33518222 0.98500000 0.90196078 0.67450980 0.42745098
v 0.34294679 -0.34294679 0.97401924 0.90196078 0.67450980 0.42745098
v 0.35355339 -0.35355339 0.97000000 0.90196078 0.67450980 0.42745098
v 0.36415999 -0.36415999 0.97401924 0.90196078 0.67450980 0.42745098
v 0.37192456 -0.37192456 0.98500000 0.90196078 0.67450980 0.42745098
v 0.42047727 -0.32264356 1.00000000 0.90196078 0.67450980 0.42745098
v 0.41728859 -0.32019680 1.01500000 0.90196078 0.67450980 0.42745098
v 0.40857697 -0.31351214 1.02598076 0.90196078 0.67450980 0.42745098
v 0.39667667 -0.30438071 1.03000000 0.90196078 0.67450980 0.42745098
v 0.38477637 -0.29524929 1.02598076 0.90196078 0.67450980 0.42745098
v 0.37606475 -0.28856463 1.01500000 0.90196078 0.67450980 0.42745098
v 0.37287607 -0.28611787 1.00000000 0.90196078 0.67450980 0.42745098
v 0.37606475 -0.28856463 0.98500000 0.90196078 0.67450980 0.42745098
v 0.38477637 -0.29524929 0.97401924 0.90196078 0.67450980 0.42745098
v 0.39667667 -0.30438071 0.97000000 0.90196078 0.67450980 0.42745098
v 0.40857697 -0.31351214 0.97401924 0.90196078 0.67450980 0.42745098
v 0.41728859 -0.32019680 0.98500000 0.90196078 0.67450980 0.42745098
v 0.45899346 -0.26500000 1.00000000 0.90196078 0.67450980 0.42745098
v 0.45551270 -0.26299038 1.01500000 0.90196078 0.67450980 0.42745098
v 0.44600308 -0.25750000 1.02598076 0.90196078 0.67450980 0.42745098
v 0.43301270 -0.25000000 1.03000000 0.90196078 0.67450980 0.42745098
v 0.42002232 -0.24250000 1.02598076 0.90196078 0.67450980 0.42745098
v 0.41051270 -0.23700962 1.01500000 0.90196078 0.67450980 0.42745098
v 0.40703194 -0.23500000 1.00000000 0.90196078 0.67450980 0.42745098
v 0.41051270 -0.23700962 0.98500000 0.90196078 0.67450980 0.42745098
v 0.42002232 -0.24250000 0.97401924 0.90196078 0.67450980 0.42745098
v 0.43301270 -0.25000000 0.97000000 0.90196078 0.67450980 0.42745098
v 0.44600308 -0.25750000 0.97401924 0.90196078 0.67450980 0.42745098
v 0.45551270 -0.26299038 0.98500000 0.90196078 0.67450980 0.42745098
v 0.48965615 -0.20282222 1.00000000 0.90196078 0.67450980 0.42745098
v 0.48594286 -0.20128412 1.01500000 0.90196078 0.67450980 0.42745098
v 0.47579796 -0.19708197 1.02598076 0.90196078 0.67450980 0.42745098
v 0.46193977 -0.19134172 1.03000000 0.90196078 0.67450980 0.42745098
v 0.44808157 -0.18560146 1.02598076 0.90196078 0.67450980 0.42745098
v 0.43793667 -0.18139931 1.01500000 0.90196078 0.67450980 0.42745098
v 0.43422338 -0.17986121 1.00000000 0.90196078 0.67450980 0.42745098
v 0.43793667 -0.18139931 0.98500000 0.90196078 0.67450980 0.42745098
v 0.44808157 -0.18560146 0.97401924 0.90196078 0.67450980 0.42745098
v 0.46193977 -0.19134172 0.97000000 0.90196078 0.67450980 0.42745098
v 0.47579796 -0.19708197 0.97401924 0.90196078 0.67450980 0.42745098
v 0.48594286 -0.20128412 0.98500000 0.90196078 0.67450980 0.42745098
v 0.51194069 -0.13717409 1.00000000 0.90196078 0.67450980 0.42745098
v 0.50805840 -0.13613384 1.01500000 0.90196078 0.67450980 0.42745098
v 0.49745180 -0.13329181 1.02598076 0.90196078 0.67450980 0.42745098
v 0.48296291 -0.12940952 1.03000000 0.90196078 0.67450980 0.42745098
v 0.46847403 -0.12552724 1.02598076 0.90196078 0.67450980 0.42745098
v 0.45786742 -0.12268521 1.01500000 0.90196078 0.67450980 0.42745098
v 0.45398514 -0.12164495 1.00000000 0.90196078 0.67450980 0.42745098
v 0.45786742 -0.12268521 0.98500000 0.90196078 0.67450980 0.42745098
v 0.46847403 -0.12552724 0.97401924 0.90196078 0.67450980 0.42745098
v 0.48296291 -0.12940952 0.97000000 0.90196078 0.67450980 0.42745098
v 0.49745180 -0.13329181 0.97401924 0.90196078 0.67450980 0.42745098
v 0.50805840 -0.13613384 0.98500000 0.90196078 0.67450980 0.42745098
v 0.52546578 -0.06917888 1.00000000 0.90196078 0.67450980 0.42745098
v 0.52148092 -0.06865427 1.01500000 0.90196078 0.67450980 0.42745098
v 0.51059410 -0.06722099 1.02598076 0.90196078 0.67450980 0.42745098
v 0.49572243 -0.06526310 1.03000000 0.90196078 0.67450980 0.42745098
v 0.48085076 -0.06330520 1.02598076 0.90196078 0.67450980 0.42745098
v 0.46996394 -0.06187193 1.01500000 0.90196078 0.67450980 0.42745098
v 0.46597908 -0.06134731 1.00000000 0.90196078 0.67450980 0.42745098
v 0.46996394 -0.06187193 0.98500000 0.90196078 0.67450980 0.42745098
v 0.48085076 -0.06330520 0.97401924 0.90196078 0.67450980 0.42745098
v 0.49572243 -0.06526310 0.97000000 0.90196078 0.67450980 0.42745098
v 0.51059410 -0.06722099 0.97401924 0.90196078 0.67450980 0.42745098
v 0.52148092 -0.06865427 0.98500000 0.90196078 0.67450980 0.42745098
f 115 127 116
f 116 127 128
f 116 128 117
f 117 128 129
f 117 129 118
f 118 129 130
f 118 130 119
f 119 130 131
f 119 131 120
f 120 131 132
f 120 132 121
f 121 132 133
f 121 133 122
f 122 133 134
f 122 134 123
f 123 134 135
f 123 135 124
f 124 135 136
f 124 136 125
f 125 136 137
f 125 137 126
f 126 137 138
f 126 138 127
f 127 138 139
f 127 139 128
f 128 139 140
f 128 140 129
f 129 140 141
f 129 141 130
f 130 141 142
f 130 142 131
f 131 142 143
f 131 143 132
f 132 143 144
f 132 144 133
f 133 144 145
f 133 145 134
f 134 145 146
f 134 146 135
f 135 146 147
f 135 147 136
f 136 147 148
f 136 148 137
f 137 148 149
f 137 149 138
f 138 149 150
f 138 150 139
f 139 150 151
f 139 151 140
f 140 151 152
f 140 152 141
f 141 152 153
f 141 153 142
f 142 153 154
f 142 154 143
f 143 154 155
f 143 155 144
f 144 155 156
f 144 156 145
f 145 156 157
f 145 157 146
f 146 157 158
f 146 158 147
f 147 158 159
f 147 159 148
f 148 159 160
f 148 160 149
f 149 160 161
f 149 161 150
f 150 161 162
f 150 162 151
f 151 162 163
f 151 163 152
f 152 163 164
f 152 164 153
f 153 164 165
f 153 165 154
f 154 165 166
f 154 166 155
f 155 166 167
f 155 167 156
f 156 167 168
f 156 168 157
f 157 168 169
f 157 169 158
f 158 169 170
f 158 170 159
f 159 170 171
f 159 171 160
f 160 171 172
f 160 172 161
f 161 172 173
f 161 173 162
f 162 173 174
f 162 174 163
f 163 174 175
f 163 175 164
f 164 175 176
f 164 176 165
f 165 176 177
f 165 177 166
f 166 177 178
f 166 178 167
f 167 178 179
f 167 179 168
f 168 179 180
f 168 180 169
f 169 180 181
f 169 181 170
f 170 181 182
f 170 182 171
f 171 182 183
f 171 183 172
f 172 183 184
f 172 184 173
f 173 184 185
f 173 185 174
f 174 185 186
f 174 186 175
f 175 186 187
f 175 187 176
f 176 187 188
f 176 188 177
f 177 188 189
f 177 189 178
f 178 189 190
f 178 190 179
f 179 190 191
f 179 191 180
f 180 191 192
f 180 192 181
f 181 192 193
f 181 193 182
f 182 193 194
f 182 194 183
f 183 194 195
f 183 195 184
f 184 195 196
f 184 196 185
f 185 196 197
f 185 197 186
f 186 197 198
f 186 198 187
f 187 198 199
f 187 199 188
f 188 199 200
f 188 200 189
f 189 200 201
f 189 201 190
f 190 201 202
f 190 202 191
f 191 202 203
f 191 203 192
f 192 203 204
f 192 204 193
f 193 204 205
f 193 205 194
f 194 205 206
f 194 206 195
f 195 206 207
f 195 207 196
f 196 207 208
f 196 208 197
f 197 208 209
f 197 209 198
f 198 209 210
f 198 210 199
f 199 210 211
f 199 211 200
f 200 211 212
f 200 212 201
f 201 212 213
f 201 213 202
f 202 213 214
f 202 214 203
f 203 214 215
f 203 215 204
f 204 215 216
f 204 216 205
f 205 216 217
f 205 217 206
f 206 217 218
f 206 218 207
f 207 218 219
f 207 219 208
f 208 219 220
f 208 220 209
f 209 220 221
f 209 221 210
f 210 221 222
f 210 222 211
f 211 222 223
f 211 223 212
f 212 223 224
f 212 224 213
f 213 224 225
f 213 225 214
f 214 225 226
f 214 226 215
f 215 226 227
f 215 227 216
f 216 227 228
f 216 228 217
f 217 228 229
f 217 229 218
f 218 229 230
f 218 230 219
f 219 230 231
f 219 231 220
f 220 231 232
f 220 232 221
f 221 232 233
f 221 233 222
f 222 233 234
f 222 234 223
f 223 234 235
f 223 235 224
f 224 235 236
f 224 236 225
f 225 236 237
f 225 237 226
f 226 237 238
f 226 238 227
f 227 238 239
f 227 239 228
f 228 239 240
f 228 240 229
f 229 240 241
f 229 241 230
f 230 241 242
f 230 242 231
f 231 242 243
f 231 243 232
f 232 243 244
f 232 244 233
f 233 244 245
f 233 245 234
f 234 245 246
f 234 246 235
f 235 246 247
f 235 247 236
f 236 247 248
f 236 248 237
f 237 248 249
f 237 249 238
f 238 249 250
f 238 250 239
f 239 250 251
f 239 251 240
f 240 251 252
f 240 252 241
f 241 252 253
f 241 253 242
f 242 253 254
f 242 254 243
f 243 254 255
f 243 255 244
f 244 255 256
f 244 256 245
f 245 256 257
f 245 257 246
f 246 257 258
f 246 258 247
f 247 258 259
f 247 259 248
f 248 259 260
f 248 260 249
f 249 260 261
f 249 261 250
f 250 261 262
f 250 262 251
f 251 262 263
f 251 263 252
f 252 263 264
f 252 264 253
f 253 264 265
f 253 265 254
f 254 265 266
f 254 266 255
f 255 266 267
f 255 267 256
f 256 267 268
f 256 268 257
f 257 268 269
f 257 269 258
f 258 269 270
f 258 270 259
f 259 270 271
f 259 271 260
f 260 271 272
f 260 272 261
f 261 272 273
f 261 273 262
f 262 273 274
f 262 274 263
f 263 274 275
f 263 275 264
f 264 275 276
f 264 276 265
f 265 276 277
f 265 277 266
f 266 277 278
f 266 278 267
f 267 278 279
f 267 279 268
f 268 279 280
f 268 280 269
f 269 280 281
f 269 281 270
f 270 281 282
f 270 282 271
f 271 282 283
f 271 283 272
f 272 283 284
f 272 284 273
f 273 284 285
f 273 285 274
f 274 285 286
f 274 286 275
f 275 286 287
f 275 287 276
f 276 287 288
f 276 288 277
f 277 288 289
f 277 289 278
f 278 289 290
f 278 290 279
f 279 290 291
f 279 291 280
f 280 291 292
f 280 292 281
f 281 292 293
f 281 293 282
f 282 293 294
f 282 294 283
f 283 294 295
f 283 295 284
f 284 295 296
f 284 296 285
f 285 296 297
f 285 297 286
f 286 297 298
f 286 298 287
f 287 298 299
f 287 299 288
f 288 299 300
f 288 300 289
f 289 300 301
f 289 301 290
f 290 301 302
f 290 302 291
f 291 302 303
f 291 303 292
f 292 303 304
f 292 304 293
f 293 304 305
f 293 305 294
f 294 305 306
f 294 306 295
f 295 306 307
f 295 307 296
f 296 307 308
f 296 308 297
f 297 308 309
f 297 309 298
f 298 309 310
f 298 310 299
f 299 310 311
f 299 311 300
f 300 311 312
f 300 312 301
f 301 312 313
f 301 313 302
f 302 313 314
f 302 314 303
f 303 314 315
f 303 315 304
f 304 315 316
f 304 316 305
f 305 316 317
f 305 317 306
f 306 317 318
f 306 318 307
f 307 318 319
f 307 319 308
f 308 319 320
f 308 320 309
f 309 320 321
f 309 321 310
f 310 321 322
f 310 322 311
f 311 322 323
f 311 323 312
f 312 323 324
f 312 324 313
f 313 324 325
f 313 325 314
f 314 325 326
f 314 326 315
f 315 326 327
f 315 327 316
f 316 327 328
f 316 328 317
f 317 328 329
f 317 329 318
f 318 329 330
f 318 330 319
f 319 330 331
f 319 331 320
f 320 331 332
f 320 332 321
f 321 332 333
f 321 333 322
f 322 333 334
f 322 334 323
f 323 334 335
f 323 335 324
f 324 335 336
f 324 336 325
f 325 336 337
f 325 337 326
f 326 337 338
f 326 338 327
f 327 338 339
f 327 339 328
f 328 339 340
f 328 340 329
f 329 340 341
f 329 341 330
f 330 341 342
f 330 342 331
f 331 342 343
f 331 343 332
f 332 343 344
f 332 344 333
f 333 344 345
f 333 345 334
f 334 345 346
f 334 346 335
f 335 346 347
f 335 347 336
f 336 347 348
f 336 348 337
f 337 348 349
f 337 349 338
f 338 349 350
f 338 350 339
f 339 350 351
f 339 351 340
f 340 351 352
f 340 352 341
f 341 352 353
f 341 353 342
f 342 353 354
f 342 354 343
f 343 354 355
f 343 355 344
f 344 355 356
f 344 356 345
f 345 356 357
f 345 357 346
f 346 357 358
f 346 358 347
f 347 358 359
f 347 359 348
f 348 359 360
f 348 360 349
f 349 360 361
f 349 361 350
f 350 361 362
f 350 362 351
f 351 362 363
f 351 363 352
f 352 363 364
f 352 364 353
f 353 364 365
f 353 365 354
f 354 365 366
f 354 366 355
f 355 366 367
f 355 367 356
f 356 367 368
f 356 368 357
f 357 368 369
f 357 369 358
f 358 369 370
f 358 370 359
f 359 370 371
f 359 371 360
f 360 371 372
f 360 372 361
f 361 372 373
f 361 373 362
f 362 373 374
f 362 374 363
f 363 374 375
f 363 375 364
f 364 375 376
f 364 376 365
f 365 376 377
f 365 377 366
f 366 377 378
f 366 378 367
f 367 378 379
f 367 379 368
f 368 379 380
f 368 380 369
f 369 380 381
f 369 381 370
f 370 381 382
f 370 382 371
f 371 382 383
f 371 383 372
f 372 383 384
f 372 384 373
f 373 384 385
f 373 385 374
f 374 385 386
f 374 386 375
f 375 386 387
f 375 387 376
f 376 387 388
f 376 388 377
f 377 388 389
f 377 389 378
f 378 389 390
f 378 390 379
f 379 390 391
f 379 391 380
f 380 391 392
f 380 392 381
f 381 392 393
f 381 393 382
f 382 393 394
f 382 394 383
f 383 394 395
f 383 395 384
f 384 395 396
f 384 396 385
f 385 396 397
f 385 397 386
f 386 397 398
f 386 398 387
f 387 398 399
f 387 399 388
f 388 399 400
f 388 400 389
f 389 400 401
f 389 401 390
f 390 401 402
f 390 402 391
f 391 402 403
f 391 403 392
f 392 403 404
f 392 404 393
f 393 404 405
f 393 405 394
f 394 405 406
f 394 406 395
f 395 406 407
f 395 407 396
f 396 407 408
f 396 408 397
f 397 408 409
f 397 409 398
f 398 409 410
f 398 410 399
f 399 410 411
f 399 411 400
f 400 411 412
f 400 412 401
f 401 412 413
f 401 413 402
f 402 413 414
f 402 414 403
f 403 414 415
f 403 415 404
f 404 415 416
f 404 416 405
f 405 416 417
f 405 417 406
f 406 417 418
f 406 418 407
f 407 418 419
f 407 419 408
f 408 419 420
f 408 420 409
f 409 420 421
f 409 421 410
f 410 421 422
f 410 422 411
f 411 422 423
f 411 423 412
f 412 423 424
f 412 424 413
f 413 424 425
f 413 425 414
f 414 425 426
f 414 426 415
f 415 426 427
f 415 427 416
f 416 427 428
f 416 428 417
f 417 428 429
f 417 429 418
f 418 429 430
f 418 430 419
f 419 430 431
f 419 431 420
f 420 431 432
f 420 432 421
f 421 432 433
f 421 433 422
f 422 433 434
f 422 434 423
f 423 434 435
f 423 435 424
f 424 435 436
f 424 436 425
f 425 436 437
f 425 437 426
f 426 437 438
f 426 438 427
f 427 438 439
f 427 439 428
f 428 439 440
f 428 440 429
f 429 440 441
f 429 441 430
f 430 441 442
f 430 442 431
f 431 442 443
f 431 443 432
f 432 443 444
f 432 444 433
f 433 444 445
f 433 445 434
f 434 445 446
f 434 446 435
f 435 446 447
f 435 447 436
f 436 447 448
f 436 448 437
f 437 448 449
f 437 449 438
f 438 449 450
f 438 450 439
f 439 450 451
f 439 451 440
f 440 451 452
f 440 452 441
f 441 452 453
f 441 453 442
f 442 453 454
f 442 454 443
f 443 454 455
f 443 455 444
f 444 455 456
f 444 456 445
f 445 456 457
f 445 457 446
f 446 457 458
f 446 458 447
f 447 458 459
f 447 459 448
f 448 459 460
f 448 460 449
f 449 460 461
f 449 461 450
f 450 461 462
f 450 462 451
f 451 462 463
f 451 463 452
f 452 463 464
f 452 464 453
f 453 464 465
f 453 465 454
f 454 465 466
f 454 466 455
f 455 466 467
f 455 467 456
f 456 467 468
f 456 468 457
f 457 468 469
f 457 469 458
f 458 469 470
f 458 470 459
f 459 470 471
f 459 471 460
f 460 471 472
f 460 472 461
f 461 472 473
f 461 473 462
f 462 473 474
f 462 474 463
f 463 474 475
f 463 475 464
f 464 475 476
f 464 476 465
f 465 476 477
f 465 477 466
f 466 477 478
f 466 478 467
f 467 478 479
f 467 479 468
f 468 479 480
f 468 480 469
f 469 480 481
f 469 481 470
f 470 481 482
f 470 482 471
f 471 482 483
f 471 483 472
f 472 483 484
f 472 484 473
f 473 484 485
f 473 485 474
f 474 485 486
f 474 486 475
f 475 486 487
f 475 487 476
f 476 487 488
f 476 488 477
f 477 488 489
f 477 489 478
f 478 489 490
f 478 490 479
f 479 490 491
f 479 491 480
f 480 491 492
f 480 492 481
f 481 492 493
f 481 493 482
f 482 493 494
f 482 494 483
f 483 494 495
f 483 495 484
f 484 495 496
f 484 496 485
f 485 496 497
f 485 497 486
f 486 497 498
f 486 498 487
f 487 498 499
f 487 499 488
f 488 499 500
f 488 500 489
f 489 500 501
f 489 501 490
f 490 501 502
f 490 502 491
f 491 502 503
f 491 503 492
f 492 503 504
f 492 504 493
f 493 504 505
f 493 505 494
f 494 505 506
f 494 506 495
f 495 506 507
f 495 507 496
f 496 507 508
f 496 508 497
f 497 508 509
f 497 509 498
f 498 509 510
f 498 510 499
f 499 510 511
f 499 511 500
f 500 511 512
f 500 512 501
f 501 512 513
f 501 513 502
f 502 513 514
f 502 514 503
f 503 514 515
f 503 515 504
f 504 515 516
f 504 516 505
f 505 516 517
f 505 517 506
f 506 517 518
f 506 518 507
f 507 518 519
f 507 519 508
f 508 519 520
f 508 520 509
f 509 520 521
f 509 521 510
f 510 521 522
f 510 522 511
f 511 522 523
f 511 523 512
f 512 523 524
f 512 524 513
f 513 524 525
f 513 525 514
f 514 525 526
f 514 526 515
f 515 526 527
f 515 527 516
f 516 527 528
f 516 528 517
f 517 528 529
f 517 529 518
f 518 529 530
f 518 530 519
f 519 530 531
f 519 531 520
f 520 531 532
f 520 532 521
f 521 532 533
f 521 533 522
f 522 533 534
f 522 534 523
f 523 534 535
f 523 535 524
f 524 535 536
f 524 536 525
f 525 536 537
f 525 537 526
f 526 537 538
f 526 538 527
f 527 538 539
f 527 539 528
f 528 539 540
f 528 540 529
f 529 540 541
f 529 541 530
f 530 541 542
f 530 542 531
f 531 542 543
f 531 543 532
f 532 543 544
f 532 544 533
f 533 544 545
f 533 545 534
f 534 545 546
f 534 546 535
f 535 546 547
f 535 547 536
f 536 547 548
f 536 548 537
f 537 548 549
f 537 549 538
f 538 549 550
f 538 550 539
f 539 550 551
f 539 551 540
f 540 551 552
f 540 552 541
f 541 552 553
f 541 553 542
f 542 553 554
f 542 554 543
f 543 554 555
f 543 555 544
f 544 555 556
f 544 556 545
f 545 556 557
f 545 557 546
f 546 557 558
f 546 558 547
f 547 558 559
f 547 559 548
f 548 559 560
f 548 560 549
f 549 560 561
f 549 561 550
f 550 561 562
f 550 562 551
f 551 562 563
f 551 563 552
f 552 563 564
f 552 564 553
f 553 564 565
f 553 565 554
f 554 565 566
f 554 566 555
f 555 566 567
f 555 567 556
f 556 567 568
f 556 568 557
f 557 568 569
f 557 569 558
f 558 569 570
f 558 570 559
f 559 570 571
f 559 571 560
f 560 571 572
f 560 572 561
f 561 572 573
f 561 573 562
f 562 573 574
f 562 574 563
f 563 574 575
f 563 575 564
f 564 575 576
f 564 576 565
f 565 576 577
f 565 577 566
f 566 577 578
f 566 578 567
f 567 578 579
f 567 579 568
f 568 579 580
f 568 580 569
f 569 580 581
f 569 581 570
f 570 581 582
f 570 582 571
f 571 582 583
f 571 583 572
f 572 583 584
f 572 584 573
f 573 584 585
f 573 585 574
f 574 585 586
f 574 586 575
f 575 586 587
f 575 587 576
f 576 587 588
f 576 588 577
f 577 588 589
f 577 589 578
f 578 589 590
f 578 590 579
f 579 590 591
f 579 591 580
f 580 591 592
f 580 592 581
f 581 592 593
f 581 593 582
f 582 593 594
f 582 594 583
f 583 594 595
f 583 595 584
f 584 595 596
f 584 596 585
f 585 596 597
f 585 597 586
f 586 597 598
f 586 598 587
f 587 598 599
f 587 599 588
f 588 599 600
f 588 600 589
f 589 600 601
f 589 601 590
f 590 601 602
f 590 602 591
f 591 602 603
f 591 603 592
f 592 603 604
f 592 604 593
f 593 604 605
f 593 605 594
f 594 605 606
f 594 606 595
f 595 606 607
f 595 607 596
f 596 607 608
f 596 608 597
f 597 608 609
f 597 609 598
f 598 609 610
f 598 610 599
f 599 610 611
f 599 611 600
f 600 611 612
f 600 612 601
f 601 612 613
f 601 613 602
f 602 613 614
f 602 614 603
f 603 614 615
f 603 615 604
f 604 615 616
f 604 616 605
f 605 616 617
f 605 617 606
f 606 617 618
f 606 618 607
f 607 618 619
f 607 619 608
f 608 619 620
f 608 620 609
f 609 620 621
f 609 621 610
f 610 621 622
f 610 622 611
f 611 622 623
f 611 623 612
f 612 623 624
f 612 624 613
f 613 624 625
f 613 625 614
f 614 625 626
f 614 626 615
f 615 626 627
f 615 627 616
f 616 627 628
f 616 628 617
f 617 628 629
f 617 629 618
f 618 629 630
f 618 630 619
f 619 630 631
f 619 631 620
f 620 631 632
f 620 632 621
f 621 632 633
f 621 633 622
f 622 633 634
f 622 634 623
f 623 634 635
f 623 635 624
f 624 635 636
f 624 636 625
f 625 636 637
f 625 637 626
f 626 637 638
f 626 638 627
f 627 638 639
f 627 639 628
f 628 639 640
f 628 640 629
f 629 640 641
f 629 641 630
f 630 641 642
f 630 642 631
f 631 642 643
f 631 643 632
f 632 643 644
f 632 644 633
f 633 644 645
f 633 645 634
f 634 645 646
f 634 646 635
f 635 646 647
f 635 647 636
f 636 647 648
f 636 648 637
f 637 648 649
f 637 649 638
f 638 649 650
f 638 650 639
f 639 650 651
f 639 651 640
f 640 651 652
f 640 652 641
f 641 652 653
f 641 653 642
f 642 653 654
f 642 654 643
f 643 654 655
f 643 655 644
f 644 655 656
f 644 656 645
f 645 656 657
f 645 657 646
f 646 657 658
f 646 658 647
f 647 658 659
f 647 659 648
f 648 659 660
f 648 660 649
f 649 660 661
f 649 661 650
f 650 661 662
f 650 662 651
f 651 662 663
f 651 663 652
f 652 663 664
f 652 664 653
f 653 664 665
f 653 665 654
f 654 665 666
f 654 666 655
f 655 666 667
f 655 667 656
f 656 667 668
f 656 668 657
f 657 668 669
f 657 669 658
f 658 669 670
f 658 670 659
f 659 670 671
f 659 671 660
f 660 671 672
f 660 672 661
f 661 672 673
f 661 673 662
f 662 673 674
f 662 674 663
f 663 674 675
f 663 675 664
f 664 675 676
f 664 676 665
f 665 676 677
f 665 677 666
f 666 677 678
f 666 678 667
f 667 678 679
f 667 679 668
f 668 679 680
f 668 680 669
f 669 680 681
f 669 681 670
f 670 681 682
f 670 682 671
f 671 682 683
f 671 683 672
f 672 683 684
f 672 684 673
f 673 684 685
f 673 685 674
f 674 685 686
f 674 686 675
f 675 686 687
f 675 687 676
f 676 687 688
f 676 688 677
f 677 688 689
f 677 689 678
f 678 689 690
f 678 690 679
f 679 690 115
f 679 115 680
f 680 115 116
f 680 116 681
f 681 116 117
f 681 117 682
f 682 117 118
f 682 118 683
f 683 118 119
f 683 119 684
f 684 119 120
f 684 120 685
f 685 120 121
f 685 121 686
f 686 121 122
f 686 122 687
f 687 122 123
f 687 123 688
f 688 123 124
f 688 124 689
f 689 124 125
f 689 125 690
f 690 125 126
f 690 126 115
f 115 126 127

o cap_aft_2
v 0.53000000 0.00000000 -1.00000000 0.90196078 0.67450980 0.42745098
v 0.52598076 0.00000000 -0.98500000 0.90196078 0.67450980 0.42745098
v 0.51500000 0.00000000 -0.97401924 0.90196078 0.67450980 0.42745098
v 0.50000000 0.00000000 -0.97000000 0.90196078 0.67450980 0.42745098
v 0.48500000 0.00000000 -0.97401924 0.90196078 0.67450980 0.42745098
v 0.47401924 0.00000000 -0.98500000 0.90196078 0.67450980 0.42745098
v 0.47000000 0.00000000 -1.00000000 0.90196078 0.67450980 0.42745098
v 0.47401924 0.00000000 -1.01500000 0.90196078 0.67450980 0.42745098
v 0.48500000 0.00000000 -1.02598076 0.90196078 0.67450980 0.42745098
v 0.50000000 0.00000000 -1.03000000 0.90196078 0.67450980 0.42745098
v 0.51500000 0.00000000 -1.02598076 0.90196078 0.67450980 0.42745098
v 0.52598076 0.00000000 -1.01500000 0.90196078 0.67450980 0.42745098
v 0.52546578 0.06917888 -1.00000000 0.90196078 0.67450980 0.42745098
v 0.52148092 0.06865427 -0.98500000 0.90196078 0.67450980 0.42745098
v 0.51059410 0.06722099 -0.97401924 0.90196078 0.67450980 0.42745098
v 0.49572243 0.06526310 -0.97000000 0.90196078 0.67450980 0.42745098
v 0.48085076 0.06330520 -0.97401924 0.90196078 0.67450980 0.42745098
v 0.46996394 0.06187193 -0.98500000 0.90196078 0.67450980 0.42745098
v 0.46597908 0.06134731 -1.00000000 0.90196078 0.67450980 0.42745098
v 0.46996394 0.06187193 -1.01500000 0.90196078 0.67450980 0.42745098
v 0.48085076 0.06330520 -1.02598076 0.90196078 0.67450980 0.42745098
v 0.49572243 0.06526310 -1.03000000 0.90196078 0.67450980 0.42745098
v 0.51059410 0.06722099 -1.02598076 0.90196078 0.67450980 0.42745098
v 0.52148092 0.06865427 -1.01500000 0.90196078 0.67450980 0.42745098
v 0.51194069 0.13717409 -1.00000000 0.90196078 0.67450980 0.42745098
v 0.50805840 0.13613384 -0.98500000 0.90196078 0.67450980 0.42745098
v 0.49745180 0.13329181 -0.97401924 0.90196078 0.67450980 0.42745098
v 0.48296291 0.12940952 -0.97000000 0.90196078 0.67450980 0.42745098
v 0.46847403 0.12552724 -0.97401924 0.90196078 0.67450980 0.42745098
v 0.45786742 0.12268521 -0.98500000 0.90196078 0.67450980 0.42745098
v 0.45398514 0.12164495 -1.00000000 0.90196078 0.67450980 0.42745098
v 0.45786742 0.12268521 -1.01500000 0.90196078 0.67450980 0.42745098
v 0.46847403 0.12552724 -1.02598076 0.90196078 0.67450980 0.42745098
v 0.48296291 0.12940952 -1.03000000 0.90196078 0.67450980 0.42745098
v 0.49745180 0.13329181 -1.02598076 0.90196078 0.67450980 0.42745098
v 0.50805840 0.13613384 -1.01500000 0.90196078 0.67450980 0.42745098
v 0.48965615 0.20282222 -1.00000000 0.90196078 0.67450980 0.42745098
v 0.48594286 0.20128412 -0.98500000 0.90196078 0.67450980 0.42745098
v 0.47579796 0.19708197 -0.97401924 0.90196078 0.67450980 0.42745098
v 0.46193977 0.19134172 -0.97000000 0.90196078 0.67450980 0.42745098
v 0.44808157 0.18560146 -0.97401924 0.90196078 0.67450980 0.42745098
v 0.43793667 0.18139931 -0.98500000 0.90196078 0.67450980 0.42745098
v 0.43422338 0.17986121 -1.00000000 0.90196078 0.67450980 0.42745098
v 0.43793667 0.18139931 -1.01500000 0.90196078 0.67450980 0.42745098
v 0.44808157 0.18560146 -1.02598076 0.90196078 0.67450980 0.42745098
v 0.46193977 0.19134172 -1.03000000 0.90196078 0.67450980 0.42745098
v 0.47579796 0.19708197 -1.02598076 0.90196078 0.67450980 0.42745098
v 0.48594286 0.20128412 -1.01500000 0.90196078 0.67450980 0.42745098
v 0.45899346 0.26500000 -1.00000000 0.90196078 0.67450980 0.42745098
v 0.45551270 0.26299038 -0.98500000 0.90196078 0.67450980 0.42745098
v 0.44600308 0.25750000 -0.97401924 0.90196078 0.67450980 0.42745098
v 0.43301270 0.25000000 -0.97000000 0.90196078 0.67450980 0.42745098
v 0.42002232 0.24250000 -0.97401924 0.90196078 0.67450980 0.42745098
v 0.41051270 0.23700962 -0.98500000 0.90196078 0.67450980 0.42745098
v 0.40703194 0.23500000 -1.00000000 0.90196078 0.67450980 0.42745098
v 0.41051270 0.23700962 -1.01500000 0.90196078 0.67450980 0.42745098
v 0.42002232 0.24250000 -1.02598076 0.90196078 0.67450980 0.42745098
v 0.43301270 0.25000000 -1.03000000 0.90196078 0.67450980 0.42745098
v 0.44600308 0.25750000 -1.02598076 0.90196078 0.67450980 0.42745098
v 0.45551270 0.26299038 -1.01500000 0.90196078 0.67450980 0.42745098
v 0.42047727 0.32264356 -1.00000000 0.90196078 0.67450980 0.42745098
v 0.41728859 0.32019680 -0.98500000 0.90196078 0.67450980 0.42745098
v 0.40857697 0.31351214 -0.97401924 0.90196078 0.67450980 0.42745098
v 0.39667667 0.30438071 -0.97000000 0.90196078 0.67450980 0.42745098
v 0.38477637 0.29524929 -0.97401924 0.90196078 0.67450980 0.42745098
v 0.37606475 0.28856463 -0.98500000 0.90196078 0.67450980 0.42745098
v 0.37287607 0.28611787 -1.00000000 0.90196078 0.67450980 0.42745098
v 0.37606475 0.28856463 -1.01500000 0.90196078 0.67450980 0.42745098
v 0.38477637 0.29524929 -1.02598076 0.90196078 0.67450980 0.42745098
v 0.39667667 0.30438071 -1.03000000 0.90196078 0.67450980 0.42745098
v 0.40857697 0.31351214 -1.02598076 0.90196078 0.67450980 0.42745098
v 0.41728859 0.32019680 -1.01500000 0.90196078 0.67450980 0.42745098
v 0.37476659 0.37476659 -1.00000000 0.90196078 0.67450980 0.42745098
v 0.37192456 0.37192456 -0.98500000 0.90196078 0.67450980 0.42745098
v 0.36415999 0.36415999 -0.97401924 0.90196078 0.67450980 0.42745098
v 0.35355339 0.35355339 -0.97000000 0.90196078 0.67450980 0.42745098
v 0.34294679 0.34294679 -0.97401924 0.90196078 0.67450980 0.42745098
v 0.33518222 0.33518222 -0.98500000 0.90196078 0.67450980 0.42745098
v 0.33234019 0.33234019 -1.00000000 0.90196078 0.67450980 0.42745098
v 0.33518222 0.33518222 -1.01500000 0.90196078 0.67450980 0.42745098
v 0.34294679 0.34294679 -1.02598076 0.90196078 0.67450980 0.42745098
v 0.35355339 0.35355339 -1.03000000 0.90196078 0.67450980 0.42745098
v 0.36415999 0.36415999 -1.02598076 0.90196078 0.67450980 0.42745098
v 0.37192456 0.37192456 -1.01500000 0.90196078 0.67450980 0.42745098
v 0.32264356 0.42047727 -1.00000000 0.90196078 0.67450980 0.42745098
v 0.32019680 0.41728859 -0.98500000 0.90196078 0.67450980 0.42745098
v 0.31351214 0.40857697 -0.97401924 0.90196078 0.67450980 0.42745098
v 0.30438071 0.39667667 -0.97000000 0.90196078 0.67450980 0.42745098
v 0.29524929 0.38477637 -0.97401924 0.90196078 0.67450980 0.42745098
v 0.28856463 0.37606475 -0.98500000 0.90196078 0.67450980 0.42745098
v 0.28611787 0.37287607 -1.00000000 0.90196078 0.67450980 0.42745098
v 0.28856463 0.37606475 -1.01500000 0.90196078 0.67450980 0.42745098
v 0.29524929 0.38477637 -1.02598076 0.90196078 0.67450980 0.42745098
v 0.30438071 0.39667667 -1.03000000 0.90196078 0.67450980 0.42745098
v 0.31351214 0.40857697 -1.02598076 0.90196078 0.67450980 0.42745098
v 0.32019680 0.41728859 -1.01500000 0.90196078 0.67450980 0.42745098
v 0.26500000 0.45899346 -1.00000000 0.90196078 0.67450980 0.42745098
v 0.26299038 0.45551270 -0.98500000 0.90196078 0.67450980 0.42745098
v 0.25750000 0.44600308 -0.97401924 0.90196078 0.67450980 0.42745098
v 0.25000000 0.43301270 -0.97000000 0.90196078 0.67450980 0.42745098
v 0.24250000 0.42002232 -0.97401924 0.90196078 0.67450980 0.42745098
v 0.23700962 0.41051270 -0.98500000 0.90196078 0.67450980 0.42745098
v 0.23500000 0.40703194 -1.00000000 0.90196078 0.67450980 0.42745098
v 0.23700962 0.41051270 -1.01500000 0.90196078 0.67450980 0.42745098
v 0.24250000 0.42002232 -1.02598076 0.90196078 0.67450980 0.42745098
v 0.25000000 0.43301270 -1.03000000 0.90196078 0.67450980 0.42745098
v 0.25750000 0.44600308 -1.02598076 0.90196078 0.67450980 0.42745098
v 0.26299038 0.45551270 -1.01500000 0.90196078 0.67450980 0.42745098
v 0.20282222 0.48965615 -1.00000000 0.90196078 0.67450980 0.42745098
v 0.20128412 0.48594286 -0.98500000 0.90196078 0.67450980 0.42745098
v 0.19708197 0.47579796 -0.97401924 0.90196078 0.67450980 0.42745098
v 0.19134172 0.46193977 -0.97000000 0.90196078 0.67450980 0.42745098
v 0.18560146 0.44808157 -0.97401924 0.90196078 0.67450980 0.42745098
v 0.18139931 0.43793667 -0.98500000 0.90196078 0.67450980 0.42745098
v 0.17986121 0.43422338 -1.00000000 0.90196078 0.67450980 0.42745098
v 0.18139931 0.43793667 -1.01500000 0.90196078 0.67450980 0.42745098
v 0.18560146 0.44808157 -1.02598076 0.90196078 0.67450980 0.42745098
v 0.19134172 0.46193977 -1.03000000 0.90196078 0.67450980 0.42745098
v 0.19708197 0.47579796 -1.02598076 0.90196078 0.67450980 0.42745098
v 0.20128412 0.48594286 -1.01500000 0.90196078 0.67450980 0.42745098
v 0.13717409 0.51194069 -1.00000000 0.90196078 0.67450980 0.42745098
v 0.13613384 0.50805840 -0.98500000 0.90196078 0.67450980 0.42745098
v 0.13329181 0.49745180 -0.97401924 0.90196078 0.67450980 0.42745098
v 0.12940952 0.48296291 -0.97000000 0.90196078 0.67450980 0.42745098
v 0.12552724 0.46847403 -0.97401924 0.90196078 0.67450980 0.42745098
v 0.12268521 0.45786742 -0.98500000 0.90196078 0.67450980 0.42745098
v 0.12164495 0.45398514 -1.00000000 0.90196078 0.67450980 0.42745098
v 0.12268521 0.45786742 -1.01500000 0.90196078 0.67450980 0.42745098
v 0.12552724 0.46847403 -1.02598076 0.90196078 0.67450980 0.42745098
v 0.12940952 0.48296291 -1.03000000 0.90196078 0.67450980 0.42745098
v 0.13329181 0.49745180 -1.02598076 0.90196078 0.67450980 0.42745098
v 0.13613384 0.50805840 -1.01500000 0.90196078 0.67450980 0.42745098
v 0.06917888 0.52546578 -1.00000000 0.90196078 0.67450980 0.42745098
v 0.06865427 0.52148092 -0.98500000 0.90196078 0.67450980 0.42745098
v 0.06722099 0.51059410 -0.97401924 0.90196078 0.67450980 0.42745098
v 0.06526310 0.49572243 -0.97000000 0.90196078 0.67450980 0.42745098
v 0.06330520 0.48085076 -0.97401924 0.90196078 0.67450980 0.42745098
v 0.06187193 0.46996394 -0.98500000 0.90196078 0.67450980 0.42745098
v 0.06134731 0.46597908 -1.00000000 0.90196078 0.67450980 0.42745098
v 0.06187193 0.46996394 -1.01500000 0.90196078 0.67450980 0.42745098
v 0.06330520 0.48085076 -1.02598076 0.90196078 0.67450980 0.42745098
v 0.06526310 0.49572243 -1.03000000 0.90196078 0.67450980 0.42745098
v 0.06722099 0.51059410 -1.02598076 0.90196078 0.67450980 0.42745098
v 0.06865427 0.52148092 -1.01500000 0.90196078 0.67450980 0.42745098
v 0.00000000 0.53000000 -1.00000000 0.90196078 0.67450980 0.42745098
v 0.00000000 0.52598076 -0.98500000 0.90196078 0.67450980 0.42745098
v 0.00000000 0.51500000 -0.97401924 0.90196078 0.67450980 0.42745098
v 0.00000000 0.50000000 -0.97000000 0.90196078 0.67450980 0.42745098
v 0.00000000 0.48500000 -0.97401924 0.90196078 0.67450980 0.42745098
v 0.00000000 0.47401924 -0.98500000 0.90196078 0.67450980 0.42745098
v 0.00000000 0.47000000 -1.00000000 0.90196078 0.67450980 0.42745098
v 0.00000000 0.47401924 -1.01500000 0.90196078 0.67450980 0.42745098
v 0.00000000 0.48500000 -1.02598076 0.90196078 0.67450980 0.42745098
v 0.00000000 0.50000000 -1.03000000 0.90196078 0.67450980 0.42745098
v 0.00000000 0.51500000 -1.02598076 0.90196078 0.67450980 0.42745098
v 0.00000000 0.52598076 -1.01500000 0.90196078 0.67450980 0.42745098
v -0.06917888 0.52546578 -1.00000000 0.90196078 0.67450980 0.42745098
v -0.06865427 0.52148092 -0.98500000 0.90196078 0.67450980 0.42745098
v -0.06722099 0.51059410 -0.97401924 0.90196078 0.67450980 0.42745098
v -0.06526310 0.49572243 -0.97000000 0.90196078 0.67450980 0.42745098
v -0.06330520 0.48085076 -0.97401924 0.90196078 0.67450980 0.42745098
v -0.06187193 0.46996394 -0.98500000 0.90196078 0.67450980 0.42745098
v -0.06134731 0.46597908 -1.00000000 0.90196078 0.67450980 0.42745098
v -0.06187193 0.46996394 -1.01500000 0.90196078 0.67450980 0.42745098
v -0.06330520 0.48085076 -1.02598076 0.90196078 0.67450980 0.42745098
v -0.06526310 0.49572243 -1.03000000 0.90196078 0.67450980 0.42745098
v -0.06722099 0.51059410 -1.02598076 0.90196078 0.67450980 0.42745098
v -0.06865427 0.52148092 -1.01500000 0.90196078 0.67450980 0.42745098
v -0.13717409 0.51194069 -1.00000000 0.90196078 0.67450980 0.42745098
v -0.13613384 0.50805840 -0.98500000 0.90196078 0.67450980 0.42745098
v -0.13329181 0.49745180 -0.97401924 0.90196078 0.67450980 0.42745098
v -0.12940952 0.48296291 -0.97000000 0.90196078 0.67450980 0.42745098
v -0.12552724 0.46847403 -0.97401924 0.90196078 0.67450980 0.42745098
v -0.12268521 0.45786742 -0.98500000 0.90196078 0.67450980 0.42745098
v -0.12164495 0.45398514 -1.00000000 0.90196078 0.67450980 0.42745098
v -0.12268521 0.45786742 -1.01500000 0.90196078 0.67450980 0.42745098
v -0.12552724 0.46847403 -1.02598076 0.90196078 0.67450980 0.42745098
v -0.12940952 0.48296291 -1.03000000 0.90196078 0.67450980 0.42745098
v -0.13329181 0.49745180 -1.02598076 0.90196078 0.67450980 0.42745098
v -0.13613384 0.50805840 -1.01500000 0.90196078 0.67450980 0.42745098
v -0.20282222 0.48965615 -1.00000000 0.90196078 0.67450980 0.42745098
v -0.20128412 0.48594286 -0.98500000 0.90196078 0.67450980 0.42745098
v -0.19708197 0.47579796 -0.97401924 0.90196078 0.67450980 0.42745098
v -0.19134172 0.46193977 -0.97000000 0.90196078 0.67450980 0.42745098
v -0.18560146 0.44808157 -0.97401924 0.90196078 0.67450980 0.42745098
v -0.18139931 0.43793667 -0.98500000 0.90196078 0.67450980 0.42745098
v -0.17986121 0.43422338 -1.00000000 0.90196078 0.67450980 0.42745098
v -0.18139931 0.43793667 -1.01500000 0.90196078 0.67450980 0.42745098
v -0.18560146 0.44808157 -1.02598076 0.90196078 0.67450980 0.42745098
v -0.19134172 0.46193977 -1.03000000 0.90196078 0.67450980 0.42745098
v -0.19708197 0.47579796 -1.02598076 0.90196078 0.67450980 0.42745098
v -0.20128412 0.48594286 -1.01500000 0.90196078 0.67450980 0.42745098
v -0.26500000 0.45899346 -1.00000000 0.90196078 0.67450980 0.42745098
v -0.26299038 0.45551270 -0.98500000 0.90196078 0.67450980 0.42745098
v -0.25750000 0.44600308 -0.97401924 0.90196078 0.67450980 0.42745098
v -0.25000000 0.43301270 -0.97000000 0.90196078 0.67450980 0.42745098
v -0.24250000 0.42002232 -0.97401924 0.90196078 0.67450980 0.42745098
v -0.23700962 0.41051270 -0.98500000 0.90196078 0.67450980 0.42745098
v -0.23500000 0.40703194 -1.00000000 0.90196078 0.67450980 0.42745098
v -0.23700962 0.41051270 -1.01500000 0.90196078 0.67450980 0.42745098
v -0.24250000 0.42002232 -1.02598076 0.90196078 0.67450980 0.42745098
v -0.25000000 0.43301270 -1.03000000 0.90196078 0.67450980 0.42745098
v -0.25750000 0.44600308 -1.02598076 0.90196078 0.67450980 0.42745098
v -0.26299038 0.45551270 -1.01500000 0.90196078 0.67450980 0.42745098
v -0.32264356 0.42047727 -1.00000000 0.90196078 0.67450980 0.42745098
v -0.32019680 0.41728859 -0.98500000 0.90196078 0.67450980 0.42745098
v -0.31351214 0.40857697 -0.97401924 0.90196078 0.67450980 0.42745098
v -0.30438071 0.39667667 -0.97000000 0.90196078 0.67450980 0.42745098
v -0.29524929 0.38477637 -0.97401924 0.90196078 0.67450980 0.42745098
v -0.28856463 0.37606475 -0.98500000 0.90196078 0.67450980 0.42745098
v -0.28611787 0.37287607 -1.00000000 0.90196078 0.67450980 0.42745098
v -0.28856463 0.37606475 -1.01500000 0.90196078 0.67450980 0.42745098
v -0.29524929 0.38477637 -1.02598076 0.90196078 0.67450980 0.42745098
v -0.30438071 0.39667667 -1.03000000 0.90196078 0.67450980 0.42745098
v -0.31351214 0.40857697 -1.02598076 0.90196078 0.67450980 0.42745098
v -0.32019680 0.41728859 -1.01500000 0.90196078 0.67450980 0.42745098
v -0.37476659 0.37476659 -1.00000000 0.90196078 0.67450980 0.42745098
v -0.37192456 0.37192456 -0.98500000 0.90196078 0.67450980 0.42745098
v -0.36415999 0.36415999 -0.97401924 0.90196078 0.67450980 0.42745098
v -0.35355339 0.35355339 -0.97000000 0.90196078 0.67450980 0.42745098
v -0.34294679 0.34294679 -0.97401924 0.90196078 0.67450980 0.42745098
v -0.33518222 0.33518222 -0.98500000 0.90196078 0.67450980 0.42745098
v -0.33234019 0.33234019 -1.00000000 0.90196078 0.67450980 0.42745098
v -0.33518222 0.33518222 -1.01500000 0.90196078 0.67450980 0.42745098
v -0.34294679 0.34294679 -1.02598076 0.90196078 0.67450980 0.42745098
v -0.35355339 0.35355339 -1.03000000 0.90196078 0.67450980 0.42745098
v -0.36415999 0.36415999 -1.02598076 0.90196078 0.67450980 0.42745098
v -0.37192456 0.37192456 -1.01500000 0.90196078 0.67450980 0.42745098
v -0.42047727 0.32264356 -1.00000000 0.90196078 0.67450980 0.42745098
v -0.41728859 0.32019680 -0.98500000 0.90196078 0.67450980 0.42745098
v -0.40857697 0.31351214 -0.97401924 0.90196078 0.67450980 0.42745098
v -0.39667667 0.30438071 -0.97000000 0.90196078 0.67450980 0.42745098
v -0.38477637 0.29524929 -0.97401924 0.90196078 0.67450980 0.42745098
v -0.37606475 0.28856463 -0.98500000 0.90196078 0.67450980 0.42745098
v -0.37287607 0.28611787 -1.00000000 0.90196078 0.67450980 0.42745098
v -0.37606475 0.28856463 -1.01500000 0.90196078 0.67450980 0.42745098
v -0.38477637 0.29524929 -1.02598076 0.90196078 0.67450980 0.42745098
v -0.39667667 0.30438071 -1.03000000 0.90196078 0.67450980 0.42745098
v -0.40857697 0.31351214 -1.02598076 0.90196078 0.67450980 0.42745098
v -0.41728859 0.32019680 -1.01500000 0.90196078 0.67450980 0.42745098
v -0.45899346 0.26500000 -1.00000000 0.90196078 0.67450980 0.42745098
v -0.45551270 0.26299038 -0.98500000 0.90196078 0.67450980 0.42745098
v -0.44600308 0.25750000 -0.97401924 0.90196078 0.67450980 0.42745098
v -0.43301270 0.25000000 -0.97000000 0.90196078 0.67450980 0.42745098
v -0.42002232 0.24250000 -0.97401924 0.90196078 0.67450980 0.42745098
v -0.41051270 0.23700962 -0.98500000 0.90196078 0.67450980 0.42745098
v -0.40703194 0.23500000 -1.00000000 0.90196078 0.67450980 0.42745098
v -0.41051270 0.23700962 -1.01500000 0.90196078 0.67450980 0.42745098
v -0.42002232 0.24250000 -1.02598076 0.90196078 0.67450980 0.42745098
v -0.43301270 0.25000000 -1.03000000 0.90196078 0.67450980 0.42745098
v -0.44600308 0.25750000 -1.02598076 0.90196078 0.67450980 0.42745098
v -0.45551270 0.26299038 -1.01500000 0.90196078 0.67450980 0.42745098
v -0.48965615 0.20282222 -1.00000000 0.90196078 0.67450980 0.42745098
v -0.48594286 0.20128412 -0.98500000 0.90196078 0.67450980 0.42745098
v -0.47579796 0.19708197 -0.97401924 0.90196078 0.67450980 0.42745098
v -0.46193977 0.19134172 -0.97000000 0.90196078 0.67450980 0.42745098
v -0.44808157 0.18560146 -0.97401924 0.90196078 0.67450980 0.42745098
v -0.43793667 0.18139931 -0.98500000 0.90196078 0.67450980 0.42745098
v -0.43422338 0.17986121 -1.00000000 0.90196078 0.67450980 0.42745098
v -0.43793667 0.18139931 -1.01500000 0.90196078 0.67450980 0.42745098
v -0.44808157 0.18560146 -1.02598076 0.90196078 0.67450980 0.42745098
v -0.46193977 0.19134172 -1.03000000 0.90196078 0.67450980 0.42745098
v -0.47579796 0.19708197 -1.02598076 0.90196078 0.67450980 0.42745098
v -0.48594286 0.20128412 -1.01500000 0.90196078 0.67450980 0.42745098
v -0.51194069 0.13717409 -1.00000000 0.90196078 0.67450980 0.42745098
v -0.50805840 0.13613384 -0.98500000 0.90196078 0.67450980 0.42745098
v -0.49745180 0.13329181 -0.97401924 0.90196078 0.67450980 0.42745098
v -0.48296291 0.12940952 -0.97000000 0.90196078 0.67450980 0.42745098
v -0.46847403 0.12552724 -0.97401924 0.90196078 0.67450980 0.42745098
v -0.45786742 0.12268521 -0.98500000 0.90196078 0.67450980 0.42745098
v -0.45398514 0.12164495 -1.00000000 0.90196078 0.67450980 0.42745098
v -0.45786742 0.12268521 -1.01500000 0.90196078 0.67450980 0.42745098
v -0.46847403 0.12552724 -1.02598076 0.90196078 0.67450980 0.42745098
v -0.48296291 0.12940952 -1.03000000 0.90196078 0.67450980 0.42745098
v -0.49745180 0.13329181 -1.02598076 0.90196078 0.67450980 0.42745098
v -0.50805840 0.13613384 -1.01500000 0.90196078 0.67450980 0.42745098
v -0.52546578 0.06917888 -1.00000000 0.90196078 0.67450980 0.42745098
v -0.52148092 0.06865427 -0.98500000 0.90196078 0.67450980 0.42745098
v -0.51059410 0.06722099 -0.97401924 0.90196078 0.67450980 0.42745098
v -0.49572243 0.06526310 -0.97000000 0.90196078 0.67450980 0.42745098
v -0.48085076 0.06330520 -0.97401924 0.90196078 0.67450980 0.42745098
v -0.46996394 0.06187193 -0.98500000 0.90196078 0.67450980 0.42745098
v -0.46597908 0.06134731 -1.00000000 0.90196078 0.67450980 0.42745098
v -0.46996394 0.06187193 -1.01500000 0.90196078 0.67450980 0.42745098
v -0.48085076 0.06330520 -1.02598076 0.90196078 0.67450980 0.42745098
v -0.49572243 0.06526310 -1.03000000 0.90196078 0.67450980 0.42745098
v -0.51059410 0.06722099 -1.02598076 0.90196078 0.67450980 0.42745098
v -0.52148092 0.06865427 -1.01500000 0.90196078 0.67450980 0.42745098
v -0.53000000 0.00000000 -1.00000000 0.90196078 0.67450980 0.42745098
v -0.52598076 0.00000000 -0.98500000 0.90196078 0.67450980 0.42745098
v -0.51500000 0.00000000 -0.97401924 0.90196078 0.67450980 0.42745098
v -0.50000000 0.00000000 -0.97000000 0.90196078 0.67450980 0.42745098
v -0.48500000 0.00000000 -0.97401924 0.90196078 0.67450980 0.42745098
v -0.47401924 0.00000000 -0.98500000 0.90196078 0.67450980 0.42745098
v -0.47000000 0.00000000 -1.00000000 0.90196078 0.67450980 0.42745098
v -0.47401924 0.00000000 -1.01500000 0.90196078 0.67450980 0.42745098
v -0.48500000 0.00000000 -1.02598076 0.90196078 0.67450980 0.42745098
v -0.50000000 0.00000000 -1.03000000 0.90196078 0.67450980 0.42745098
v -0.51500000 0.00000000 -1.02598076 0.90196078 0.67450980 0.42745098
v -0.52598076 0.00000000 -1.01500000 0.90196078 0.67450980 0.42745098
v -0.52546578 -0.06917888 -1.00000000 0.90196078 0.67450980 0.42745098
v -0.52148092 -0.06865427 -0.98500000 0.90196078 0.67450980 0.42745098
v -0.51059410 -0.06722099 -0.97401924 0.90196078 0.67450980 0.42745098
v -0.49572243 -0.06526310 -0.97000000 0.90196078 0.67450980 0.42745098
v -0.48085076 -0.06330520 -0.97401924 0.90196078 0.67450980 0.42745098
v -0.46996394 -0.06187193 -0.98500000 0.90196078 0.67450980 0.42745098
v -0.46597908 -0.06134731 -1.00000000 0.90196078 0.67450980 0.42745098
v -0.46996394 -0.06187193 -1.01500000 0.90196078 0.67450980 0.42745098
v -0.48085076 -0.06330520 -1.02598076 0.90196078 0.67450980 0.42745098
v -0.49572243 -0.06526310 -1.03000000 0.90196078 0.67450980 0.42745098
v -0.51059410 -0.06722099 -1.02598076 0.90196078 0.67450980 0.42745098
v -0.52148092 -0.06865427 -1.01500000 0.90196078 0.67450980 0.42745098
v -0.51194069 -0.13717409 -1.00000000 0.90196078 0.67450980 0.42745098
v -0.50805840 -0.13613384 -0.98500000 0.90196078 0.67450980 0.42745098
v -0.49745180 -0.13329181 -0.97401924 0.90196078 0.67450980 0.42745098
v -0.48296291 -0.12940952 -0.97000000 0.90196078 0.67450980 0.42745098
v -0.46847403 -0.12552724 -0.97401924 0.90196078 0.67450980 0.42745098
v -0.45786742 -0.12268521 -0.98500000 0.90196078 0.67450980 0.42745098
v -0.45398514 -0.12164495 -1.00000000 0.90196078 0.67450980 0.42745098
v -0.45786742 -0.12268521 -1.01500000 0.90196078 0.67450980 0.42745098
v -0.46847403 -0.12552724 -1.02598076 0.90196078 0.67450980 0.42745098
v -0.48296291 -0.12940952 -1.03000000 0.90196078 0.67450980 0.42745098
v -0.49745180 -0.13329181 -1.02598076 0.90196078 0.67450980 0.42745098
v -0.50805840 -0.13613384 -1.01500000 0.90196078 0.67450980 0.42745098
v -0.48965615 -0.20282222 -1.00000000 0.90196078 0.67450980 0.42745098
v -0.48594286 -0.20128412 -0.98500000 0.90196078 0.67450980 0.42745098
v -0.47579796 -0.19708197 -0.97401924 0.90196078 0.67450980 0.42745098
v -0.46193977 -0.19134172 -0.97000000 0.90196078 0.67450980 0.42745098
v -0.44808157 -0.18560146 -0.97401924 0.90196078 0.67450980 0.42745098
v -0.43793667 -0.18139931 -0.98500000 0.90196078 0.67450980 0.42745098
v -0.43422338 -0.17986121 -1.00000000 0.90196078 0.67450980 0.42745098
v -0.43793667 -0.18139931 -1.01500000 0.90196078 0.67450980 0.42745098
v -0.44808157 -0.18560146 -1.02598076 0.90196078 0.67450980 0.42745098
v -0.46193977 -0.19134172 -1.03000000 0.90196078 0.67450980 0.42745098
v -0.47579796 -0.19708197 -1.02598076 0.90196078 0.67450980 0.42745098
v -0.48594286 -0.20128412 -1.01500000 0.90196078 0.67450980 0.42745098
v -0.45899346 -0.26500000 -1.00000000 0.90196078 0.67450980 0.42745098
v -0.45551270 -0.26299038 -0.98500000 0.90196078 0.67450980 0.42745098
v -0.44600308 -0.25750000 -0.97401924 0.90196078 0.67450980 0.42745098
v -0.43301270 -0.25000000 -0.97000000 0.90196078 0.67450980 0.42745098
v -0.42002232 -0.24250000 -0.97401924 0.90196078 0.67450980 0.42745098
v -0.41051270 -0.23700962 -0.98500000 0.90196078 0.67450980 0.42745098
v -0.40703194 -0.23500000 -1.00000000 0.90196078 0.67450980 0.42745098
v -0.41051270 -0.23700962 -1.01500000 0.90196078 0.67450980 0.42745098
v -0.42002232 -0.24250000 -1.02598076 0.90196078 0.67450980 0.42745098
v -0.43301270 -0.25000000 -1.03000000 0.90196078 0.67450980 0.42745098
v -0.44600308 -0.25750000 -1.02598076 0.90196078 0.67450980 0.42745098
v -0.45551270 -0.26299038 -1.01500000 0.90196078 0.67450980 0.42745098
v -0.42047727 -0.32264356 -1.00000000 0.90196078 0.67450980 0.42745098
v -0.41728859 -0.32019680 -0.98500000 0.90196078 0.67450980 0.42745098
v -0.40857697 -0.31351214 -0.97401924 0.90196078 0.67450980 0.42745098
v -0.39667667 -0.30438071 -0.97000000 0.90196078 0.67450980 0.42745098
v -0.38477637 -0.29524929 -0.97401924 0.90196078 0.67450980 0.42745098
v -0.37606475 -0.28856463 -0.98500000 0.90196078 0.67450980 0.42745098
v -0.37287607 -0.28611787 -1.00000000 0.90196078 0.67450980 0.42745098
v -0.37606475 -0.28856463 -1.01500000 0.90196078 0.67450980 0.42745098
v -0.38477637 -0.29524929 -1.02598076 0.90196078 0.67450980 0.42745098
v -0.39667667 -0.30438071 -1.03000000 0.90196078 0.67450980 0.42745098
v -0.40857697 -0.31351214 -1.02598076 0.90196078 0.67450980 0.42745098
v -0.41728859 -0.32019680 -1.01500000 0.90196078 0.67450980 0.42745098
v -0.37476659 -0.37476659 -1.00000000 0.90196078 0.67450980 0.42745098
v -0.37192456 -0.37192456 -0.98500000 0.90196078 0.67450980 0.42745098
v -0.36415999 -0.36415999 -0.97401924 0.90196078 0.67450980 0.42745098
v -0.35355339 -0.35355339 -0.97000000 0.90196078 0.67450980 0.42745098
v -0.34294679 -0.34294679 -0.97401924 0.90196078 0.67450980 0.42745098
v -0.33518222 -0.33518222 -0.98500000 0.90196078 0.67450980 0.42745098
v -0.33234019 -0.33234019 -1.00000000 0.90196078 0.67450980 0.42745098
v -0.33518222 -0.33518222 -1.01500000 0.90196078 0.67450980 0.42745098
v -0.34294679 -0.34294679 -1.02598076 0.90196078 0.67450980 0.42745098
v -0.35355339 -0.35355339 -1.03000000 0.90196078 0.67450980 0.42745098
v -0.36415999 -0.36415999 -1.02598076 0.90196078 0.67450980 0.42745098
v -0.37192456 -0.37192456 -1.01500000 0.90196078 0.67450980 0.42745098
v -0.32264356 -0.42047727 -1.00000000 0.90196078 0.67450980 0.42745098
v -0.32019680 -0.41728859 -0.98500000 0.90196078 0.67450980 0.42745098
v -0.31351214 -0.40857697 -0.97401924 0.90196078 0.67450980 0.42745098
v -0.30438071 -0.39667667 -0.97000000 0.90196078 0.67450980 0.42745098
v -0.29524929 -0.38477637 -0.97401924 0.90196078 0.67450980 0.42745098
v -0.28856463 -0.37606475 -0.98500000 0.90196078 0.67450980 0.42745098
v -0.28611787 -0.37287607 -1.00000000 0.90196078 0.67450980 0.42745098
v -0.28856463 -0.37606475 -1.01500000 0.90196078 0.67450980 0.42745098
v -0.29524929 -0.38477637 -1.02598076 0.90196078 0.67450980 0.42745098
v -0.30438071 -0.39667667 -1.03000000 0.90196078 0.67450980 0.42745098
v -0.31351214 -0.40857697 -1.02598076 0.90196078 0.67450980 0.42745098
v -0.32019680 -0.41728859 -1.01500000 0.90196078 0.67450980 0.42745098
v -0.26500000 -0.45899346 -1.00000000 0.90196078 0.67450980 0.42745098
v -0.26299038 -0.45551270 -0.98500000 0.90196078 0.67450980 0.42745098
v -0.25750000 -0.44600308 -0.97401924 0.90196078 0.67450980 0.42745098
v -0.25000000 -0.43301270 -0.97000000 0.90196078 0.67450980 0.42745098
v -0.24250000 -0.42002232 -0.97401924 0.90196078 0.67450980 0.42745098
v -0.23700962 -0.41051270 -0.98500000 0.90196078 0.67450980 0.42745098
v -0.23500000 -0.40703194 -1.00000000 0.90196078 0.67450980 0.42745098
v -0.23700962 -0.41051270 -1.01500000 0.90196078 0.67450980 0.42745098
v -0.24250000 -0.42002232 -1.02598076 0.90196078 0.67450980 0.42745098
v -0.25000000 -0.43301270 -1.03000000 0.90196078 0.67450980 0.42745098
v -0.25750000 -0.44600308 -1.02598076 0.90196078 0.67450980 0.42745098
v -0.26299038 -0.45551270 -1.01500000 0.90196078 0.67450980 0.42745098
v -0.20282222 -0.48965615 -1.00000000 0.90196078 0.67450980 0.42745098
v -0.20128412 -0.48594286 -0.98500000 0.90196078 0.67450980 0.42745098
v -0.19708197 -0.47579796 -0.97401924 0.90196078 0.67450980 0.42745098
v -0.19134172 -0.46193977 -0.97000000 0.90196078 0.67450980 0.42745098
v -0.18560146 -0.44808157 -0.97401924 0.90196078 0.67450980 0.42745098
v -0.18139931 -0.43793667 -0.98500000 0.90196078 0.67450980 0.42745098
v -0.17986121 -0.43422338 -1.00000000 0.90196078 0.67450980 0.42745098
v -0.18139931 -0.43793667 -1.01500000 0.90196078 0.67450980 0.42745098
v -0.18560146 -0.44808157 -1.02598076 0.90196078 0.67450980 0.42745098
v -0.19134172 -0.46193977 -1.03000000 0.90196078 0.67450980 0.42745098
v -0.19708197 -0.47579796 -1.02598076 0.90196078 0.67450980 0.42745098
v -0.20128412 -0.48594286 -1.01500000 0.90196078 0.67450980 0.42745098
v -0.13717409 -0.51194069 -1.00000000 0.90196078 0.67450980 0.42745098
v -0.13613384 -0.50805840 -0.98500000 0.90196078 0.67450980 0.42745098
v -0.13329181 -0.49745180 -0.97401924 0.90196078 0.67450980 0.42745098
v -0.12940952 -0.48296291 -0.97000000 0.90196078 0.67450980 0.42745098
v -0.12552724 -0.46847403 -0.97401924 0.90196078 0.67450980 0.42745098
v -0.12268521 -0.45786742 -0.98500000 0.90196078 0.67450980 0.42745098
v -0.12164495 -0.45398514 -1.00000000 0.90196078 0.67450980 0.42745098
v -0.12268521 -0.45786742 -1.01500000 0.90196078 0.67450980 0.42745098
v -0.12552724 -0.46847403 -1.02598076 0.90196078 0.67450980 0.42745098
v -0.12940952 -0.48296291 -1.03000000 0.90196078 0.67450980 0.42745098
v -0.13329181 -0.49745180 -1.02598076 0.90196078 0.67450980 0.42745098
v -0.13613384 -0.50805840 -1.01500000 0.90196078 0.67450980 0.42745098
v -0.06917888 -0.52546578 -1.00000000 0.90196078 0.67450980 0.42745098
v -0.06865427 -0.52148092 -0.98500000 0.90196078 0.67450980 0.42745098
v -0.06722099 -0.51059410 -0.97401924 0.90196078 0.67450980 0.42745098
v -0.06526310 -0.49572243 -0.97000000 0.90196078 0.67450980 0.42745098
v -0.06330520 -0.48085076 -0.97401924 0.90196078 0.67450980 0.42745098
v -0.06187193 -0.46996394 -0.98500000 0.90196078 0.67450980 0.42745098
v -0.06134731 -0.46597908 -1.00000000 0.90196078 0.67450980 0.42745098
v -0.06187193 -0.46996394 -1.01500000 0.90196078 0.67450980 0.42745098
v -0.06330520 -0.48085076 -1.02598076 0.90196078 0.67450980 0.42745098
v -0.06526310 -0.49572243 -1.03000000 0.90196078 0.67450980 0.42745098
v -0.06722099 -0.51059410 -1.02598076 0.90196078 0.67450980 0.42745098
v -0.06865427 -0.52148092 -1.01500000 0.90196078 0.67450980 0.42745098
v -0.00000000 -0.53000000 -1.00000000 0.90196078 0.67450980 0.42745098
v -0.00000000 -0.52598076 -0.98500000 0.90196078 0.67450980 0.42745098
v -0.00000000 -0.51500000 -0.97401924 0.90196078 0.67450980 0.42745098
v -0.00000000 -0.50000000 -0.97000000 0.90196078 0.67450980 0.42745098
v -0.00000000 -0.48500000 -0.97401924 0.90196078 0.67450980 0.42745098
v -0.00000000 -0.47401924 -0.98500000 0.90196078 0.67450980 0.42745098
v -0.00000000 -0.47000000 -1.00000000 0.90196078 0.67450980 0.42745098
v -0.00000000 -0.47401924 -1.01500000 0.90196078 0.67450980 0.42745098
v -0.00000000 -0.48500000 -1.02598076 0.90196078 0.67450980 0.42745098
v -0.00000000 -0.50000000 -1.03000000 0.90196078 0.67450980 0.42745098
v -0.00000000 -0.51500000 -1.02598076 0.90196078 0.67450980 0.42745098
v -0.00000000 -0.52598076 -1.01500000 0.90196078 0.67450980 0.42745098
v 0.06917888 -0.52546578 -1.00000000 0.90196078 0.67450980 0.42745098
v 0.06865427 -0.52148092 -0.98500000 0.90196078 0.67450980 0.42745098
v 0.06722099 -0.51059410 -0.97401924 0.90196078 0.67450980 0.42745098
v 0.06526310 -0.49572243 -0.97000000 0.90196078 0.67450980 0.42745098
v 0.06330520 -0.48085076 -0.97401924 0.90196078 0.67450980 0.42745098
v 0.06187193 -0.46996394 -0.98500000 0.90196078 0.67450980 0.42745098
v 0.06134731 -0.46597908 -1.00000000 0.90196078 0.67450980 0.42745098
v 0.06187193 -0.46996394 -1.01500000 0.90196078 0.67450980 0.42745098
v 0.06330520 -0.48085076 -1.02598076 0.90196078 0.67450980 0.42745098
v 0.06526310 -0.49572243 -1.03000000 0.90196078 0.67450980 0.42745098
v 0.06722099 -0.51059410 -1.02598076 0.90196078 0.67450980 0.42745098
v 0.06865427 -0.52148092 -1.01500000 0.90196078 0.67450980 0.42745098
v 0.13717409 -0.51194069 -1.00000000 0.90196078 0.67450980 0.42745098
v 0.13613384 -0.50805840 -0.98500000 0.90196078 0.67450980 0.42745098
v 0.13329181 -0.49745180 -0.97401924 0.90196078 0.67450980 0.42745098
v 0.12940952 -0.48296291 -0.97000000 0.90196078 0.67450980 0.42745098
v 0.12552724 -0.46847403 -0.97401924 0.90196078 0.67450980 0.42745098
v 0.12268521 -0.45786742 -0.98500000 0.90196078 0.67450980 0.42745098
v 0.12164495 -0.45398514 -1.00000000 0.90196078 0.67450980 0.42745098
v 0.12268521 -0.45786742 -1.01500000 0.90196078 0.67450980 0.42745098
v 0.12552724 -0.46847403 -1.02598076 0.90196078 0.67450980 0.42745098
v 0.12940952 -0.48296291 -1.03000000 0.90196078 0.67450980 0.42745098
v 0.13329181 -0.49745180 -1.02598076 0.90196078 0.67450980 0.42745098
v 0.13613384 -0.50805840 -1.01500000 0.90196078 0.67450980 0.42745098
v 0.20282222 -0.48965615 -1.00000000 0.90196078 0.67450980 0.42745098
v 0.20128412 -0.48594286 -0.98500000 0.90196078 0.67450980 0.42745098
v 0.19708197 -0.47579796 -0.97401924 0.90196078 0.67450980 0.42745098
v 0.19134172 -0.46193977 -0.97000000 0.90196078 0.67450980 0.42745098
v 0.18560146 -0.44808157 -0.97401924 0.90196078 0.67450980 0.42745098
v 0.18139931 -0.43793667 -0.98500000 0.90196078 0.67450980 0.42745098
v 0.17986121 -0.43422338 -1.00000000 0.90196078 0.67450980 0.42745098
v 0.18139931 -0.43793667 -1.01500000 0.90196078 0.67450980 0.42745098
v 0.18560146 -0.44808157 -1.02598076 0.90196078 0.67450980 0.42745098
v 0.19134172 -0.46193977 -1.03000000 0.90196078 0.67450980 0.42745098
v 0.19708197 -0.47579796 -1.02598076 0.90196078 0.67450980 0.42745098
v 0.20128412 -0.48594286 -1.01500000 0.90196078 0.67450980 0.42745098
v 0.26500000 -0.45899346 -1.00000000 0.90196078 0.67450980 0.42745098
v 0.26299038 -0.45551270 -0.98500000 0.90196078 0.67450980 0.42745098
v 0.25750000 -0.44600308 -0.97401924 0.90196078 0.67450980 0.42745098
v 0.25000000 -0.43301270 -0.97000000 0.90196078 0.67450980 0.42745098
v 0.24250000 -0.42002232 -0.97401924 0.90196078 0.67450980 0.42745098
v 0.23700962 -0.41051270 -0.98500000 0.90196078 0.67450980 0.42745098
v 0.23500000 -0.40703194 -1.00000000 0.90196078 0.67450980 0.42745098
v 0.23700962 -0.41051270 -1.01500000 0.90196078 0.67450980 0.42745098
v 0.24250000 -0.42002232 -1.02598076 0.90196078 0.67450980 0.42745098
v 0.25000000 -0.43301270 -1.03000000 0.90196078 0.67450980 0.42745098
v 0.25750000 -0.44600308 -1.02598076 0.90196078 0.67450980 0.42745098
v 0.26299038 -0.45551270 -1.01500000 0.90196078 0.67450980 0.42745098
v 0.32264356 -0.42047727 -1.00000000 0.90196078 0.67450980 0.42745098
v 0.32019680 -0.41728859 -0.98500000 0.90196078 0.67450980 0.42745098
v 0.31351214 -0.40857697 -0.97401924 0.90196078 0.67450980 0.42745098
v 0.30438071 -0.39667667 -0.97000000 0.90196078 0.67450980 0.42745098
v 0.29524929 -0.38477637 -0.97401924 0.90196078 0.67450980 0.42745098
v 0.28856463 -0.37606475 -0.98500000 0.90196078 0.67450980 0.42745098
v 0.28611787 -0.37287607 -1.00000000 0.90196078 0.67450980 0.42745098
v 0.28856463 -0.37606475 -1.01500000 0.90196078 0.67450980 0.42745098
v 0.29524929 -0.38477637 -1.02598076 0.90196078 0.67450980 0.42745098
v 0.30438071 -0.39667667 -1.03000000 0.90196078 0.67450980 0.42745098
v 0.31351214 -0.40857697 -1.02598076 0.90196078 0.67450980 0.42745098
v 0.32019680 -0.41728859 -1.01500000 0.90196078 0.67450980 0.42745098
v 0.37476659 -0.37476659 -1.00000000 0.90196078 0.67450980 0.42745098
v 0.37192456 -0.37192456 -0.98500000 0.90196078 0.67450980 0.42745098
v 0.36415999 -0.36415999 -0.97401924 0.90196078 0.67450980 0.42745098
v 0.35355339 -0.35355339 -0.97000000 0.90196078 0.67450980 0.42745098
v 0.34294679 -0.34294679 -0.97401924 0.90196078 0.67450980 0.42745098
v 0.33518222 -0.33518222 -0.98500000 0.90196078 0.67450980 0.42745098
v 0.33234019 -0.33234019 -1.00000000 0.90196078 0.67450980 0.42745098
v 0.33518222 -0.33518222 -1.01500000 0.90196078 0.67450980 0.42745098
v 0.34294679 -0.34294679 -1.02598076 0.90196078 0.67450980 0.42745098
v 0.35355339 -0.35355339 -1.03000000 0.90196078 0.67450980 0.42745098
v 0.36415999 -0.36415999 -1.02598076 0.90196078 0.67450980 0.42745098
v 0.37192456 -0.37192456 -1.01500000 0.90196078 0.67450980 0.42745098
v 0.42047727 -0.32264356 -1.00000000 0.90196078 0.67450980 0.42745098
v 0.41728859 -0.32019680 -0.98500000 0.90196078 0.67450980 0.42745098
v 0.40857697 -0.31351214 -0.97401924 0.90196078 0.67450980 0.42745098
v 0.39667667 -0.30438071 -0.97000000 0.90196078 0.67450980 0.42745098
v 0.38477637 -0.29524929 -0.97401924 0.90196078 0.67450980 0.42745098
v 0.37606475 -0.28856463 -0.98500000 0.90196078 0.67450980 0.42745098
v 0.37287607 -0.28611787 -1.00000000 0.90196078 0.67450980 0.42745098
v 0.37606475 -0.28856463 -1.01500000 0.90196078 0.67450980 0.42745098
v 0.38477637 -0.29524929 -1.02598076 0.90196078 0.67450980 0.42745098
v 0.39667667 -0.30438071 -1.03000000 0.90196078 0.67450980 0.42745098
v 0.40857697 -0.31351214 -1.02598076 0.90196078 0.67450980 0.42745098
v 0.41728859 -0.32019680 -1.01500000 0.90196078 0.67450980 0.42745098
v 0.45899346 -0.26500000 -1.00000000 0.90196078 0.67450980 0.42745098
v 0.45551270 -0.26299038 -0.98500000 0.90196078 0.67450980 0.42745098
v 0.44600308 -0.25750000 -0.97401924 0.90196078 0.67450980 0.42745098
v 0.43301270 -0.25000000 -0.97000000 0.90196078 0.67450980 0.42745098
v 0.42002232 -0.24250000 -0.97401924 0.90196078 0.67450980 0.42745098
v 0.41051270 -0.23700962 -0.98500000 0.90196078 0.67450980 0.42745098
v 0.40703194 -0.23500000 -1.00000000 0.90196078 0.67450980 0.42745098
v 0.41051270 -0.23700962 -1.01500000 0.90196078 0.67450980 0.42745098
v 0.42002232 -0.24250000 -1.02598076 0.90196078 0.67450980 0.42745098
v 0.43301270 -0.25000000 -1.03000000 0.90196078 0.67450980 0.42745098
v 0.44600308 -0.25750000 -1.02598076 0.90196078 0.67450980 0.42745098
v 0.45551270 -0.26299038 -1.01500000 0.90196078 0.67450980 0.42745098
v 0.48965615 -0.20282222 -1.00000000 0.90196078 0.67450980 0.42745098
v 0.48594286 -0.20128412 -0.98500000 0.90196078 0.67450980 0.42745098
v 0.47579796 -0.19708197 -0.97401924 0.90196078 0.67450980 0.42745098
v 0.46193977 -0.19134172 -0.97000000 0.90196078 0.67450980 0.42745098
v 0.44808157 -0.18560146 -0.97401924 0.90196078 0.67450980 0.42745098
v 0.43793667 -0.18139931 -0.98500000 0.90196078 0.67450980 0.42745098
v 0.43422338 -0.17986121 -1.00000000 0.90196078 0.67450980 0.42745098
v 0.43793667 -0.18139931 -1.01500000 0.90196078 0.67450980 0.42745098
v 0.44808157 -0.18560146 -1.02598076 0.90196078 0.67450980 0.42745098
v 0.46193977 -0.19134172 -1.03000000 0.90196078 0.67450980 0.42745098
v 0.47579796 -0.19708197 -1.02598076 0.90196078 0.67450980 0.42745098
v 0.48594286 -0.20128412 -1.01500000 0.90196078 0.67450980 0.42745098
v 0.51194069 -0.13717409 -1.00000000 0.90196078 0.67450980 0.42745098
v 0.50805840 -0.13613384 -0.98500000 0.90196078 0.67450980 0.42745098
v 0.49745180 -0.13329181 -0.97401924 0.90196078 0.67450980 0.42745098
v 0.48296291 -0.12940952 -0.97000000 0.90196078 0.67450980 0.42745098
v 0.46847403 -0.12552724 -0.97401924 0.90196078 0.67450980 0.42745098
v 0.45786742 -0.12268521 -0.98500000 0.90196078 0.67450980 0.42745098
v 0.45398514 -0.12164495 -1.00000000 0.90196078 0.67450980 0.42745098
v 0.45786742 -0.12268521 -1.01500000 0.90196078 0.67450980 0.42745098
v 0.46847403 -0.12552724 -1.02598076 0.90196078 0.67450980 0.42745098
v 0.48296291 -0.12940952 -1.03000000 0.90196078 0.67450980 0.42745098
v 0.49745180 -0.13329181 -1.02598076 0.90196078 0.67450980 0.42745098
v 0.50805840 -0.13613384 -1.01500000 0.90196078 0.67450980 0.42745098
v 0.52546578 -0.06917888 -1.00000000 0.90196078 0.67450980 0.42745098
v 0.52148092 -0.06865427 -0.98500000 0.90196078 0.67450980 0.42745098
v 0.51059410 -0.06722099 -0.97401924 0.90196078 0.67450980 0.42745098
v 0.49572243 -0.06526310 -0.97000000 0.90196078 0.67450980 0.42745098
v 0.48085076 -0.06330520 -0.97401924 0.90196078 0.67450980 0.42745098
v 0.46996394 -0.06187193 -0.98500000 0.90196078 0.67450980 0.42745098
v 0.46597908 -0.06134731 -1.00000000 0.90196078 0.67450980 0.42745098
v 0.46996394 -0.06187193 -1.01500000 0.90196078 0.67450980 0.42745098
v 0.48085076 -0.06330520 -1.02598076 0.90196078 0.67450980 0.42745098
v 0.49572243 -0.06526310 -1.03000000 0.90196078 0.67450980 0.42745098
v 0.51059410 -0.06722099 -1.02598076 0.90196078 0.67450980 0.42745098
v 0.52148092 -0.06865427 -1.01500000 0.90196078 0.67450980 0.42745098
f 691 703 692
f 692 703 704
f 692 704 693
f 693 704 705
f 693 705 694
f 694 705 706
f 694 706 695
f 695 706 707
f 695 707 696
f 696 707 708
f 696 708 697
f 697 708 709
f 697 709 698
f 698 709 710
f 698 710 699
f 699 710 711
f 699 711 700
f 700 711 712
f 700 712 701
f 701 712 713
f 701 713 702
f 702 713 714
f 702 714 703
f 703 714 715
f 703 715 704
f 704 715 716
f 704 716 705
f 705 716 717
f 705 717 706
f 706 717 718
f 706 718 707
f 707 718 719
f 707 719 708
f 708 719 720
f 708 720 709
f 709 720 721
f 709 721 710
f 710 721 722
f 710 722 711
f 711 722 723
f 711 723 712
f 712 723 724
f 712 724 713
f 713 724 725
f 713 725 714
f 714 725 726
f 714 726 715
f 715 726 727
f 715 727 716
f 716 727 728
f 716 728 717
f 717 728 729
f 717 729 718
f 718 729 730
f 718 730 719
f 719 730 731
f 719 731 720
f 720 731 732
f 720 732 721
f 721 732 733
f 721 733 722
f 722 733 734
f 722 734 723
f 723 734 735
f 723 735 724
f 724 735 736
f 724 736 725
f 725 736 737
f 725 737 726
f 726 737 738
f 726 738 727
f 727 738 739
f 727 739 728
f 728 739 740
f 728 740 729
f 729 740 741
f 729 741 730
f 730 741 742
f 730 742 731
f 731 742 743
f 731 743 732
f 732 743 744
f 732 744 733
f 733 744 745
f 733 745 734
f 734 745 746
f 734 746 735
f 735 746 747
f 735 747 736
f 736 747 748
f 736 748 737
f 737 748 749
f 737 749 738
f 738 749 750
f 738 750 739
f 739 750 751
f 739 751 740
f 740 751 752
f 740 752 741
f 741 752 753
f 741 753 742
f 742 753 754
f 742 754 743
f 743 754 755
f 743 755 744
f 744 755 756
f 744 756 745
f 745 756 757
f 745 757 746
f 746 757 758
f 746 758 747
f 747 758 759
f 747 759 748
f 748 759 760
f 748 760 749
f 749 760 761
f 749 761 750
f 750 761 762
f 750 762 751
f 751 762 763
f 751 763 752
f 752 763 764
f 752 764 753
f 753 764 765
f 753 765 754
f 754 765 766
f 754 766 755
f 755 766 767
f 755 767 756
f 756 767 768
f 756 768 757
f 757 768 769
f 757 769 758
f 758 769 770
f 758 770 759
f 759 770 771
f 759 771 760
f 760 771 772
f 760 772 761
f 761 772 773
f 761 773 762
f 762 773 774
f 762 774 763
f 763 774 775
f 763 775 764
f 764 775 776
f 764 776 765
f 765 776 777
f 765 777 766
f 766 777 778
f 766 778 767
f 767 778 779
f 767 779 768
f 768 779 780
f 768 780 769
f 769 780 781
f 769 781 770
f 770 781 782
f 770 782 771
f 771 782 783
f 771 783 772
f 772 783 784
f 772 784 773
f 773 784 785
f 773 785 774
f 774 785 786
f 774 786 775
f 775 786 787
f 775 787 776
f 776 787 788
f 776 788 777
f 777 788 789
f 777 789 778
f 778 789 790
f 778 790 779
f 779 790 791
f 779 791 780
f 780 791 792
f 780 792 781
f 781 792 793
f 781 793 782
f 782 793 794
f 782 794 783
f 783 794 795
f 783 795 784
f 784 795 796
f 784 796 785
f 785 796 797
f 785 797 786
f 786 797 798
f 786 798 787
f 787 798 799
f 787 799 788
f 788 799 800
f 788 800 789
f 789 800 801
f 789 801 790
f 790 801 802
f 790 802 791
f 791 802 803
f 791 803 792
f 792 803 804
f 792 804 793
f 793 804 805
f 793 805 794
f 794 805 806
f 794 806 795
f 795 806 807
f 795 807 796
f 796 807 808
f 796 808 797
f 797 808 809
f 797 809 798
f 798 809 810
f 798 810 799
f 799 810 811
f 799 811 800
f 800 811 812
f 800 812 801
f 801 812 813
f 801 813 802
f 802 813 814
f 802 814 803
f 803 814 815
f 803 815 804
f 804 815 816
f 804 816 805
f 805 816 817
f 805 817 806
f 806 817 818
f 806 818 807
f 807 818 819
f 807 819 808
f 808 819 820
f 808 820 809
f 809 820 821
f 809 821 810
f 810 821 822
f 810 822 811
f 811 822 823
f 811 823 812
f 812 823 824
f 812 824 813
f 813 824 825
f 813 825 814
f 814 825 826
f 814 826 815
f 815 826 827
f 815 827 816
f 816 827 828
f 816 828 817
f 817 828 829
f 817 829 818
f 818 829 830
f 818 830 819
f 819 830 831
f 819 831 820
f 820 831 832
f 820 832 821
f 821 832 833
f 821 833 822
f 822 833 834
f 822 834 823
f 823 834 835
f 823 835 824
f 824 835 836
f 824 836 825
f 825 836 837
f 825 837 826
f 826 837 838
f 826 838 827
f 827 838 839
f 827 839 828
f 828 839 840
f 828 840 829
f 829 840 841
f 829 841 830
f 830 841 842
f 830 842 831
f 831 842 843
f 831 843 832
f 832 843 844
f 832 844 833
f 833 844 845
f 833 845 834
f 834 845 846
f 834 846 835
f 835 846 847
f 835 847 836
f 836 847 848
f 836 848 837
f 837 848 849
f 837 849 838
f 838 849 850
f 838 850 839
f 839 850 851
f 839 851 840
f 840 851 852
f 840 852 841
f 841 852 853
f 841 853 842
f 842 853 854
f 842 854 843
f 843 854 855
f 843 855 844
f 844 855 856
f 844 856 845
f 845 856 857
f 845 857 846
f 846 857 858
f 846 858 847
f 847 858 859
f 847 859 848
f 848 859 860
f 848 860 849
f 849 860 861
f 849 861 850
f 850 861 862
f 850 862 851
f 851 862 863
f 851 863 852
f 852 863 864
f 852 864 853
f 853 864 865
f 853 865 854
f 854 865 866
f 854 866 855
f 855 866 867
f 855 867 856
f 856 867 868
f 856 868 857
f 857 868 869
f 857 869 858
f 858 869 870
f 858 870 859
f 859 870 871
f 859 871 860
f 860 871 872
f 860 872 861
f 861 872 873
f 861 873 862
f 862 873 874
f 862 874 863
f 863 874 875
f 863 875 864
f 864 875 876
f 864 876 865
f 865 876 877
f 865 877 866
f 866 877 878
f 866 878 867
f 867 878 879
f 867 879 868
f 868 879 880
f 868 880 869
f 869 880 881
f 869 881 870
f 870 881 882
f 870 882 871
f 871 882 883
f 871 883 872
f 872 883 884
f 872 884 873
f 873 884 885
f 873 885 874
f 874 885 886
f 874 886 875
f 875 886 887
f 875 887 876
f 876 887 888
f 876 888 877
f 877 888 889
f 877 889 878
f 878 889 890
f 878 890 879
f 879 890 891
f 879 891 880
f 880 891 892
f 880 892 881
f 881 892 893
f 881 893 882
f 882 893 894
f 882 894 883
f 883 894 895
f 883 895 884
f 884 895 896
f 884 896 885
f 885 896 897
f 885 897 886
f 886 897 898
f 886 898 887
f 887 898 899
f 887 899 888
f 888 899 900
f 888 900 889
f 889 900 901
f 889 901 890
f 890 901 902
f 890 902 891
f 891 902 903
f 891 903 892
f 892 903 904
f 892 904 893
f 893 904 905
f 893 905 894
f 894 905 906
f 894 906 895
f 895 906 907
f 895 907 896
f 896 907 908
f 896 908 897
f 897 908 909
f 897 909 898
f 898 909 910
f 898 910 899
f 899 910 911
f 899 911 900
f 900 911 912
f 900 912 901
f 901 912 913
f 901 913 902
f 902 913 914
f 902 914 903
f 903 914 915
f 903 915 904
f 904 915 916
f 904 916 905
f 905 916 917
f 905 917 906
f 906 917 918
f 906 918 907
f 907 918 919
f 907 919 908
f 908 919 920
f 908 920 909
f 909 920 921
f 909 921 910
f 910 921 922
f 910 922 911
f 911 922 923
f 911 923 912
f 912 923 924
f 912 924 913
f 913 924 925
f 913 925 914
f 914 925 926
f 914 926 915
f 915 926 927
f 915 927 916
f 916 927 928
f 916 928 917
f 917 928 929
f 917 929 918
f 918 929 930
f 918 930 919
f 919 930 931
f 919 931 920
f 920 931 932
f 920 932 921
f 921 932 933
f 921 933 922
f 922 933 934
f 922 934 923
f 923 934 935
f 923 935 924
f 924 935 936
f 924 936 925
f 925 936 937
f 925 937 926
f 926 937 938
f 926 938 927
f 927 938 939
f 927 939 928
f 928 939 940
f 928 940 929
f 929 940 941
f 929 941 930
f 930 941 942
f 930 942 931
f 931 942 943
f 931 943 932
f 932 943 944
f 932 944 933
f 933 944 945
f 933 945 934
f 934 945 946
f 934 946 935
f 935 946 947
f 935 947 936
f 936 947 948
f 936 948 937
f 937 948 949
f 937 949 938
f 938 949 950
f 938 950 939
f 939 950 951
f 939 951 940
f 940 951 952
f 940 952 941
f 941 952 953
f 941 953 942
f 942 953 954
f 942 954 943
f 943 954 955
f 943 955 944
f 944 955 956
f 944 956 945
f 945 956 957
f 945 957 946
f 946 957 958
f 946 958 947
f 947 958 959
f 947 959 948
f 948 959 960
f 948 960 949
f 949 960 961
f 949 961 950
f 950 961 962
f 950 962 951
f 951 962 963
f 951 963 952
f 952 963 964
f 952 964 953
f 953 964 965
f 953 965 954
f 954 965 966
f 954 966 955
f 955 966 967
f 955 967 956
f 956 967 968
f 956 968 957
f 957 968 969
f 957 969 958
f 958 969 970
f 958 970 959
f 959 970 971
f 959 971 960
f 960 971 972
f 960 972 961
f 961 972 973
f 961 973 962
f 962 973 974
f 962 974 963
f 963 974 975
f 963 975 964
f 964 975 976
f 964 976 965
f 965 976 977
f 965 977 966
f 966 977 978
f 966 978 967
f 967 978 979
f 967 979 968
f 968 979 980
f 968 980 969
f 969 980 981
f 969 981 970
f 970 981 982
f 970 982 971
f 971 982 983
f 971 983 972
f 972 983 984
f 972 984 973
f 973 984 985
f 973 985 974
f 974 985 986
f 974 986 975
f 975 986 987
f 975 987 976
f 976 987 988
f 976 988 977
f 977 988 989
f 977 989 978
f 978 989 990
f 978 990 979
f 979 990 991
f 979 991 980
f 980 991 992
f 980 992 981
f 981 992 993
f 981 993 982
f 982 993 994
f 982 994 983
f 983 994 995
f 983 995 984
f 984 995 996
f 984 996 985
f 985 996 997
f 985 997 986
f 986 997 998
f 986 998 987
f 987 998 999
f 987 999 988
f 988 999 1000
f 988 1000 989
f 989 1000 1001
f 989 1001 990
f 990 1001 1002
f 990 1002 991
f 991 1002 1003
f 991 1003 992
f 992 1003 1004
f 992 1004 993
f 993 1004 1005
f 993 1005 994
f 994 1005 1006
f 994 1006 995
f 995 1006 1007
f 995 1007 996
f 996 1007 1008
f 996 1008 997
f 997 1008 1009
f 997 1009 998
f 998 1009 1010
f 998 1010 999
f 999 1010 1011
f 999 1011 1000
f 1000 1011 1012
f 1000 1012 1001
f 1001 1012 1013
f 1001 1013 1002
f 1002 1013 1014
f 1002 1014 1003
f 1003 1014 1015
f 1003 1015 1004
f 1004 1015 1016
f 1004 1016 1005
f 1005 1016 1017
f 1005 1017 1006
f 1006 1017 1018
f 1006 1018 1007
f 1007 1018 1019
f 1007 1019 1008
f 1008 1019 1020
f 1008 1020 1009
f 1009 1020 1021
f 1009 1021 1010
f 1010 1021 1022
f 1010 1022 1011
f 1011 1022 1023
f 1011 1023 1012
f 1012 1023 1024
f 1012 1024 1013
f 1013 1024 1025
f 1013 1025 1014
f 1014 1025 1026
f 1014 1026 1015
f 1015 1026 1027
f 1015 1027 1016
f 1016 1027 1028
f 1016 1028 1017
f 1017 1028 1029
f 1017 1029 1018
f 1018 1029 1030
f 1018 1030 1019
f 1019 1030 1031
f 1019 1031 1020
f 1020 1031 1032
f 1020 1032 1021
f 1021 1032 1033
f 1021 1033 1022
f 1022 1033 1034
f 1022 1034 1023
f 1023 1034 1035
f 1023 1035 1024
f 1024 1035 1036
f 1024 1036 1025
f 1025 1036 1037
f 1025 1037 1026
f 1026 1037 1038
f 1026 1038 1027
f 1027 1038 1039
f 1027 1039 1028
f 1028 1039 1040
f 1028 1040 1029
f 1029 1040 1041
f 1029 1041 1030
f 1030 1041 1042
f 1030 1042 1031
f 1031 1042 1043
f 1031 1043 1032
f 1032 1043 1044
f 1032 1044 1033
f 1033 1044 1045
f 1033 1045 1034
f 1034 1045 1046
f 1034 1046 1035
f 1035 1046 1047
f 1035 1047 1036
f 1036 1047 1048
f 1036 1048 1037
f 1037 1048 1049
f 1037 1049 1038
f 1038 1049 1050
f 1038 1050 1039
f 1039 1050 1051
f 1039 1051 1040
f 1040 1051 1052
f 1040 1052 1041
f 1041 1052 1053
f 1041 1053 1042
f 1042 1053 1054
f 1042 1054 1043
f 1043 1054 1055
f 1043 1055 1044
f 1044 1055 1056
f 1044 1056 1045
f 1045 1056 1057
f 1045 1057 1046
f 1046 1057 1058
f 1046 1058 1047
f 1047 1058 1059
f 1047 1059 1048
f 1048 1059 1060
f 1048 1060 1049
f 1049 1060 1061
f 1049 1061 1050
f 1050 1061 1062
f 1050 1062 1051
f 1051 1062 1063
f 1051 1063 1052
f 1052 1063 1064
f 1052 1064 1053
f 1053 1064 1065
f 1053 1065 1054
f 1054 1065 1066
f 1054 1066 1055
f 1055 1066 1067
f 1055 1067 1056
f 1056 1067 1068
f 1056 1068 1057
f 1057 1068 1069
f 1057 1069 1058
f 1058 1069 1070
f 1058 1070 1059
f 1059 1070 1071
f 1059 1071 1060
f 1060 1071 1072
f 1060 1072 1061
f 1061 1072 1073
f 1061 1073 1062
f 1062 1073 1074
f 1062 1074 1063
f 1063 1074 1075
f 1063 1075 1064
f 1064 1075 1076
f 1064 1076 1065
f 1065 1076 1077
f 1065 1077 1066
f 1066 1077 1078
f 1066 1078 1067
f 1067 1078 1079
f 1067 1079 1068
f 1068 1079 1080
f 1068 1080 1069
f 1069 1080 1081
f 1069 1081 1070
f 1070 1081 1082
f 1070 1082 1071
f 1071 1082 1083
f 1071 1083 1072
f 1072 1083 1084
f 1072 1084 1073
f 1073 1084 1085
f 1073 1085 1074
f 1074 1085 1086
f 1074 1086 1075
f 1075 1086 1087
f 1075 1087 1076
f 1076 1087 1088
f 1076 1088 1077
f 1077 1088 1089
f 1077 1089 1078
f 1078 1089 1090
f 1078 1090 1079
f 1079 1090 1091
f 1079 1091 1080
f 1080 1091 1092
f 1080 1092 1081
f 1081 1092 1093
f 1081 1093 1082
f 1082 1093 1094
f 1082 1094 1083
f 1083 1094 1095
f 1083 1095 1084
f 1084 1095 1096
f 1084 1096 1085
f 1085 1096 1097
f 1085 1097 1086
f 1086 1097 1098
f 1086 1098 1087
f 1087 1098 1099
f 1087 1099 1088
f 1088 1099 1100
f 1088 1100 1089
f 1089 1100 1101
f 1089 1101 1090
f 1090 1101 1102
f 1090 1102 1091
f 1091 1102 1103
f 1091 1103 1092
f 1092 1103 1104
f 1092 1104 1093
f 1093 1104 1105
f 1093 1105 1094
f 1094 1105 1106
f 1094 1106 1095
f 1095 1106 1107
f 1095 1107 1096
f 1096 1107 1108
f 1096 1108 1097
f 1097 1108 1109
f 1097 1109 1098
f 1098 1109 1110
f 1098 1110 1099
f 1099 1110 1111
f 1099 1111 1100
f 1100 1111 1112
f 1100 1112 1101
f 1101 1112 1113
f 1101 1113 1102
f 1102 1113 1114
f 1102 1114 1103
f 1103 1114 1115
f 1103 1115 1104
f 1104 1115 1116
f 1104 1116 1105
f 1105 1116 1117
f 1105 1117 1106
f 1106 1117 1118
f 1106 1118 1107
f 1107 1118 1119
f 1107 1119 1108
f 1108 1119 1120
f 1108 1120 1109
f 1109 1120 1121
f 1109 1121 1110
f 1110 1121 1122
f 1110 1122 1111
f 1111 1122 1123
f 1111 1123 1112
f 1112 1123 1124
f 1112 1124 1113
f 1113 1124 1125
f 1113 1125 1114
f 1114 1125 1126
f 1114 1126 1115
f 1115 1126 1127
f 1115 1127 1116
f 1116 1127 1128
f 1116 1128 1117
f 1117 1128 1129
f 1117 1129 1118
f 1118 1129 1130
f 1118 1130 1119
f 1119 1130 1131
f 1119 1131 1120
f 1120 1131 1132
f 1120 1132 1121
f 1121 1132 1133
f 1121 1133 1122
f 1122 1133 1134
f 1122 1134 1123
f 1123 1134 1135
f 1123 1135 1124
f 1124 1135 1136
f 1124 1136 1125
f 1125 1136 1137
f 1125 1137 1126
f 1126 1137 1138
f 1126 1138 1127
f 1127 1138 1139
f 1127 1139 1128
f 1128 1139 1140
f 1128 1140 1129
f 1129 1140 1141
f 1129 1141 1130
f 1130 1141 1142
f 1130 1142 1131
f 1131 1142 1143
f 1131 1143 1132
f 1132 1143 1144
f 1132 1144 1133
f 1133 1144 1145
f 1133 1145 1134
f 1134 1145 1146
f 1134 1146 1135
f 1135 1146 1147
f 1135 1147 1136
f 1136 1147 1148
f 1136 1148 1137
f 1137 1148 1149
f 1137 1149 1138
f 1138 1149 1150
f 1138 1150 1139
f 1139 1150 1151
f 1139 1151 1140
f 1140 1151 1152
f 1140 1152 1141
f 1141 1152 1153
f 1141 1153 1142
f 1142 1153 1154
f 1142 1154 1143
f 1143 1154 1155
f 1143 1155 1144
f 1144 1155 1156
f 1144 1156 1145
f 1145 1156 1157
f 1145 1157 1146
f 1146 1157 1158
f 1146 1158 1147
f 1147 1158 1159
f 1147 1159 1148
f 1148 1159 1160
f 1148 1160 1149
f 1149 1160 1161
f 1149 1161 1150
f 1150 1161 1162
f 1150 1162 1151
f 1151 1162 1163
f 1151 1163 1152
f 1152 1163 1164
f 1152 1164 1153
f 1153 1164 1165
f 1153 1165 1154
f 1154 1165 1166
f 1154 1166 1155
f 1155 1166 1167
f 1155 1167 1156
f 1156 1167 1168
f 1156 1168 1157
f 1157 1168 1169
f 1157 1169 1158
f 1158 1169 1170
f 1158 1170 1159
f 1159 1170 1171
f 1159 1171 1160
f 1160 1171 1172
f 1160 1172 1161
f 1161 1172 1173
f 1161 1173 1162
f 1162 1173 1174
f 1162 1174 1163
f 1163 1174 1175
f 1163 1175 1164
f 1164 1175 1176
f 1164 1176 1165
f 1165 1176 1177
f 1165 1177 1166
f 1166 1177 1178
f 1166 1178 1167
f 1167 1178 1179
f 1167 1179 1168
f 1168 1179 1180
f 1168 1180 1169
f 1169 1180 1181
f 1169 1181 1170
f 1170 1181 1182
f 1170 1182 1171
f 1171 1182 1183
f 1171 1183 1172
f 1172 1183 1184
f 1172 1184 1173
f 1173 1184 1185
f 1173 1185 1174
f 1174 1185 1186
f 1174 1186 1175
f 1175 1186 1187
f 1175 1187 1176
f 1176 1187 1188
f 1176 1188 1177
f 1177 1188 1189
f 1177 1189 1178
f 1178 1189 1190
f 1178 1190 1179
f 1179 1190 1191
f 1179 1191 1180
f 1180 1191 1192
f 1180 1192 1181
f 1181 1192 1193
f 1181 1193 1182
f 1182 1193 1194
f 1182 1194 1183
f 1183 1194 1195
f 1183 1195 1184
f 1184 1195 1196
f 1184 1196 1185
f 1185 1196 1197
f 1185 1197 1186
f 1186 1197 1198
f 1186 1198 1187
f 1187 1198 1199
f 1187 1199 1188
f 1188 1199 1200
f 1188 1200 1189
f 1189 1200 1201
f 1189 1201 1190
f 1190 1201 1202
f 1190 1202 1191
f 1191 1202 1203
f 1191 1203 1192
f 1192 1203 1204
f 1192 1204 1193
f 1193 1204 1205
f 1193 1205 1194
f 1194 1205 1206
f 1194 1206 1195
f 1195 1206 1207
f 1195 1207 1196
f 1196 1207 1208
f 1196 1208 1197
f 1197 1208 1209
f 1197 1209 1198
f 1198 1209 1210
f 1198 1210 1199
f 1199 1210 1211
f 1199 1211 1200
f 1200 1211 1212
f 1200 1212 1201
f 1201 1212 1213
f 1201 1213 1202
f 1202 1213 1214
f 1202 1214 1203
f 1203 1214 1215
f 1203 1215 1204
f 1204 1215 1216
f 1204 1216 1205
f 1205 1216 1217
f 1205 1217 1206
f 1206 1217 1218
f 1206 1218 1207
f 1207 1218 1219
f 1207 1219 1208
f 1208 1219 1220
f 1208 1220 1209
f 1209 1220 1221
f 1209 1221 1210
f 1210 1221 1222
f 1210 1222 1211
f 1211 1222 1223
f 1211 1223 1212
f 1212 1223 1224
f 1212 1224 1213
f 1213 1224 1225
f 1213 1225 1214
f 1214 1225 1226
f 1214 1226 1215
f 1215 1226 1227
f 1215 1227 1216
f 1216 1227 1228
f 1216 1228 1217
f 1217 1228 1229
f 1217 1229 1218
f 1218 1229 1230
f 1218 1230 1219
f 1219 1230 1231
f 1219 1231 1220
f 1220 1231 1232
f 1220 1232 1221
f 1221 1232 1233
f 1221 1233 1222
f 1222 1233 1234
f 1222 1234 1223
f 1223 1234 1235
f 1223 1235 1224
f 1224 1235 1236
f 1224 1236 1225
f 1225 1236 1237
f 1225 1237 1226
f 1226 1237 1238
f 1226 1238 1227
f 1227 1238 1239
f 1227 1239 1228
f 1228 1239 1240
f 1228 1240 1229
f 1229 1240 1241
f 1229 1241 1230
f 1230 1241 1242
f 1230 1242 1231
f 1231 1242 1243
f 1231 1243 1232
f 1232 1243 1244
f 1232 1244 1233
f 1233 1244 1245
f 1233 1245 1234
f 1234 1245 1246
f 1234 1246 1235
f 1235 1246 1247
f 1235 1247 1236
f 1236 1247 1248
f 1236 1248 1237
f 1237 1248 1249
f 1237 1249 1238
f 1238 1249 1250
f 1238 1250 1239
f 1239 1250 1251
f 1239 1251 1240
f 1240 1251 1252
f 1240 1252 1241
f 1241 1252 1253
f 1241 1253 1242
f 1242 1253 1254
f 1242 1254 1243
f 1243 1254 1255
f 1243 1255 1244
f 1244 1255 1256
f 1244 1256 1245
f 1245 1256 1257
f 1245 1257 1246
f 1246 1257 1258
f 1246 1258 1247
f 1247 1258 1259
f 1247 1259 1248
f 1248 1259 1260
f 1248 1260 1249
f 1249 1260 1261
f 1249 1261 1250
f 1250 1261 1262
f 1250 1262 1251
f 1251 1262 1263
f 1251 1263 1252
f 1252 1263 1264
f 1252 1264 1253
f 1253 1264 1265
f 1253 1265 1254
f 1254 1265 1266
f 1254 1266 1255
f 1255 1266 691
f 1255 691 1256
f 1256 691 692
f 1256 692 1257
f 1257 692 693
f 1257 693 1258
f 1258 693 694
f 1258 694 1259
f 1259 694 695
f 1259 695 1260
f 1260 695 696
f 1260 696 1261
f 1261 696 697
f 1261 697 1262
f 1262 697 698
f 1262 698 1263
f 1263 698 699
f 1263 699 1264
f 1264 699 700
f 1264 700 1265
f 1265 700 701
f 1265 701 1266
f 1266 701 702
f 1266 702 691
f 691 702 703

o sun_cord_3
v 0.00000000 0.00000000 -0.97000000 0.30980392 0.83921569 0.81568627
v 0.03000000 0.00000000 -0.97000000 0.30980392 0.83921569 0.81568627
v 0.03000000 0.00000000 0.97000000 0.30980392 0.83921569 0.81568627
v 0.00000000 0.00000000 0.97000000 0.30980392 0.83921569 0.81568627
v 0.02771639 0.01148050 -0.97000000 0.30980392 0.83921569 0.81568627
v 0.02771639 0.01148050 0.97000000 0.30980392 0.83921569 0.81568627
v 0.02121320 0.02121320 -0.97000000 0.30980392 0.83921569 0.81568627
v 0.02121320 0.02121320 0.97000000 0.30980392 0.83921569 0.81568627
v 0.01148050 0.02771639 -0.97000000 0.30980392 0.83921569 0.81568627
v 0.01148050 0.02771639 0.97000000 0.30980392 0.83921569 0.81568627
v 0.00000000 0.03000000 -0.97000000 0.30980392 0.83921569 0.81568627
v 0.00000000 0.03000000 0.97000000 0.30980392 0.83921569 0.81568627
v -0.01148050 0.02771639 -0.97000000 0.30980392 0.83921569 0.81568627
v -0.01148050 0.02771639 0.97000000 0.30980392 0.83921569 0.81568627
v -0.02121320 0.02121320 -0.97000000 0.30980392 0.83921569 0.81568627
v -0.02121320 0.02121320 0.97000000 0.30980392 0.83921569 0.81568627
v -0.02771639 0.01148050 -0.97000000 0.30980392 0.83921569 0.81568627
v -0.02771639 0.01148050 0.97000000 0.30980392 0.83921569 0.81568627
v -0.03000000 0.00000000 -0.97000000 0.30980392 0.83921569 0.81568627
v -0.03000000 0.00000000 0.97000000 0.30980392 0.83921569 0.81568627
v -0.02771639 -0.01148050 -0.97000000 0.30980392 0.83921569 0.81568627
v -0.02771639 -0.01148050 0.97000000 0.30980392 0.83921569 0.81568627
v -0.02121320 -0.02121320 -0.97000000 0.30980392 0.83921569 0.81568627
v -0.02121320 -0.02121320 0.97000000 0.30980392 0.83921569 0.81568627
v -0.01148050 -0.02771639 -0.97000000 0.30980392 0.83921569 0.81568627
v -0.01148050 -0.02771639 0.97000000 0.30980392 0.83921569 0.81568627
v -0.00000000 -0.03000000 -0.97000000 0.30980392 0.83921569 0.81568627
v -0.00000000 -0.03000000 0.97000000 0.30980392 0.83921569 0.81568627
v 0.01148050 -0.02771639 -0.97000000 0.30980392 0.83921569 0.81568627
v 0.01148050 -0.02771639 0.97000000 0.30980392 0.83921569 0.81568627
v 0.02121320 -0.02121320 -0.97000000 0.30980392 0.83921569 0.81568627
v 0.02121320 -0.02121320 0.97000000 0.30980392 0.83921569 0.81568627
v 0.02771639 -0.01148050 -0.97000000 0.30980392 0.83921569 0.81568627
v 0.02771639 -0.01148050 0.97000000 0.30980392 0.83921569 0.81568627
f 1268 1267 1271
f 1268 1271 1269
f 1269 1271 1272
f 1269 1272 1270
f 1271 1267 1273
f 1271 1273 1272
f 1272 1273 1274
f 1272 1274 1270
f 1273 1267 1275
f 1273 1275 1274
f 1274 1275 1276
f 1274 1276 1270
f 1275 1267 1277
f 1275 1277 1276
f 1276 1277 1278
f 1276 1278 1270
f 1277 1267 1279
f 1277 1279 1278
f 1278 1279 1280
f 1278 1280 1270
f 1279 1267 1281
f 1279 1281 1280
f 1280 1281 1282
f 1280 1282 1270
f 1281 1267 1283
f 1281 1283 1282
f 1282 1283 1284
f 1282 1284 1270
f 1283 1267 1285
f 1283 1285 1284
f 1284 1285 1286
f 1284 1286 1270
f 1285 1267 1287
f 1285 1287 1286
f 1286 1287 1288
f 1286 1288 1270
f 1287 1267 1289
f 1287 1289 1288
f 1288 1289 1290
f 1288 1290 1270
f 1289 1267 1291
f 1289 1291 1290
f 1290 1291 1292
f 1290 1292 1270
f 1291 1267 1293
f 1291 1293 1292
f 1292 1293 1294
f 1292 1294 1270
f 1293 1267 1295
f 1293 1295 1294
f 1294 1295 1296
f 1294 1296 1270
f 1295 1267 1297
f 1295 1297 1296
f 1296 1297 1298
f 1296 1298 1270
f 1297 1267 1299
f 1297 1299 1298
f 1298 1299 1300
f 1298 1300 1270
f 1299 1267 1268
f 1299 1268 1300
f 1300 1268 1269
f 1300 1269 1270

