# https://github.com/mikedh/trimesh

o feedstock_spine_0
v 0.00000000 0.00000000 -1.10000000 0.30980392 0.83921569 0.81568627
v 0.08000000 0.00000000 -1.10000000 0.30980392 0.83921569 0.81568627
v 0.08000000 0.00000000 1.10000000 0.30980392 0.83921569 0.81568627
v 0.00000000 0.00000000 1.10000000 0.30980392 0.83921569 0.81568627
v 0.07608452 0.02472136 -1.10000000 0.30980392 0.83921569 0.81568627
v 0.07608452 0.02472136 1.10000000 0.30980392 0.83921569 0.81568627
v 0.06472136 0.04702282 -1.10000000 0.30980392 0.83921569 0.81568627
v 0.06472136 0.04702282 1.10000000 0.30980392 0.83921569 0.81568627
v 0.04702282 0.06472136 -1.10000000 0.30980392 0.83921569 0.81568627
v 0.04702282 0.06472136 1.10000000 0.30980392 0.83921569 0.81568627
v 0.02472136 0.07608452 -1.10000000 0.30980392 0.83921569 0.81568627
v 0.02472136 0.07608452 1.10000000 0.30980392 0.83921569 0.81568627
v 0.00000000 0.08000000 -1.10000000 0.30980392 0.83921569 0.81568627
v 0.00000000 0.08000000 1.10000000 0.30980392 0.83921569 0.81568627
v -0.02472136 0.07608452 -1.10000000 0.30980392 0.83921569 0.81568627
v -0.02472136 0.07608452 1.10000000 0.30980392 0.83921569 0.81568627
v -0.04702282 0.06472136 -1.10000000 0.30980392 0.83921569 0.81568627
v -0.04702282 0.06472136 1.10000000 0.30980392 0.83921569 0.81568627
v -0.06472136 0.04702282 -1.10000000 0.30980392 0.83921569 0.81568627
v -0.06472136 0.04702282 1.10000000 0.30980392 0.83921569 0.81568627
v -0.07608452 0.02472136 -1.10000000 0.30980392 0.83921569 0.81568627
v -0.07608452 0.02472136 1.10000000 0.30980392 0.83921569 0.81568627
v -0.08000000 0.00000000 -1.10000000 0.30980392 0.83921569 0.81568627
v -0.08000000 0.00000000 1.10000000 0.30980392 0.83921569 0.81568627
v -0.07608452 -0.02472136 -1.10000000 0.30980392 0.83921569 0.81568627
v -0.07608452 -0.02472136 1.10000000 0.30980392 0.83921569 0.81568627
v -0.06472136 -0.04702282 -1.10000000 0.30980392 0.83921569 0.81568627
v -0.06472136 -0.04702282 1.10000000 0.30980392 0.83921569 0.81568627
v -0.04702282 -0.06472136 -1.10000000 0.30980392 0.83921569 0.81568627
v -0.04702282 -0.06472136 1.10000000 0.30980392 0.83921569 0.81568627
v -0.02472136 -0.07608452 -1.10000000 0.30980392 0.83921569 0.81568627
v -0.02472136 -0.07608452 1.10000000 0.30980392 0.83921569 0.81568627
v -0.00000000 -0.08000000 -1.10000000 0.30980392 0.83921569 0.81568627
v -0.00000000 -0.08000000 1.10000000 0.30980392 0.83921569 0.81568627
v 0.02472136 -0.07608452 -1.10000000 0.30980392 0.83921569 0.81568627
v 0.02472136 -0.07608452 1.10000000 0.30980392 0.83921569 0.81568627
v 0.04702282 -0.06472136 -1.10000000 0.30980392 0.83921569 0.81568627
v 0.04702282 -0.06472136 1.10000000 0.30980392 0.83921569 0.81568627
v 0.06472136 -0.04702282 -1.10000000 0.30980392 0.83921569 0.81568627
v 0.06472136 -0.04702282 1.10000000 0.30980392 0.83921569 0.81568627
v 0.07608452 -0.02472136 -1.10000000 0.30980392 0.83921569 0.81568627
v 0.07608452 -0.02472136 1.10000000 0.30980392 0.83921569 0.81568627
f 2 1 5
f 2 5 3
f 3 5 6
f 3 6 4
f 5 1 7
f 5 7 6
f 6 7 8
f 6 8 4
f 7 1 9
f 7 9 8
f 8 9 10
f 8 10 4
f 9 1 11
f 9 11 10
f 10 11 12
f 10 12 4
f 11 1 13
f 11 13 12
f 12 13 14
f 12 14 4
f 13 1 15
f 13 15 14
f 14 15 16
f 14 16 4
f 15 1 17
f 15 17 16
f 16 17 18
f 16 18 4
f 17 1 19
f 17 19 18
f 18 19 20
f 18 20 4
f 19 1 21
f 19 21 20
f 20 21 22
f 20 22 4
f 21 1 23
f 21 23 22
f 22 23 24
f 22 24 4
f 23 1 25
f 23 25 24
f 24 25 26
f 24 26 4
f 25 1 27
f 25 27 26
f 26 27 28
f 26 28 4
f 27 1 29
f 27 29 28
f 28 29 30
f 28 30 4
f 29 1 31
f 29 31 30
f 30 31 32
f 30 32 4
f 31 1 33
f 31 33 32
f 32 33 34
f 32 34 4
f 33 1 35
f 33 35 34
f 34 35 36
f 34 36 4
f 35 1 37
f 35 37 36
f 36 37 38
f 36 38 4
f 37 1 39
f 37 39 38
f 38 39 40
f 38 40 4
f 39 1 41
f 39 41 40
f 40 41 42
f 40 42 4
f 41 1 2
f 41 2 42
f 42 2 3
f 42 3 4

o cradle_0_1
v 0.39228067 0.25519524 -0.90000000 0.90196078 0.67450980 0.42745098
v 0.70771933 0.25519524 -0.90000000 0.90196078 0.67450980 0.42745098
v 0.39228067 -0.25519524 -0.90000000 0.90196078 0.67450980 0.42745098
v 0.70771933 -0.25519524 -0.90000000 0.90196078 0.67450980 0.42745098
v 0.55000000 -0.15771933 -0.65756452 0.90196078 0.67450980 0.42745098
v 0.55000000 0.15771933 -0.65756452 0.90196078 0.67450980 0.42745098
v 0.55000000 -0.15771933 -1.14243548 0.90196078 0.67450980 0.42745098
v 0.55000000 0.15771933 -1.14243548 0.90196078 0.67450980 0.42745098
v 0.80519524 0.00000000 -1.04983337 0.90196078 0.67450980 0.42745098
v 0.80519524 0.00000000 -0.75016663 0.90196078 0.67450980 0.42745098
v 0.29480476 0.00000000 -1.04983337 0.90196078 0.67450980 0.42745098
v 0.29480476 0.00000000 -0.75016663 0.90196078 0.67450980 0.42745098
v 0.55000000 0.30000000 -0.90000000 0.90196078 0.67450980 0.42745098
v 0.55000000 -0.30000000 -0.90000000 0.90196078 0.67450980 0.42745098
v 0.45729490 -0.24270510 -0.75750000 0.90196078 0.67450980 0.42745098
v 0.64270510 -0.24270510 -0.75750000 0.90196078 0.67450980 0.42745098
v 0.45729490 0.24270510 -0.75750000 0.90196078 0.67450980 0.42745098
v 0.64270510 0.24270510 -0.75750000 0.90196078 0.67450980 0.42745098
v 0.55000000 0.00000000 -0.61500000 0.90196078 0.67450980 0.42745098
v 0.45729490 -0.24270510 -1.04250000 0.90196078 0.67450980 0.42745098
v 0.64270510 -0.24270510 -1.04250000 0.90196078 0.67450980 0.42745098
v 0.45729490 0.24270510 -1.04250000 0.90196078 0.67450980 0.42745098
v 0.64270510 0.24270510 -1.04250000 0.90196078 0.67450980 0.42745098
v 0.55000000 0.00000000 -1.18500000 0.90196078 0.67450980 0.42745098
v 0.79270510 0.15000000 -0.98806984 0.90196078 0.67450980 0.42745098
v 0.79270510 -0.15000000 -0.98806984 0.90196078 0.67450980 0.42745098
v 0.70000000 -0.09270510 -1.13056984 0.90196078 0.67450980 0.42745098
v 0.70000000 0.09270510 -1.13056984 0.90196078 0.67450980 0.42745098
v 0.79270510 0.15000000 -0.81193016 0.90196078 0.67450980 0.42745098
v 0.79270510 -0.15000000 -0.81193016 0.90196078 0.67450980 0.42745098
v 0.70000000 -0.09270510 -0.66943016 0.90196078 0.67450980 0.42745098
v 0.70000000 0.09270510 -0.66943016 0.90196078 0.67450980 0.42745098
v 0.85000000 0.00000000 -0.90000000 0.90196078 0.67450980 0.42745098
v 0.30729490 0.15000000 -0.98806984 0.90196078 0.67450980 0.42745098
v 0.30729490 -0.15000000 -0.98806984 0.90196078 0.67450980 0.42745098
v 0.40000000 -0.09270510 -1.13056984 0.90196078 0.67450980 0.42745098
v 0.40000000 0.09270510 -1.13056984 0.90196078 0.67450980 0.42745098
v 0.30729490 0.15000000 -0.81193016 0.90196078 0.67450980 0.42745098
v 0.30729490 -0.15000000 -0.81193016 0.90196078 0.67450980 0.42745098
v 0.40000000 -0.09270510 -0.66943016 0.90196078 0.67450980 0.42745098
v 0.40000000 0.09270510 -0.66943016 0.90196078 0.67450980 0.42745098
v 0.25000000 0.00000000 -0.90000000 0.90196078 0.67450980 0.42745098
v 0.46802004 0.28858151 -0.90000000 0.90196078 0.67450980 0.42745098
v 0.63197996 0.28858151 -0.90000000 0.90196078 0.67450980 0.42745098
v 0.46802004 -0.28858151 -0.90000000 0.90196078 0.67450980 0.42745098
v 0.63197996 -0.28858151 -0.90000000 0.90196078 0.67450980 0.42745098
v 0.41983343 -0.25880054 -0.82593080 0.90196078 0.67450980 0.42745098
v 0.50181339 -0.20813414 -0.69991676 0.90196078 0.67450980 0.42745098
v 0.50126205 -0.28531695 -0.82508332 0.90196078 0.67450980 0.42745098
v 0.68016657 -0.25880054 -0.82593080 0.90196078 0.67450980 0.42745098
v 0.59818661 -0.20813414 -0.69991676 0.90196078 0.67450980 0.42745098
v 0.59873795 -0.28531695 -0.82508332 0.90196078 0.67450980 0.42745098
v 0.55000000 -0.25519524 -0.75016663 0.90196078 0.67450980 0.42745098
v 0.41983343 0.25880054 -0.82593080 0.90196078 0.67450980 0.42745098
v 0.50181339 0.20813414 -0.69991676 0.90196078 0.67450980 0.42745098
v 0.50126205 0.28531695 -0.82508332 0.90196078 0.67450980 0.42745098
v 0.68016657 0.25880054 -0.82593080 0.90196078 0.67450980 0.42745098
v 0.59818661 0.20813414 -0.69991676 0.90196078 0.67450980 0.42745098
v 0.59873795 0.28531695 -0.82508332 0.90196078 0.67450980 0.42745098
v 0.55000000 0.25519524 -0.75016663 0.90196078 0.67450980 0.42745098
v 0.55000000 -0.08197996 -0.62584757 0.90196078 0.67450980 0.42745098
v 0.55000000 0.08197996 -0.62584757 0.90196078 0.67450980 0.42745098
v 0.41983343 -0.25880054 -0.97406920 0.90196078 0.67450980 0.42745098
v 0.50181339 -0.20813414 -1.10008324 0.90196078 0.67450980 0.42745098
v 0.50126205 -0.28531695 -0.97491668 0.90196078 0.67450980 0.42745098
v 0.68016657 -0.25880054 -0.97406920 0.90196078 0.67450980 0.42745098
v 0.59818661 -0.20813414 -1.10008324 0.90196078 0.67450980 0.42745098
v 0.59873795 -0.28531695 -0.97491668 0.90196078 0.67450980 0.42745098
v 0.55000000 -0.25519524 -1.04983337 0.90196078 0.67450980 0.42745098
v 0.41983343 0.25880054 -0.97406920 0.90196078 0.67450980 0.42745098
v 0.50181339 0.20813414 -1.10008324 0.90196078 0.67450980 0.42745098
v 0.50126205 0.28531695 -0.97491668 0.90196078 0.67450980 0.42745098
v 0.68016657 0.25880054 -0.97406920 0.90196078 0.67450980 0.42745098
v 0.59818661 0.20813414 -1.10008324 0.90196078 0.67450980 0.42745098
v 0.59873795 0.28531695 -0.97491668 0.90196078 0.67450980 0.42745098
v 0.55000000 0.25519524 -1.04983337 0.90196078 0.67450980 0.42745098
v 0.55000000 -0.08197996 -1.17415243 0.90196078 0.67450980 0.42745098
v 0.55000000 0.08197996 -1.17415243 0.90196078 0.67450980 0.42745098
v 0.75813414 0.21061393 -0.94577728 0.90196078 0.67450980 0.42745098
v 0.80880054 0.07796757 -1.02365824 0.90196078 0.67450980 0.42745098
v 0.72633558 0.20645729 -1.02121774 0.90196078 0.67450980 0.42745098
v 0.75813414 -0.21061393 -0.94577728 0.90196078 0.67450980 0.42745098
v 0.80880054 -0.07796757 -1.02365824 0.90196078 0.67450980 0.42745098
v 0.72633558 -0.20645729 -1.02121774 0.90196078 0.67450980 0.42745098
v 0.62796757 -0.13016657 -1.14586052 0.90196078 0.67450980 0.42745098
v 0.76061393 -0.04818661 -1.09772744 0.90196078 0.67450980 0.42745098
v 0.67759762 -0.17633558 -1.09613442 0.90196078 0.67450980 0.42745098
v 0.62885967 -0.04873795 -1.17105111 0.90196078 0.67450980 0.42745098
v 0.75645729 -0.12759762 -1.06751880 0.90196078 0.67450980 0.42745098
v 0.62796757 0.13016657 -1.14586052 0.90196078 0.67450980 0.42745098
v 0.76061393 0.04818661 -1.09772744 0.90196078 0.67450980 0.42745098
v 0.67759762 0.17633558 -1.09613442 0.90196078 0.67450980 0.42745098
v 0.62885967 0.04873795 -1.17105111 0.90196078 0.67450980 0.42745098
v 0.75645729 0.12759762 -1.06751880 0.90196078 0.67450980 0.42745098
v 0.70771933 0.00000000 -1.14243548 0.90196078 0.67450980 0.42745098
v 0.75813414 0.21061393 -0.85422272 0.90196078 0.67450980 0.42745098
v 0.80880054 0.07796757 -0.77634176 0.90196078 0.67450980 0.42745098
v 0.72633558 0.20645729 -0.77878226 0.90196078 0.67450980 0.42745098
v 0.80519524 0.15771933 -0.90000000 0.90196078 0.67450980 0.42745098
v 0.75813414 -0.21061393 -0.85422272 0.90196078 0.67450980 0.42745098
v 0.80880054 -0.07796757 -0.77634176 0.90196078 0.67450980 0.42745098
v 0.72633558 -0.20645729 -0.77878226 0.90196078 0.67450980 0.42745098
v 0.80519524 -0.15771933 -0.90000000 0.90196078 0.67450980 0.42745098
v 0.62796757 -0.13016657 -0.65413948 0.90196078 0.67450980 0.42745098
v 0.76061393 -0.04818661 -0.70227256 0.90196078 0.67450980 0.42745098
v 0.67759762 -0.17633558 -0.70386558 0.90196078 0.67450980 0.42745098
v 0.62885967 -0.04873795 -0.62894889 0.90196078 0.67450980 0.42745098
v 0.75645729 -0.12759762 -0.73248120 0.90196078 0.67450980 0.42745098
v 0.62796757 0.13016657 -0.65413948 0.90196078 0.67450980 0.42745098
v 0.76061393 0.04818661 -0.70227256 0.90196078 0.67450980 0.42745098
v 0.67759762 0.17633558 -0.70386558 0.90196078 0.67450980 0.42745098
v 0.62885967 0.04873795 -0.62894889 0.90196078 0.67450980 0.42745098
v 0.75645729 0.12759762 -0.73248120 0.90196078 0.67450980 0.42745098
v 0.70771933 0.00000000 -0.65756452 0.90196078 0.67450980 0.42745098
v 0.83858151 0.00000000 -0.97788096 0.90196078 0.67450980 0.42745098
v 0.83858151 0.00000000 -0.82211904 0.90196078 0.67450980 0.42745098
v 0.83531695 0.07885967 -0.94630106 0.90196078 0.67450980 0.42745098
v 0.83531695 -0.07885967 -0.94630106 0.90196078 0.67450980 0.42745098
v 0.83531695 0.07885967 -0.85369894 0.90196078 0.67450980 0.42745098
v 0.83531695 -0.07885967 -0.85369894 0.90196078 0.67450980 0.42745098
v 0.34186586 0.21061393 -0.94577728 0.90196078 0.67450980 0.42745098
v 0.29119946 0.07796757 -1.02365824 0.90196078 0.67450980 0.42745098
v 0.37366442 0.20645729 -1.02121774 0.90196078 0.67450980 0.42745098
v 0.34186586 -0.21061393 -0.94577728 0.90196078 0.67450980 0.42745098
v 0.29119946 -0.07796757 -1.02365824 0.90196078 0.67450980 0.42745098
v 0.37366442 -0.20645729 -1.02121774 0.90196078 0.67450980 0.42745098
v 0.47203243 -0.13016657 -1.14586052 0.90196078 0.67450980 0.42745098
v 0.33938607 -0.04818661 -1.09772744 0.90196078 0.67450980 0.42745098
v 0.42240238 -0.17633558 -1.09613442 0.90196078 0.67450980 0.42745098
v 0.47114033 -0.04873795 -1.17105111 0.90196078 0.67450980 0.42745098
v 0.34354271 -0.12759762 -1.06751880 0.90196078 0.67450980 0.42745098
v 0.47203243 0.13016657 -1.14586052 0.90196078 0.67450980 0.42745098
v 0.33938607 0.04818661 -1.09772744 0.90196078 0.67450980 0.42745098
v 0.42240238 0.17633558 -1.09613442 0.90196078 0.67450980 0.42745098
v 0.47114033 0.04873795 -1.17105111 0.90196078 0.67450980 0.42745098
v 0.34354271 0.12759762 -1.06751880 0.90196078 0.67450980 0.42745098
v 0.39228067 0.00000000 -1.14243548 0.90196078 0.67450980 0.42745098
v 0.34186586 0.21061393 -0.85422272 0.90196078 0.67450980 0.42745098
v 0.29119946 0.07796757 -0.77634176 0.90196078 0.67450980 0.42745098
v 0.37366442 0.20645729 -0.77878226 0.90196078 0.67450980 0.42745098
v 0.29480476 0.15771933 -0.90000000 0.90196078 0.67450980 0.42745098
v 0.34186586 -0.21061393 -0.85422272 0.90196078 0.67450980 0.42745098
v 0.29119946 -0.07796757 -0.77634176 0.90196078 0.67450980 0.42745098
v 0.37366442 -0.20645729 -0.77878226 0.90196078 0.67450980 0.42745098
v 0.29480476 -0.15771933 -0.90000000 0.90196078 0.67450980 0.42745098
v 0.47203243 -0.13016657 -0.65413948 0.90196078 0.67450980 0.42745098
v 0.33938607 -0.04818661 -0.70227256 0.90196078 0.67450980 0.42745098
v 0.42240238 -0.17633558 -0.70386558 0.90196078 0.67450980 0.42745098
v 0.47114033 -0.04873795 -0.62894889 0.90196078 0.67450980 0.42745098
v 0.34354271 -0.12759762 -0.73248120 0.90196078 0.67450980 0.42745098
v 0.47203243 0.13016657 -0.65413948 0.90196078 0.67450980 0.42745098
v 0.33938607 0.04818661 -0.70227256 0.90196078 0.67450980 0.42745098
v 0.42240238 0.17633558 -0.70386558 0.90196078 0.67450980 0.42745098
v 0.47114033 0.04873795 -0.62894889 0.90196078 0.67450980 0.42745098
v 0.34354271 0.12759762 -0.73248120 0.90196078 0.67450980 0.42745098
v 0.39228067 0.00000000 -0.65756452 0.90196078 0.67450980 0.42745098
v 0.26141849 0.00000000 -0.97788096 0.90196078 0.67450980 0.42745098
v 0.26141849 0.00000000 -0.82211904 0.90196078 0.67450980 0.42745098
v 0.26468305 0.07885967 -0.94630106 0.90196078 0.67450980 0.42745098
v 0.26468305 -0.07885967 -0.94630106 0.90196078 0.67450980 0.42745098
v 0.26468305 0.07885967 -0.85369894 0.90196078 0.67450980 0.42745098
v 0.26468305 -0.07885967 -0.85369894 0.90196078 0.67450980 0.42745098
f 43 180 96
f 180 80 182
f 96 182 59
f 180 182 96
f 80 181 197
f 181 54 194
f 197 194 83
f 181 194 197
f 59 195 97
f 195 83 193
f 97 193 48
f 195 193 97
f 80 197 182
f 197 83 195
f 182 195 59
f 197 195 182
f 43 96 85
f 96 59 98
f 85 98 55
f 96 98 85
f 59 97 102
f 97 48 100
f 102 100 60
f 97 100 102
f 55 101 86
f 101 60 99
f 86 99 44
f 101 99 86
f 59 102 98
f 102 60 101
f 98 101 55
f 102 101 98
f 43 85 112
f 85 55 114
f 112 114 64
f 85 114 112
f 55 86 117
f 86 44 115
f 117 115 65
f 86 115 117
f 64 118 113
f 118 65 116
f 113 116 50
f 118 116 113
f 55 117 114
f 117 65 118
f 114 118 64
f 117 118 114
f 43 112 163
f 112 64 165
f 163 165 76
f 112 165 163
f 64 113 176
f 113 50 174
f 176 174 79
f 113 174 176
f 76 178 164
f 178 79 175
f 164 175 53
f 178 175 164
f 64 176 165
f 176 79 178
f 165 178 76
f 176 178 165
f 43 163 180
f 163 76 183
f 180 183 80
f 163 183 180
f 76 164 201
f 164 53 199
f 201 199 84
f 164 199 201
f 80 203 181
f 203 84 200
f 181 200 54
f 203 200 181
f 76 201 183
f 201 84 203
f 183 203 80
f 201 203 183
f 44 99 138
f 99 60 140
f 138 140 71
f 99 140 138
f 60 100 153
f 100 48 151
f 153 151 74
f 100 151 153
f 71 155 139
f 155 74 152
f 139 152 52
f 155 152 139
f 60 153 140
f 153 74 155
f 140 155 71
f 153 155 140
f 48 193 104
f 193 83 196
f 104 196 61
f 193 196 104
f 83 194 198
f 194 54 189
f 198 189 82
f 194 189 198
f 61 191 103
f 191 82 188
f 103 188 47
f 191 188 103
f 83 198 196
f 198 82 191
f 196 191 61
f 198 191 196
f 54 200 185
f 200 84 204
f 185 204 81
f 200 204 185
f 84 199 202
f 199 53 167
f 202 167 77
f 199 167 202
f 81 187 184
f 187 77 166
f 184 166 45
f 187 166 184
f 84 202 204
f 202 77 187
f 204 187 81
f 202 187 204
f 53 175 170
f 175 79 179
f 170 179 78
f 175 179 170
f 79 174 177
f 174 50 120
f 177 120 66
f 174 120 177
f 78 172 169
f 172 66 119
f 169 119 49
f 172 119 169
f 79 177 179
f 177 66 172
f 179 172 78
f 177 172 179
f 50 116 132
f 116 65 134
f 132 134 70
f 116 134 132
f 65 115 123
f 115 44 121
f 123 121 67
f 115 121 123
f 70 136 133
f 136 67 122
f 133 122 51
f 136 122 133
f 65 123 134
f 123 67 136
f 134 136 70
f 123 136 134
f 46 142 92
f 142 72 144
f 92 144 58
f 142 144 92
f 72 143 150
f 143 52 147
f 150 147 73
f 143 147 150
f 58 148 93
f 148 73 146
f 93 146 47
f 148 146 93
f 72 150 144
f 150 73 148
f 144 148 58
f 150 148 144
f 46 92 88
f 92 58 94
f 88 94 56
f 92 94 88
f 58 93 95
f 93 47 90
f 95 90 57
f 93 90 95
f 56 91 87
f 91 57 89
f 87 89 45
f 91 89 87
f 58 95 94
f 95 57 91
f 94 91 56
f 95 91 94
f 46 88 108
f 88 56 110
f 108 110 63
f 88 110 108
f 56 87 107
f 87 45 105
f 107 105 62
f 87 105 107
f 63 111 109
f 111 62 106
f 109 106 49
f 111 106 109
f 56 107 110
f 107 62 111
f 110 111 63
f 107 111 110
f 46 108 124
f 108 63 126
f 124 126 68
f 108 126 124
f 63 109 129
f 109 49 127
f 129 127 69
f 109 127 129
f 68 131 125
f 131 69 128
f 125 128 51
f 131 128 125
f 63 129 126
f 129 69 131
f 126 131 68
f 129 131 126
f 46 124 142
f 124 68 145
f 142 145 72
f 124 145 142
f 68 125 160
f 125 51 157
f 160 157 75
f 125 157 160
f 72 162 143
f 162 75 158
f 143 158 52
f 162 158 143
f 68 160 145
f 160 75 162
f 145 162 72
f 160 162 145
f 47 146 103
f 146 73 149
f 103 149 61
f 146 149 103
f 73 147 156
f 147 52 152
f 156 152 74
f 147 152 156
f 61 154 104
f 154 74 151
f 104 151 48
f 154 151 104
f 73 156 149
f 156 74 154
f 149 154 61
f 156 154 149
f 45 89 184
f 89 57 186
f 184 186 81
f 89 186 184
f 57 90 190
f 90 47 188
f 190 188 82
f 90 188 190
f 81 192 185
f 192 82 189
f 185 189 54
f 192 189 185
f 57 190 186
f 190 82 192
f 186 192 81
f 190 192 186
f 49 106 169
f 106 62 171
f 169 171 78
f 106 171 169
f 62 105 168
f 105 45 166
f 168 166 77
f 105 166 168
f 78 173 170
f 173 77 167
f 170 167 53
f 173 167 170
f 62 168 171
f 168 77 173
f 171 173 78
f 168 173 171
f 51 128 133
f 128 69 137
f 133 137 70
f 128 137 133
f 69 127 130
f 127 49 119
f 130 119 66
f 127 119 130
f 70 135 132
f 135 66 120
f 132 120 50
f 135 120 132
f 69 130 137
f 130 66 135
f 137 135 70
f 130 135 137
f 52 158 139
f 158 75 161
f 139 161 71
f 158 161 139
f 75 157 159
f 157 51 122
f 159 122 67
f 157 122 159
f 71 141 138
f 141 67 121
f 138 121 44
f 141 121 138
f 75 159 161
f 159 67 141
f 161 141 71
f 159 141 161

o cradle_alt_0_2
v -0.68406143 0.21691596 -0.68000000 0.90196078 0.67450980 0.42745098
v -0.41593857 0.21691596 -0.68000000 0.90196078 0.67450980 0.42745098
v -0.68406143 -0.21691596 -0.68000000 0.90196078 0.67450980 0.42745098
v -0.41593857 -0.21691596 -0.68000000 0.90196078 0.67450980 0.42745098
v -0.55000000 -0.13406143 -0.47584381 0.90196078 0.67450980 0.42745098
v -0.55000000 0.13406143 -0.47584381 0.90196078 0.67450980 0.42745098
v -0.55000000 -0.13406143 -0.88415619 0.90196078 0.67450980 0.42745098
v -0.55000000 0.13406143 -0.88415619 0.90196078 0.67450980 0.42745098
v -0.33308404 0.00000000 -0.80617547 0.90196078 0.67450980 0.42745098
v -0.33308404 0.00000000 -0.55382453 0.90196078 0.67450980 0.42745098
v -0.76691596 0.00000000 -0.80617547 0.90196078 0.67450980 0.42745098
v -0.76691596 0.00000000 -0.55382453 0.90196078 0.67450980 0.42745098
v -0.55000000 0.25500000 -0.68000000 0.90196078 0.67450980 0.42745098
v -0.55000000 -0.25500000 -0.68000000 0.90196078 0.67450980 0.42745098
v -0.62879933 -0.20629933 -0.56000000 0.90196078 0.67450980 0.42745098
v -0.47120067 -0.20629933 -0.56000000 0.90196078 0.67450980 0.42745098
v -0.62879933 0.20629933 -0.56000000 0.90196078 0.67450980 0.42745098
v -0.47120067 0.20629933 -0.56000000 0.90196078 0.67450980 0.42745098
v -0.55000000 0.00000000 -0.44000000 0.90196078 0.67450980 0.42745098
v -0.62879933 -0.20629933 -0.80000000 0.90196078 0.67450980 0.42745098
v -0.47120067 -0.20629933 -0.80000000 0.90196078 0.67450980 0.42745098
v -0.62879933 0.20629933 -0.80000000 0.90196078 0.67450980 0.42745098
v -0.47120067 0.20629933 -0.80000000 0.90196078 0.67450980 0.42745098
v -0.55000000 0.00000000 -0.92000000 0.90196078 0.67450980 0.42745098
v -0.34370067 0.12750000 -0.75416408 0.90196078 0.67450980 0.42745098
v -0.34370067 -0.12750000 -0.75416408 0.90196078 0.67450980 0.42745098
v -0.42250000 -0.07879933 -0.87416408 0.90196078 0.67450980 0.42745098
v -0.42250000 0.07879933 -0.87416408 0.90196078 0.67450980 0.42745098
v -0.34370067 0.12750000 -0.60583592 0.90196078 0.67450980 0.42745098
v -0.34370067 -0.12750000 -0.60583592 0.90196078 0.67450980 0.42745098
v -0.42250000 -0.07879933 -0.48583592 0.90196078 0.67450980 0.42745098
v -0.42250000 0.07879933 -0.48583592 0.90196078 0.67450980 0.42745098
v -0.29500000 0.00000000 -0.68000000 0.90196078 0.67450980 0.42745098
v -0.75629933 0.12750000 -0.75416408 0.90196078 0.67450980 0.42745098
v -0.75629933 -0.12750000 -0.75416408 0.90196078 0.67450980 0.42745098
v -0.67750000 -0.07879933 -0.87416408 0.90196078 0.67450980 0.42745098
v -0.67750000 0.07879933 -0.87416408 0.90196078 0.67450980 0.42745098
v -0.75629933 0.12750000 -0.60583592 0.90196078 0.67450980 0.42745098
v -0.75629933 -0.12750000 -0.60583592 0.90196078 0.67450980 0.42745098
v -0.67750000 -0.07879933 -0.48583592 0.90196078 0.67450980 0.42745098
v -0.67750000 0.07879933 -0.48583592 0.90196078 0.67450980 0.42745098
v -0.80500000 0.00000000 -0.68000000 0.90196078 0.67450980 0.42745098
v -0.61968296 0.24529428 -0.68000000 0.90196078 0.67450980 0.42745098
v -0.48031704 0.24529428 -0.68000000 0.90196078 0.67450980 0.42745098
v -0.61968296 -0.24529428 -0.68000000 0.90196078 0.67450980 0.42745098
v -0.48031704 -0.24529428 -0.68000000 0.90196078 0.67450980 0.42745098
v -0.66064158 -0.21998046 -0.61762594 0.90196078 0.67450980 0.42745098
v -0.59095862 -0.17691402 -0.51150885 0.90196078 0.67450980 0.42745098
v -0.59142726 -0.24251941 -0.61691227 0.90196078 0.67450980 0.42745098
v -0.43935842 -0.21998046 -0.61762594 0.90196078 0.67450980 0.42745098
v -0.50904138 -0.17691402 -0.51150885 0.90196078 0.67450980 0.42745098
v -0.50857274 -0.24251941 -0.61691227 0.90196078 0.67450980 0.42745098
v -0.55000000 -0.21691596 -0.55382453 0.90196078 0.67450980 0.42745098
v -0.66064158 0.21998046 -0.61762594 0.90196078 0.67450980 0.42745098
v -0.59095862 0.17691402 -0.51150885 0.90196078 0.67450980 0.42745098
v -0.59142726 0.24251941 -0.61691227 0.90196078 0.67450980 0.42745098
v -0.43935842 0.21998046 -0.61762594 0.90196078 0.67450980 0.42745098
v -0.50904138 0.17691402 -0.51150885 0.90196078 0.67450980 0.42745098
v -0.50857274 0.24251941 -0.61691227 0.90196078 0.67450980 0.42745098
v -0.55000000 0.21691596 -0.55382453 0.90196078 0.67450980 0.42745098
v -0.55000000 -0.06968296 -0.44913479 0.90196078 0.67450980 0.42745098
v -0.55000000 0.06968296 -0.44913479 0.90196078 0.67450980 0.42745098
v -0.66064158 -0.21998046 -0.74237406 0.90196078 0.67450980 0.42745098
v -0.59095862 -0.17691402 -0.84849115 0.90196078 0.67450980 0.42745098
v -0.59142726 -0.24251941 -0.74308773 0.90196078 0.67450980 0.42745098
v -0.43935842 -0.21998046 -0.74237406 0.90196078 0.67450980 0.42745098
v -0.50904138 -0.17691402 -0.84849115 0.90196078 0.67450980 0.42745098
v -0.50857274 -0.24251941 -0.74308773 0.90196078 0.67450980 0.42745098
v -0.55000000 -0.21691596 -0.80617547 0.90196078 0.67450980 0.42745098
v -0.66064158 0.21998046 -0.74237406 0.90196078 0.67450980 0.42745098
v -0.59095862 0.17691402 -0.84849115 0.90196078 0.67450980 0.42745098
v -0.59142726 0.24251941 -0.74308773 0.90196078 0.67450980 0.42745098
v -0.43935842 0.21998046 -0.74237406 0.90196078 0.67450980 0.42745098
v -0.50904138 0.17691402 -0.84849115 0.90196078 0.67450980 0.42745098
v -0.50857274 0.24251941 -0.74308773 0.90196078 0.67450980 0.42745098
v -0.55000000 0.21691596 -0.80617547 0.90196078 0.67450980 0.42745098
v -0.55000000 -0.06968296 -0.91086521 0.90196078 0.67450980 0.42745098
v -0.55000000 0.06968296 -0.91086521 0.90196078 0.67450980 0.42745098
v -0.37308598 0.17902184 -0.71854929 0.90196078 0.67450980 0.42745098
v -0.33001954 0.06627244 -0.78413326 0.90196078 0.67450980 0.42745098
v -0.40011476 0.17548869 -0.78207810 0.90196078 0.67450980 0.42745098
v -0.37308598 -0.17902184 -0.71854929 0.90196078 0.67450980 0.42745098
v -0.33001954 -0.06627244 -0.78413326 0.90196078 0.67450980 0.42745098
v -0.40011476 -0.17548869 -0.78207810 0.90196078 0.67450980 0.42745098
v -0.48372756 -0.11064158 -0.88704044 0.90196078 0.67450980 0.42745098
v -0.37097816 -0.04095862 -0.84650731 0.90196078 0.67450980 0.42745098
v -0.44154202 -0.14988524 -0.84516583 0.90196078 0.67450980 0.42745098
v -0.48296928 -0.04142726 -0.90825356 0.90196078 0.67450980 0.42745098
v -0.37451131 -0.10845798 -0.82106846 0.90196078 0.67450980 0.42745098
v -0.48372756 0.11064158 -0.88704044 0.90196078 0.67450980 0.42745098
v -0.37097816 0.04095862 -0.84650731 0.90196078 0.67450980 0.42745098
v -0.44154202 0.14988524 -0.84516583 0.90196078 0.67450980 0.42745098
v -0.48296928 0.04142726 -0.90825356 0.90196078 0.67450980 0.42745098
v -0.37451131 0.10845798 -0.82106846 0.90196078 0.67450980 0.42745098
v -0.41593857 0.00000000 -0.88415619 0.90196078 0.67450980 0.42745098
v -0.37308598 0.17902184 -0.64145071 0.90196078 0.67450980 0.42745098
v -0.33001954 0.06627244 -0.57586674 0.90196078 0.67450980 0.42745098
v -0.40011476 0.17548869 -0.57792190 0.90196078 0.67450980 0.42745098
v -0.33308404 0.13406143 -0.68000000 0.90196078 0.67450980 0.42745098
v -0.37308598 -0.17902184 -0.64145071 0.90196078 0.67450980 0.42745098
v -0.33001954 -0.06627244 -0.57586674 0.90196078 0.67450980 0.42745098
v -0.40011476 -0.17548869 -0.57792190 0.90196078 0.67450980 0.42745098
v -0.33308404 -0.13406143 -0.68000000 0.90196078 0.67450980 0.42745098
v -0.48372756 -0.11064158 -0.47295956 0.90196078 0.67450980 0.42745098
v -0.37097816 -0.04095862 -0.51349269 0.90196078 0.67450980 0.42745098
v -0.44154202 -0.14988524 -0.51483417 0.90196078 0.67450980 0.42745098
v -0.48296928 -0.04142726 -0.45174644 0.90196078 0.67450980 0.42745098
v -0.37451131 -0.10845798 -0.53893154 0.90196078 0.67450980 0.42745098
v -0.48372756 0.11064158 -0.47295956 0.90196078 0.67450980 0.42745098
v -0.37097816 0.04095862 -0.51349269 0.90196078 0.67450980 0.42745098
v -0.44154202 0.14988524 -0.51483417 0.90196078 0.67450980 0.42745098
v -0.48296928 0.04142726 -0.45174644 0.90196078 0.67450980 0.42745098
v -0.37451131 0.10845798 -0.53893154 0.90196078 0.67450980 0.42745098
v -0.41593857 0.00000000 -0.47584381 0.90196078 0.67450980 0.42745098
v -0.30470572 0.00000000 -0.74558397 0.90196078 0.67450980 0.42745098
v -0.30470572 0.00000000 -0.61441603 0.90196078 0.67450980 0.42745098
v -0.30748059 0.06703072 -0.71899036 0.90196078 0.67450980 0.42745098
v -0.30748059 -0.06703072 -0.71899036 0.90196078 0.67450980 0.42745098
v -0.30748059 0.06703072 -0.64100964 0.90196078 0.67450980 0.42745098
v -0.30748059 -0.06703072 -0.64100964 0.90196078 0.67450980 0.42745098
v -0.72691402 0.17902184 -0.71854929 0.90196078 0.67450980 0.42745098
v -0.76998046 0.06627244 -0.78413326 0.90196078 0.67450980 0.42745098
v -0.69988524 0.17548869 -0.78207810 0.90196078 0.67450980 0.42745098
v -0.72691402 -0.17902184 -0.71854929 0.90196078 0.67450980 0.42745098
v -0.76998046 -0.06627244 -0.78413326 0.90196078 0.67450980 0.42745098
v -0.69988524 -0.17548869 -0.78207810 0.90196078 0.67450980 0.42745098
v -0.61627244 -0.11064158 -0.88704044 0.90196078 0.67450980 0.42745098
v -0.72902184 -0.04095862 -0.84650731 0.90196078 0.67450980 0.42745098
v -0.65845798 -0.14988524 -0.84516583 0.90196078 0.67450980 0.42745098
v -0.61703072 -0.04142726 -0.90825356 0.90196078 0.67450980 0.42745098
v -0.72548869 -0.10845798 -0.82106846 0.90196078 0.67450980 0.42745098
v -0.61627244 0.11064158 -0.88704044 0.90196078 0.67450980 0.42745098
v -0.72902184 0.04095862 -0.84650731 0.90196078 0.67450980 0.42745098
v -0.65845798 0.14988524 -0.84516583 0.90196078 0.67450980 0.42745098
v -0.61703072 0.04142726 -0.90825356 0.90196078 0.67450980 0.42745098
v -0.72548869 0.10845798 -0.82106846 0.90196078 0.67450980 0.42745098
v -0.68406143 0.00000000 -0.88415619 0.90196078 0.67450980 0.42745098
v -0.72691402 0.17902184 -0.64145071 0.90196078 0.67450980 0.42745098
v -0.76998046 0.06627244 -0.57586674 0.90196078 0.67450980 0.42745098
v -0.69988524 0.17548869 -0.57792190 0.90196078 0.67450980 0.42745098
v -0.76691596 0.13406143 -0.68000000 0.90196078 0.67450980 0.42745098
v -0.72691402 -0.17902184 -0.64145071 0.90196078 0.67450980 0.42745098
v -0.76998046 -0.06627244 -0.57586674 0.90196078 0.67450980 0.42745098
v -0.69988524 -0.17548869 -0.57792190 0.90196078 0.67450980 0.42745098
v -0.76691596 -0.13406143 -0.68000000 0.90196078 0.67450980 0.42745098
v -0.61627244 -0.11064158 -0.47295956 0.90196078 0.67450980 0.42745098
v -0.72902184 -0.04095862 -0.51349269 0.90196078 0.67450980 0.42745098
v -0.65845798 -0.14988524 -0.51483417 0.90196078 0.67450980 0.42745098
v -0.61703072 -0.04142726 -0.45174644 0.90196078 0.67450980 0.42745098
v -0.72548869 -0.10845798 -0.53893154 0.90196078 0.67450980 0.42745098
v -0.61627244 0.11064158 -0.47295956 0.90196078 0.67450980 0.42745098
v -0.72902184 0.04095862 -0.51349269 0.90196078 0.67450980 0.42745098
v -0.65845798 0.14988524 -0.51483417 0.90196078 0.67450980 0.42745098
v -0.61703072 0.04142726 -0.45174644 0.90196078 0.67450980 0.42745098
v -0.72548869 0.10845798 -0.53893154 0.90196078 0.67450980 0.42745098
v -0.68406143 0.00000000 -0.47584381 0.90196078 0.67450980 0.42745098
v -0.79529428 0.00000000 -0.74558397 0.90196078 0.67450980 0.42745098
v -0.79529428 0.00000000 -0.61441603 0.90196078 0.67450980 0.42745098
v -0.79251941 0.06703072 -0.71899036 0.90196078 0.67450980 0.42745098
v -0.79251941 -0.06703072 -0.71899036 0.90196078 0.67450980 0.42745098
v -0.79251941 0.06703072 -0.64100964 0.90196078 0.67450980 0.42745098
v -0.79251941 -0.06703072 -0.64100964 0.90196078 0.67450980 0.42745098
f 205 342 258
f 342 242 344
f 258 344 221
f 342 344 258
f 242 343 359
f 343 216 356
f 359 356 245
f 343 356 359
f 221 357 259
f 357 245 355
f 259 355 210
f 357 355 259
f 242 359 344
f 359 245 357
f 344 357 221
f 359 357 344
f 205 258 247
f 258 221 260
f 247 260 217
f 258 260 247
f 221 259 264
f 259 210 262
f 264 262 222
f 259 262 264
f 217 263 248
f 263 222 261
f 248 261 206
f 263 261 248
f 221 264 260
f 264 222 263
f 260 263 217
f 264 263 260
f 205 247 274
f 247 217 276
f 274 276 226
f 247 276 274
f 217 248 279
f 248 206 277
f 279 277 227
f 248 277 279
f 226 280 275
f 280 227 278
f 275 278 212
f 280 278 275
f 217 279 276
f 279 227 280
f 276 280 226
f 279 280 276
f 205 274 325
f 274 226 327
f 325 327 238
f 274 327 325
f 226 275 338
f 275 212 336
f 338 336 241
f 275 336 338
f 238 340 326
f 340 241 337
f 326 337 215
f 340 337 326
f 226 338 327
f 338 241 340
f 327 340 238
f 338 340 327
f 205 325 342
f 325 238 345
f 342 345 242
f 325 345 342
f 238 326 363
f 326 215 361
f 363 361 246
f 326 361 363
f 242 365 343
f 365 246 362
f 343 362 216
f 365 362 343
f 238 363 345
f 363 246 365
f 345 365 242
f 363 365 345
f 206 261 300
f 261 222 302
f 300 302 233
f 261 302 300
f 222 262 315
f 262 210 313
f 315 313 236
f 262 313 315
f 233 317 301
f 317 236 314
f 301 314 214
f 317 314 301
f 222 315 302
f 315 236 317
f 302 317 233
f 315 317 302
f 210 355 266
f 355 245 358
f 266 358 223
f 355 358 266
f 245 356 360
f 356 216 351
f 360 351 244
f 356 351 360
f 223 353 265
f 353 244 350
f 265 350 209
f 353 350 265
f 245 360 358
f 360 244 353
f 358 353 223
f 360 353 358
f 216 362 347
f 362 246 366
f 347 366 243
f 362 366 347
f 246 361 364
f 361 215 329
f 364 329 239
f 361 329 364
f 243 349 346
f 349 239 328
f 346 328 207
f 349 328 346
f 246 364 366
f 364 239 349
f 366 349 243
f 364 349 366
f 215 337 332
f 337 241 341
f 332 341 240
f 337 341 332
f 241 336 339
f 336 212 282
f 339 282 228
f 336 282 339
f 240 334 331
f 334 228 281
f 331 281 211
f 334 281 331
f 241 339 341
f 339 228 334
f 341 334 240
f 339 334 341
f 212 278 294
f 278 227 296
f 294 296 232
f 278 296 294
f 227 277 285
f 277 206 283
f 285 283 229
f 277 283 285
f 232 298 295
f 298 229 284
f 295 284 213
f 298 284 295
f 227 285 296
f 285 229 298
f 296 298 232
f 285 298 296
f 208 304 254
f 304 234 306
f 254 306 220
f 304 306 254
f 234 305 312
f 305 214 309
f 312 309 235
f 305 309 312
f 220 310 255
f 310 235 308
f 255 308 209
f 310 308 255
f 234 312 306
f 312 235 310
f 306 310 220
f 312 310 306
f 208 254 250
f 254 220 256
f 250 256 218
f 254 256 250
f 220 255 257
f 255 209 252
f 257 252 219
f 255 252 257
f 218 253 249
f 253 219 251
f 249 251 207
f 253 251 249
f 220 257 256
f 257 219 253
f 256 253 218
f 257 253 256
f 208 250 270
f 250 218 272
f 270 272 225
f 250 272 270
f 218 249 269
f 249 207 267
f 269 267 224
f 249 267 269
f 225 273 271
f 273 224 268
f 271 268 211
f 273 268 271
f 218 269 272
f 269 224 273
f 272 273 225
f 269 273 272
f 208 270 286
f 270 225 288
f 286 288 230
f 270 288 286
f 225 271 291
f 271 211 289
f 291 289 231
f 271 289 291
f 230 293 287
f 293 231 290
f 287 290 213
f 293 290 287
f 225 291 288
f 291 231 293
f 288 293 230
f 291 293 288
f 208 286 304
f 286 230 307
f 304 307 234
f 286 307 304
f 230 287 322
f 287 213 319
f 322 319 237
f 287 319 322
f 234 324 305
f 324 237 320
f 305 320 214
f 324 320 305
f 230 322 307
f 322 237 324
f 307 324 234
f 322 324 307
f 209 308 265
f 308 235 311
f 265 311 223
f 308 311 265
f 235 309 318
f 309 214 314
f 318 314 236
f 309 314 318
f 223 316 266
f 316 236 313
f 266 313 210
f 316 313 266
f 235 318 311
f 318 236 316
f 311 316 223
f 318 316 311
f 207 251 346
f 251 219 348
f 346 348 243
f 251 348 346
f 219 252 352
f 252 209 350
f 352 350 244
f 252 350 352
f 243 354 347
f 354 244 351
f 347 351 216
f 354 351 347
f 219 352 348
f 352 244 354
f 348 354 243
f 352 354 348
f 211 268 331
f 268 224 333
f 331 333 240
f 268 333 331
f 224 267 330
f 267 207 328
f 330 328 239
f 267 328 330
f 240 335 332
f 335 239 329
f 332 329 215
f 335 329 332
f 224 330 333
f 330 239 335
f 333 335 240
f 330 335 333
f 213 290 295
f 290 231 299
f 295 299 232
f 290 299 295
f 231 289 292
f 289 211 281
f 292 281 228
f 289 281 292
f 232 297 294
f 297 228 282
f 294 282 212
f 297 282 294
f 231 292 299
f 292 228 297
f 299 297 232
f 292 297 299
f 214 320 301
f 320 237 323
f 301 323 233
f 320 323 301
f 237 319 321
f 319 213 284
f 321 284 229
f 319 284 321
f 233 303 300
f 303 229 283
f 300 283 206
f 303 283 300
f 237 321 323
f 321 229 303
f 323 303 233
f 321 303 323

o cradle_1_3
v 0.37201777 0.28798130 -0.45000000 0.90196078 0.67450980 0.42745098
v 0.72798223 0.28798130 -0.45000000 0.90196078 0.67450980 0.42745098
v 0.37201777 -0.28798130 -0.45000000 0.90196078 0.67450980 0.42745098
v 0.72798223 -0.28798130 -0.45000000 0.90196078 0.67450980 0.42745098
v 0.55000000 -0.17798223 -0.17641776 0.90196078 0.67450980 0.42745098
v 0.55000000 0.17798223 -0.17641776 0.90196078 0.67450980 0.42745098
v 0.55000000 -0.17798223 -0.72358224 0.90196078 0.67450980 0.42745098
v 0.55000000 0.17798223 -0.72358224 0.90196078 0.67450980 0.42745098
v 0.83798130 0.00000000 -0.61908312 0.90196078 0.67450980 0.42745098
v 0.83798130 0.00000000 -0.28091688 0.90196078 0.67450980 0.42745098
v 0.26201870 0.00000000 -0.61908312 0.90196078 0.67450980 0.42745098
v 0.26201870 0.00000000 -0.28091688 0.90196078 0.67450980 0.42745098
v 0.55000000 0.33854233 -0.45000000 0.90196078 0.67450980 0.42745098
v 0.55000000 -0.33854233 -0.45000000 0.90196078 0.67450980 0.42745098
v 0.44538467 -0.27388650 -0.28919239 0.90196078 0.67450980 0.42745098
v 0.65461533 -0.27388650 -0.28919239 0.90196078 0.67450980 0.42745098
v 0.44538467 0.27388650 -0.28919239 0.90196078 0.67450980 0.42745098
v 0.65461533 0.27388650 -0.28919239 0.90196078 0.67450980 0.42745098
v 0.55000000 0.00000000 -0.12838479 0.90196078 0.67450980 0.42745098
v 0.44538467 -0.27388650 -0.61080761 0.90196078 0.67450980 0.42745098
v 0.65461533 -0.27388650 -0.61080761 0.90196078 0.67450980 0.42745098
v 0.44538467 0.27388650 -0.61080761 0.90196078 0.67450980 0.42745098
v 0.65461533 0.27388650 -0.61080761 0.90196078 0.67450980 0.42745098
v 0.55000000 0.00000000 -0.77161521 0.90196078 0.67450980 0.42745098
v 0.82388650 0.16927116 -0.54938457 0.90196078 0.67450980 0.42745098
v 0.82388650 -0.16927116 -0.54938457 0.90196078 0.67450980 0.42745098
v 0.71927116 -0.10461533 -0.71019217 0.90196078 0.67450980 0.42745098
v 0.71927116 0.10461533 -0.71019217 0.90196078 0.67450980 0.42745098
v 0.82388650 0.16927116 -0.35061543 0.90196078 0.67450980 0.42745098
v 0.82388650 -0.16927116 -0.35061543 0.90196078 0.67450980 0.42745098
v 0.71927116 -0.10461533 -0.18980783 0.90196078 0.67450980 0.42745098
v 0.71927116 0.10461533 -0.18980783 0.90196078 0.67450980 0.42745098
v 0.88854233 0.00000000 -0.45000000 0.90196078 0.67450980 0.42745098
v 0.27611350 0.16927116 -0.54938457 0.90196078 0.67450980 0.42745098
v 0.27611350 -0.16927116 -0.54938457 0.90196078 0.67450980 0.42745098
v 0.38072884 -0.10461533 -0.71019217 0.90196078 0.67450980 0.42745098
v 0.38072884 0.10461533 -0.71019217 0.90196078 0.67450980 0.42745098
v 0.27611350 0.16927116 -0.35061543 0.90196078 0.67450980 0.42745098
v 0.27611350 -0.16927116 -0.35061543 0.90196078 0.67450980 0.42745098
v 0.38072884 -0.10461533 -0.18980783 0.90196078 0.67450980 0.42745098
v 0.38072884 0.10461533 -0.18980783 0.90196078 0.67450980 0.42745098
v 0.21145767 0.00000000 -0.45000000 0.90196078 0.67450980 0.42745098
v 0.45748771 0.32565685 -0.45000000 0.90196078 0.67450980 0.42745098
v 0.64251229 0.32565685 -0.45000000 0.90196078 0.67450980 0.42745098
v 0.45748771 -0.32565685 -0.45000000 0.90196078 0.67450980 0.42745098
v 0.64251229 -0.32565685 -0.45000000 0.90196078 0.67450980 0.42745098
v 0.40311036 -0.29204980 -0.36641481 0.90196078 0.67450980 0.42745098
v 0.49562264 -0.23487406 -0.22421118 0.90196078 0.67450980 0.42745098
v 0.49500046 -0.32197289 -0.36545844 0.90196078 0.67450980 0.42745098
v 0.69688964 -0.29204980 -0.36641481 0.90196078 0.67450980 0.42745098
v 0.60437736 -0.23487406 -0.22421118 0.90196078 0.67450980 0.42745098
v 0.60499954 -0.32197289 -0.36545844 0.90196078 0.67450980 0.42745098
v 0.55000000 -0.28798130 -0.28091688 0.90196078 0.67450980 0.42745098
v 0.40311036 0.29204980 -0.36641481 0.90196078 0.67450980 0.42745098
v 0.49562264 0.23487406 -0.22421118 0.90196078 0.67450980 0.42745098
v 0.49500046 0.32197289 -0.36545844 0.90196078 0.67450980 0.42745098
v 0.69688964 0.29204980 -0.36641481 0.90196078 0.67450980 0.42745098
v 0.60437736 0.23487406 -0.22421118 0.90196078 0.67450980 0.42745098
v 0.60499954 0.32197289 -0.36545844 0.90196078 0.67450980 0.42745098
v 0.55000000 0.28798130 -0.28091688 0.90196078 0.67450980 0.42745098
v 0.55000000 -0.09251229 -0.14062599 0.90196078 0.67450980 0.42745098
v 0.55000000 0.09251229 -0.14062599 0.90196078 0.67450980 0.42745098
v 0.40311036 -0.29204980 -0.53358519 0.90196078 0.67450980 0.42745098
v 0.49562264 -0.23487406 -0.67578882 0.90196078 0.67450980 0.42745098
v 0.49500046 -0.32197289 -0.53454156 0.90196078 0.67450980 0.42745098
v 0.69688964 -0.29204980 -0.53358519 0.90196078 0.67450980 0.42745098
v 0.60437736 -0.23487406 -0.67578882 0.90196078 0.67450980 0.42745098
v 0.60499954 -0.32197289 -0.53454156 0.90196078 0.67450980 0.42745098
v 0.55000000 -0.28798130 -0.61908312 0.90196078 0.67450980 0.42745098
v 0.40311036 0.29204980 -0.53358519 0.90196078 0.67450980 0.42745098
v 0.49562264 0.23487406 -0.67578882 0.90196078 0.67450980 0.42745098
v 0.49500046 0.32197289 -0.53454156 0.90196078 0.67450980 0.42745098
v 0.69688964 0.29204980 -0.53358519 0.90196078 0.67450980 0.42745098
v 0.60437736 0.23487406 -0.67578882 0.90196078 0.67450980 0.42745098
v 0.60499954 0.32197289 -0.53454156 0.90196078 0.67450980 0.42745098
v 0.55000000 0.28798130 -0.61908312 0.90196078 0.67450980 0.42745098
v 0.55000000 -0.09251229 -0.75937401 0.90196078 0.67450980 0.42745098
v 0.55000000 0.09251229 -0.75937401 0.90196078 0.67450980 0.42745098
v 0.78487406 0.23767244 -0.50165849 0.90196078 0.67450980 0.42745098
v 0.84204980 0.08798441 -0.58954516 0.90196078 0.67450980 0.42745098
v 0.74899019 0.23298177 -0.58679112 0.90196078 0.67450980 0.42745098
v 0.78487406 -0.23767244 -0.50165849 0.90196078 0.67450980 0.42745098
v 0.84204980 -0.08798441 -0.58954516 0.90196078 0.67450980 0.42745098
v 0.74899019 -0.23298177 -0.58679112 0.90196078 0.67450980 0.42745098
v 0.63798441 -0.14688964 -0.72744731 0.90196078 0.67450980 0.42745098
v 0.78767244 -0.05437736 -0.67313035 0.90196078 0.67450980 0.42745098
v 0.69399065 -0.19899019 -0.67133268 0.90196078 0.67450980 0.42745098
v 0.63899112 -0.05499954 -0.75587424 0.90196078 0.67450980 0.42745098
v 0.78298177 -0.14399065 -0.63904068 0.90196078 0.67450980 0.42745098
v 0.63798441 0.14688964 -0.72744731 0.90196078 0.67450980 0.42745098
v 0.78767244 0.05437736 -0.67313035 0.90196078 0.67450980 0.42745098
v 0.69399065 0.19899019 -0.67133268 0.90196078 0.67450980 0.42745098
v 0.63899112 0.05499954 -0.75587424 0.90196078 0.67450980 0.42745098
v 0.78298177 0.14399065 -0.63904068 0.90196078 0.67450980 0.42745098
v 0.72798223 0.00000000 -0.72358224 0.90196078 0.67450980 0.42745098
v 0.78487406 0.23767244 -0.39834151 0.90196078 0.67450980 0.42745098
v 0.84204980 0.08798441 -0.31045484 0.90196078 0.67450980 0.42745098
v 0.74899019 0.23298177 -0.31320888 0.90196078 0.67450980 0.42745098
v 0.83798130 0.17798223 -0.45000000 0.90196078 0.67450980 0.42745098
v 0.78487406 -0.23767244 -0.39834151 0.90196078 0.67450980 0.42745098
v 0.84204980 -0.08798441 -0.31045484 0.90196078 0.67450980 0.42745098
v 0.74899019 -0.23298177 -0.31320888 0.90196078 0.67450980 0.42745098
v 0.83798130 -0.17798223 -0.45000000 0.90196078 0.67450980 0.42745098
v 0.63798441 -0.14688964 -0.17255269 0.90196078 0.67450980 0.42745098
v 0.78767244 -0.05437736 -0.22686965 0.90196078 0.67450980 0.42745098
v 0.69399065 -0.19899019 -0.22866732 0.90196078 0.67450980 0.42745098
v 0.63899112 -0.05499954 -0.14412576 0.90196078 0.67450980 0.42745098
v 0.78298177 -0.14399065 -0.26095932 0.90196078 0.67450980 0.42745098
v 0.63798441 0.14688964 -0.17255269 0.90196078 0.67450980 0.42745098
v 0.78767244 0.05437736 -0.22686965 0.90196078 0.67450980 0.42745098
v 0.69399065 0.19899019 -0.22866732 0.90196078 0.67450980 0.42745098
v 0.63899112 0.05499954 -0.14412576 0.90196078 0.67450980 0.42745098
v 0.78298177 0.14399065 -0.26095932 0.90196078 0.67450980 0.42745098
v 0.72798223 0.00000000 -0.17641776 0.90196078 0.67450980 0.42745098
v 0.87565685 0.00000000 -0.53788667 0.90196078 0.67450980 0.42745098
v 0.87565685 0.00000000 -0.36211333 0.90196078 0.67450980 0.42745098
v 0.87197289 0.08899112 -0.50224956 0.90196078 0.67450980 0.42745098
v 0.87197289 -0.08899112 -0.50224956 0.90196078 0.67450980 0.42745098
v 0.87197289 0.08899112 -0.39775044 0.90196078 0.67450980 0.42745098
v 0.87197289 -0.08899112 -0.39775044 0.90196078 0.67450980 0.42745098
v 0.31512594 0.23767244 -0.50165849 0.90196078 0.67450980 0.42745098
v 0.25795020 0.08798441 -0.58954516 0.90196078 0.67450980 0.42745098
v 0.35100981 0.23298177 -0.58679112 0.90196078 0.67450980 0.42745098
v 0.31512594 -0.23767244 -0.50165849 0.90196078 0.67450980 0.42745098
v 0.25795020 -0.08798441 -0.58954516 0.90196078 0.67450980 0.42745098
v 0.35100981 -0.23298177 -0.58679112 0.90196078 0.67450980 0.42745098
v 0.46201559 -0.14688964 -0.72744731 0.90196078 0.67450980 0.42745098
v 0.31232756 -0.05437736 -0.67313035 0.90196078 0.67450980 0.42745098
v 0.40600935 -0.19899019 -0.67133268 0.90196078 0.67450980 0.42745098
v 0.46100888 -0.05499954 -0.75587424 0.90196078 0.67450980 0.42745098
v 0.31701823 -0.14399065 -0.63904068 0.90196078 0.67450980 0.42745098
v 0.46201559 0.14688964 -0.72744731 0.90196078 0.67450980 0.42745098
v 0.31232756 0.05437736 -0.67313035 0.90196078 0.67450980 0.42745098
v 0.40600935 0.19899019 -0.67133268 0.90196078 0.67450980 0.42745098
v 0.46100888 0.05499954 -0.75587424 0.90196078 0.67450980 0.42745098
v 0.31701823 0.14399065 -0.63904068 0.90196078 0.67450980 0.42745098
v 0.37201777 0.00000000 -0.72358224 0.90196078 0.67450980 0.42745098
v 0.31512594 0.23767244 -0.39834151 0.90196078 0.67450980 0.42745098
v 0.25795020 0.08798441 -0.31045484 0.90196078 0.67450980 0.42745098
v 0.35100981 0.23298177 -0.31320888 0.90196078 0.67450980 0.42745098
v 0.26201870 0.17798223 -0.45000000 0.90196078 0.67450980 0.42745098
v 0.31512594 -0.23767244 -0.39834151 0.90196078 0.67450980 0.42745098
v 0.25795020 -0.08798441 -0.31045484 0.90196078 0.67450980 0.42745098
v 0.35100981 -0.23298177 -0.31320888 0.90196078 0.67450980 0.42745098
v 0.26201870 -0.17798223 -0.45000000 0.90196078 0.67450980 0.42745098
v 0.46201559 -0.14688964 -0.17255269 0.90196078 0.67450980 0.42745098
v 0.31232756 -0.05437736 -0.22686965 0.90196078 0.67450980 0.42745098
v 0.40600935 -0.19899019 -0.22866732 0.90196078 0.67450980 0.42745098
v 0.46100888 -0.05499954 -0.14412576 0.90196078 0.67450980 0.42745098
v 0.31701823 -0.14399065 -0.26095932 0.90196078 0.67450980 0.42745098
v 0.46201559 0.14688964 -0.17255269 0.90196078 0.67450980 0.42745098
v 0.31232756 0.05437736 -0.22686965 0.90196078 0.67450980 0.42745098
v 0.40600935 0.19899019 -0.22866732 0.90196078 0.67450980 0.42745098
v 0.46100888 0.05499954 -0.14412576 0.90196078 0.67450980 0.42745098
v 0.31701823 0.14399065 -0.26095932 0.90196078 0.67450980 0.42745098
v 0.37201777 0.00000000 -0.17641776 0.90196078 0.67450980 0.42745098
v 0.22434315 0.00000000 -0.53788667 0.90196078 0.67450980 0.42745098
v 0.22434315 0.00000000 -0.36211333 0.90196078 0.67450980 0.42745098
v 0.22802711 0.08899112 -0.50224956 0.90196078 0.67450980 0.42745098
v 0.22802711 -0.08899112 -0.50224956 0.90196078 0.67450980 0.42745098
v 0.22802711 0.08899112 -0.39775044 0.90196078 0.67450980 0.42745098
v 0.22802711 -0.08899112 -0.39775044 0.90196078 0.67450980 0.42745098
f 367 504 420
f 504 404 506
f 420 506 383
f 504 506 420
f 404 505 521
f 505 378 518
f 521 518 407
f 505 518 521
f 383 519 421
f 519 407 517
f 421 517 372
f 519 517 421
f 404 521 506
f 521 407 519
f 506 519 383
f 521 519 506
f 367 420 409
f 420 383 422
f 409 422 379
f 420 422 409
f 383 421 426
f 421 372 424
f 426 424 384
f 421 424 426
f 379 425 410
f 425 384 423
f 410 423 368
f 425 423 410
f 383 426 422
f 426 384 425
f 422 425 379
f 426 425 422
f 367 409 436
f 409 379 438
f 436 438 388
f 409 438 436
f 379 410 441
f 410 368 439
f 441 439 389
f 410 439 441
f 388 442 437
f 442 389 440
f 437 440 374
f 442 440 437
f 379 441 438
f 441 389 442
f 438 442 388
f 441 442 438
f 367 436 487
f 436 388 489
f 487 489 400
f 436 489 487
f 388 437 500
f 437 374 498
f 500 498 403
f 437 498 500
f 400 502 488
f 502 403 499
f 488 499 377
f 502 499 488
f 388 500 489
f 500 403 502
f 489 502 400
f 500 502 489
f 367 487 504
f 487 400 507
f 504 507 404
f 487 507 504
f 400 488 525
f 488 377 523
f 525 523 408
f 488 523 525
f 404 527 505
f 527 408 524
f 505 524 378
f 527 524 505
f 400 525 507
f 525 408 527
f 507 527 404
f 525 527 507
f 368 423 462
f 423 384 464
f 462 464 395
f 423 464 462
f 384 424 477
f 424 372 475
f 477 475 398
f 424 475 477
f 395 479 463
f 479 398 476
f 463 476 376
f 479 476 463
f 384 477 464
f 477 398 479
f 464 479 395
f 477 479 464
f 372 517 428
f 517 407 520
f 428 520 385
f 517 520 428
f 407 518 522
f 518 378 513
f 522 513 406
f 518 513 522
f 385 515 427
f 515 406 512
f 427 512 371
f 515 512 427
f 407 522 520
f 522 406 515
f 520 515 385
f 522 515 520
f 378 524 509
f 524 408 528
f 509 528 405
f 524 528 509
f 408 523 526
f 523 377 491
f 526 491 401
f 523 491 526
f 405 511 508
f 511 401 490
f 508 490 369
f 511 490 508
f 408 526 528
f 526 401 511
f 528 511 405
f 526 511 528
f 377 499 494
f 499 403 503
f 494 503 402
f 499 503 494
f 403 498 501
f 498 374 444
f 501 444 390
f 498 444 501
f 402 496 493
f 496 390 443
f 493 443 373
f 496 443 493
f 403 501 503
f 501 390 496
f 503 496 402
f 501 496 503
f 374 440 456
f 440 389 458
f 456 458 394
f 440 458 456
f 389 439 447
f 439 368 445
f 447 445 391
f 439 445 447
f 394 460 457
f 460 391 446
f 457 446 375
f 460 446 457
f 389 447 458
f 447 391 460
f 458 460 394
f 447 460 458
f 370 466 416
f 466 396 468
f 416 468 382
f 466 468 416
f 396 467 474
f 467 376 471
f 474 471 397
f 467 471 474
f 382 472 417
f 472 397 470
f 417 470 371
f 472 470 417
f 396 474 468
f 474 397 472
f 468 472 382
f 474 472 468
f 370 416 412
f 416 382 418
f 412 418 380
f 416 418 412
f 382 417 419
f 417 371 414
f 419 414 381
f 417 414 419
f 380 415 411
f 415 381 413
f 411 413 369
f 415 413 411
f 382 419 418
f 419 381 415
f 418 415 380
f 419 415 418
f 370 412 432
f 412 380 434
f 432 434 387
f 412 434 432
f 380 411 431
f 411 369 429
f 431 429 386
f 411 429 431
f 387 435 433
f 435 386 430
f 433 430 373
f 435 430 433
f 380 431 434
f 431 386 435
f 434 435 387
f 431 435 434
f 370 432 448
f 432 387 450
f 448 450 392
f 432 450 448
f 387 433 453
f 433 373 451
f 453 451 393
f 433 451 453
f 392 455 449
f 455 393 452
f 449 452 375
f 455 452 449
f 387 453 450
f 453 393 455
f 450 455 392
f 453 455 450
f 370 448 466
f 448 392 469
f 466 469 396
f 448 469 466
f 392 449 484
f 449 375 481
f 484 481 399
f 449 481 484
f 396 486 467
f 486 399 482
f 467 482 376
f 486 482 467
f 392 484 469
f 484 399 486
f 469 486 396
f 484 486 469
f 371 470 427
f 470 397 473
f 427 473 385
f 470 473 427
f 397 471 480
f 471 376 476
f 480 476 398
f 471 476 480
f 385 478 428
f 478 398 475
f 428 475 372
f 478 475 428
f 397 480 473
f 480 398 478
f 473 478 385
f 480 478 473
f 369 413 508
f 413 381 510
f 508 510 405
f 413 510 508
f 381 414 514
f 414 371 512
f 514 512 406
f 414 512 514
f 405 516 509
f 516 406 513
f 509 513 378
f 516 513 509
f 381 514 510
f 514 406 516
f 510 516 405
f 514 516 510
f 373 430 493
f 430 386 495
f 493 495 402
f 430 495 493
f 386 429 492
f 429 369 490
f 492 490 401
f 429 490 492
f 402 497 494
f 497 401 491
f 494 491 377
f 497 491 494
f 386 492 495
f 492 401 497
f 495 497 402
f 492 497 495
f 375 452 457
f 452 393 461
f 457 461 394
f 452 461 457
f 393 451 454
f 451 373 443
f 454 443 390
f 451 443 454
f 394 459 456
f 459 390 444
f 456 444 374
f 459 444 456
f 393 454 461
f 454 390 459
f 461 459 394
f 454 459 461
f 376 482 463
f 482 399 485
f 463 485 395
f 482 485 463
f 399 481 483
f 481 375 446
f 483 446 391
f 481 446 483
f 395 465 462
f 465 391 445
f 462 445 368
f 465 445 462
f 399 483 485
f 483 391 465
f 485 465 395
f 483 465 485

o cradle_alt_1_4
v -0.70128490 0.24478411 -0.23000000 0.90196078 0.67450980 0.42745098
v -0.39871510 0.24478411 -0.23000000 0.90196078 0.67450980 0.42745098
v -0.70128490 -0.24478411 -0.23000000 0.90196078 0.67450980 0.42745098
v -0.39871510 -0.24478411 -0.23000000 0.90196078 0.67450980 0.42745098
v -0.55000000 -0.15128490 0.00038504 0.90196078 0.67450980 0.42745098
v -0.55000000 0.15128490 0.00038504 0.90196078 0.67450980 0.42745098
v -0.55000000 -0.15128490 -0.46038504 0.90196078 0.67450980 0.42745098
v -0.55000000 0.15128490 -0.46038504 0.90196078 0.67450980 0.42745098
v -0.30521589 0.00000000 -0.37238579 0.90196078 0.67450980 0.42745098
v -0.30521589 0.00000000 -0.08761421 0.90196078 0.67450980 0.42745098
v -0.79478411 0.00000000 -0.37238579 0.90196078 0.67450980 0.42745098
v -0.79478411 0.00000000 -0.08761421 0.90196078 0.67450980 0.42745098
v -0.55000000 0.28776098 -0.23000000 0.90196078 0.67450980 0.42745098
v -0.55000000 -0.28776098 -0.23000000 0.90196078 0.67450980 0.42745098
v -0.63892303 -0.23280352 -0.09458307 0.90196078 0.67450980 0.42745098
v -0.46107697 -0.23280352 -0.09458307 0.90196078 0.67450980 0.42745098
v -0.63892303 0.23280352 -0.09458307 0.90196078 0.67450980 0.42745098
v -0.46107697 0.23280352 -0.09458307 0.90196078 0.67450980 0.42745098
v -0.55000000 0.00000000 0.04083386 0.90196078 0.67450980 0.42745098
v -0.63892303 -0.23280352 -0.36541693 0.90196078 0.67450980 0.42745098
v -0.46107697 -0.23280352 -0.36541693 0.90196078 0.67450980 0.42745098
v -0.63892303 0.23280352 -0.36541693 0.90196078 0.67450980 0.42745098
v -0.46107697 0.23280352 -0.36541693 0.90196078 0.67450980 0.42745098
v -0.55000000 0.00000000 -0.50083386 0.90196078 0.67450980 0.42745098
v -0.31719648 0.14388049 -0.31369227 0.90196078 0.67450980 0.42745098
v -0.31719648 -0.14388049 -0.31369227 0.90196078 0.67450980 0.42745098
v -0.40611951 -0.08892303 -0.44910920 0.90196078 0.67450980 0.42745098
v -0.40611951 0.08892303 -0.44910920 0.90196078 0.67450980 0.42745098
v -0.31719648 0.14388049 -0.14630773 0.90196078 0.67450980 0.42745098
v -0.31719648 -0.14388049 -0.14630773 0.90196078 0.67450980 0.42745098
v -0.40611951 -0.08892303 -0.01089080 0.90196078 0.67450980 0.42745098
v -0.40611951 0.08892303 -0.01089080 0.90196078 0.67450980 0.42745098
v -0.26223902 0.00000000 -0.23000000 0.90196078 0.67450980 0.42745098
v -0.78280352 0.14388049 -0.31369227 0.90196078 0.67450980 0.42745098
v -0.78280352 -0.14388049 -0.31369227 0.90196078 0.67450980 0.42745098
v -0.69388049 -0.08892303 -0.44910920 0.90196078 0.67450980 0.42745098
v -0.69388049 0.08892303 -0.44910920 0.90196078 0.67450980 0.42745098
v -0.78280352 0.14388049 -0.14630773 0.90196078 0.67450980 0.42745098
v -0.78280352 -0.14388049 -0.14630773 0.90196078 0.67450980 0.42745098
v -0.69388049 -0.08892303 -0.01089080 0.90196078 0.67450980 0.42745098
v -0.69388049 0.08892303 -0.01089080 0.90196078 0.67450980 0.42745098
v -0.83776098 0.00000000 -0.23000000 0.90196078 0.67450980 0.42745098
v -0.62863544 0.27680832 -0.23000000 0.90196078 0.67450980 0.42745098
v -0.47136456 0.27680832 -0.23000000 0.90196078 0.67450980 0.42745098
v -0.62863544 -0.27680832 -0.23000000 0.90196078 0.67450980 0.42745098
v -0.47136456 -0.27680832 -0.23000000 0.90196078 0.67450980 0.42745098
v -0.67485620 -0.24824233 -0.15961247 0.90196078 0.67450980 0.42745098
v -0.59622075 -0.19964295 -0.03986205 0.90196078 0.67450980 0.42745098
v -0.59674960 -0.27367695 -0.15880711 0.90196078 0.67450980 0.42745098
v -0.42514380 -0.24824233 -0.15961247 0.90196078 0.67450980 0.42745098
v -0.50377925 -0.19964295 -0.03986205 0.90196078 0.67450980 0.42745098
v -0.50325040 -0.27367695 -0.15880711 0.90196078 0.67450980 0.42745098
v -0.55000000 -0.24478411 -0.08761421 0.90196078 0.67450980 0.42745098
v -0.67485620 0.24824233 -0.15961247 0.90196078 0.67450980 0.42745098
v -0.59622075 0.19964295 -0.03986205 0.90196078 0.67450980 0.42745098
v -0.59674960 0.27367695 -0.15880711 0.90196078 0.67450980 0.42745098
v -0.42514380 0.24824233 -0.15961247 0.90196078 0.67450980 0.42745098
v -0.50377925 0.19964295 -0.03986205 0.90196078 0.67450980 0.42745098
v -0.50325040 0.27367695 -0.15880711 0.90196078 0.67450980 0.42745098
v -0.55000000 0.24478411 -0.08761421 0.90196078 0.67450980 0.42745098
v -0.55000000 -0.07863544 0.03052548 0.90196078 0.67450980 0.42745098
v -0.55000000 0.07863544 0.03052548 0.90196078 0.67450980 0.42745098
v -0.67485620 -0.24824233 -0.30038753 0.90196078 0.67450980 0.42745098
v -0.59622075 -0.19964295 -0.42013795 0.90196078 0.67450980 0.42745098
v -0.59674960 -0.27367695 -0.30119289 0.90196078 0.67450980 0.42745098
v -0.42514380 -0.24824233 -0.30038753 0.90196078 0.67450980 0.42745098
v -0.50377925 -0.19964295 -0.42013795 0.90196078 0.67450980 0.42745098
v -0.50325040 -0.27367695 -0.30119289 0.90196078 0.67450980 0.42745098
v -0.55000000 -0.24478411 -0.37238579 0.90196078 0.67450980 0.42745098
v -0.67485620 0.24824233 -0.30038753 0.90196078 0.67450980 0.42745098
v -0.59622075 0.19964295 -0.42013795 0.90196078 0.67450980 0.42745098
v -0.59674960 0.27367695 -0.30119289 0.90196078 0.67450980 0.42745098
v -0.42514380 0.24824233 -0.30038753 0.90196078 0.67450980 0.42745098
v -0.50377925 0.19964295 -0.42013795 0.90196078 0.67450980 0.42745098
v -0.50325040 0.27367695 -0.30119289 0.90196078 0.67450980 0.42745098
v -0.55000000 0.24478411 -0.37238579 0.90196078 0.67450980 0.42745098
v -0.55000000 -0.07863544 -0.49052548 0.90196078 0.67450980 0.42745098
v -0.55000000 0.07863544 -0.49052548 0.90196078 0.67450980 0.42745098
v -0.35035705 0.20202157 -0.27350189 0.90196078 0.67450980 0.42745098
v -0.30175767 0.07478675 -0.34751172 0.90196078 0.67450980 0.42745098
v -0.38085834 0.19803450 -0.34519252 0.90196078 0.67450980 0.42745098
v -0.35035705 -0.20202157 -0.27350189 0.90196078 0.67450980 0.42745098
v -0.30175767 -0.07478675 -0.34751172 0.90196078 0.67450980 0.42745098
v -0.38085834 -0.19803450 -0.34519252 0.90196078 0.67450980 0.42745098
v -0.47521325 -0.12485620 -0.46363984 0.90196078 0.67450980 0.42745098
v -0.34797843 -0.04622075 -0.41789925 0.90196078 0.67450980 0.42745098
v -0.42760795 -0.16914166 -0.41638542 0.90196078 0.67450980 0.42745098
v -0.47435755 -0.04674960 -0.48757831 0.90196078 0.67450980 0.42745098
v -0.35196550 -0.12239205 -0.38919215 0.90196078 0.67450980 0.42745098
v -0.47521325 0.12485620 -0.46363984 0.90196078 0.67450980 0.42745098
v -0.34797843 0.04622075 -0.41789925 0.90196078 0.67450980 0.42745098
v -0.42760795 0.16914166 -0.41638542 0.90196078 0.67450980 0.42745098
v -0.47435755 0.04674960 -0.48757831 0.90196078 0.67450980 0.42745098
v -0.35196550 0.12239205 -0.38919215 0.90196078 0.67450980 0.42745098
v -0.39871510 0.00000000 -0.46038504 0.90196078 0.67450980 0.42745098
v -0.35035705 0.20202157 -0.18649811 0.90196078 0.67450980 0.42745098
v -0.30175767 0.07478675 -0.11248828 0.90196078 0.67450980 0.42745098
v -0.38085834 0.19803450 -0.11480748 0.90196078 0.67450980 0.42745098
v -0.30521589 0.15128490 -0.23000000 0.90196078 0.67450980 0.42745098
v -0.35035705 -0.20202157 -0.18649811 0.90196078 0.67450980 0.42745098
v -0.30175767 -0.07478675 -0.11248828 0.90196078 0.67450980 0.42745098
v -0.38085834 -0.19803450 -0.11480748 0.90196078 0.67450980 0.42745098
v -0.30521589 -0.15128490 -0.23000000 0.90196078 0.67450980 0.42745098
v -0.47521325 -0.12485620 0.00363984 0.90196078 0.67450980 0.42745098
v -0.34797843 -0.04622075 -0.04210075 0.90196078 0.67450980 0.42745098
v -0.42760795 -0.16914166 -0.04361458 0.90196078 0.67450980 0.42745098
v -0.47435755 -0.04674960 0.02757831 0.90196078 0.67450980 0.42745098
v -0.35196550 -0.12239205 -0.07080785 0.90196078 0.67450980 0.42745098
v -0.47521325 0.12485620 0.00363984 0.90196078 0.67450980 0.42745098
v -0.34797843 0.04622075 -0.04210075 0.90196078 0.67450980 0.42745098
v -0.42760795 0.16914166 -0.04361458 0.90196078 0.67450980 0.42745098
v -0.47435755 0.04674960 0.02757831 0.90196078 0.67450980 0.42745098
v -0.35196550 0.12239205 -0.07080785 0.90196078 0.67450980 0.42745098
v -0.39871510 0.00000000 0.00038504 0.90196078 0.67450980 0.42745098
v -0.27319168 0.00000000 -0.30400983 0.90196078 0.67450980 0.42745098
v -0.27319168 0.00000000 -0.15599017 0.90196078 0.67450980 0.42745098
v -0.27632305 0.07564245 -0.27399963 0.90196078 0.67450980 0.42745098
v -0.27632305 -0.07564245 -0.27399963 0.90196078 0.67450980 0.42745098
v -0.27632305 0.07564245 -0.18600037 0.90196078 0.67450980 0.42745098
v -0.27632305 -0.07564245 -0.18600037 0.90196078 0.67450980 0.42745098
v -0.74964295 0.20202157 -0.27350189 0.90196078 0.67450980 0.42745098
v -0.79824233 0.07478675 -0.34751172 0.90196078 0.67450980 0.42745098
v -0.71914166 0.19803450 -0.34519252 0.90196078 0.67450980 0.42745098
v -0.74964295 -0.20202157 -0.27350189 0.90196078 0.67450980 0.42745098
v -0.79824233 -0.07478675 -0.34751172 0.90196078 0.67450980 0.42745098
v -0.71914166 -0.19803450 -0.34519252 0.90196078 0.67450980 0.42745098
v -0.62478675 -0.12485620 -0.46363984 0.90196078 0.67450980 0.42745098
v -0.75202157 -0.04622075 -0.41789925 0.90196078 0.67450980 0.42745098
v -0.67239205 -0.16914166 -0.41638542 0.90196078 0.67450980 0.42745098
v -0.62564245 -0.04674960 -0.48757831 0.90196078 0.67450980 0.42745098
v -0.74803450 -0.12239205 -0.38919215 0.90196078 0.67450980 0.42745098
v -0.62478675 0.12485620 -0.46363984 0.90196078 0.67450980 0.42745098
v -0.75202157 0.04622075 -0.41789925 0.90196078 0.67450980 0.42745098
v -0.67239205 0.16914166 -0.41638542 0.90196078 0.67450980 0.42745098
v -0.62564245 0.04674960 -0.48757831 0.90196078 0.67450980 0.42745098
v -0.74803450 0.12239205 -0.38919215 0.90196078 0.67450980 0.42745098
v -0.70128490 0.00000000 -0.46038504 0.90196078 0.67450980 0.42745098
v -0.74964295 0.20202157 -0.18649811 0.90196078 0.67450980 0.42745098
v -0.79824233 0.07478675 -0.11248828 0.90196078 0.67450980 0.42745098
v -0.71914166 0.19803450 -0.11480748 0.90196078 0.67450980 0.42745098
v -0.79478411 0.15128490 -0.23000000 0.90196078 0.67450980 0.42745098
v -0.74964295 -0.20202157 -0.18649811 0.90196078 0.67450980 0.42745098
v -0.79824233 -0.07478675 -0.11248828 0.90196078 0.67450980 0.42745098
v -0.71914166 -0.19803450 -0.11480748 0.90196078 0.67450980 0.42745098
v -0.79478411 -0.15128490 -0.23000000 0.90196078 0.67450980 0.42745098
v -0.62478675 -0.12485620 0.00363984 0.90196078 0.67450980 0.42745098
v -0.75202157 -0.04622075 -0.04210075 0.90196078 0.67450980 0.42745098
v -0.67239205 -0.16914166 -0.04361458 0.90196078 0.67450980 0.42745098
v -0.62564245 -0.04674960 0.02757831 0.90196078 0.67450980 0.42745098
v -0.74803450 -0.12239205 -0.07080785 0.90196078 0.67450980 0.42745098
v -0.62478675 0.12485620 0.00363984 0.90196078 0.67450980 0.42745098
v -0.75202157 0.04622075 -0.04210075 0.90196078 0.67450980 0.42745098
v -0.67239205 0.16914166 -0.04361458 0.90196078 0.67450980 0.42745098
v -0.62564245 0.04674960 0.02757831 0.90196078 0.67450980 0.42745098
v -0.74803450 0.12239205 -0.07080785 0.90196078 0.67450980 0.42745098
v -0.70128490 0.00000000 0.00038504 0.90196078 0.67450980 0.42745098
v -0.82680832 0.00000000 -0.30400983 0.90196078 0.67450980 0.42745098
v -0.82680832 0.00000000 -0.15599017 0.90196078 0.67450980 0.42745098
v -0.82367695 0.07564245 -0.27399963 0.90196078 0.67450980 0.42745098
v -0.82367695 -0.07564245 -0.27399963 0.90196078 0.67450980 0.42745098
v -0.82367695 0.07564245 -0.18600037 0.90196078 0.67450980 0.42745098
v -0.82367695 -0.07564245 -0.18600037 0.90196078 0.67450980 0.42745098
f 529 666 582
f 666 566 668
f 582 668 545
f 666 668 582
f 566 667 683
f 667 540 680
f 683 680 569
f 667 680 683
f 545 681 583
f 681 569 679
f 583 679 534
f 681 679 583
f 566 683 668
f 683 569 681
f 668 681 545
f 683 681 668
f 529 582 571
f 582 545 584
f 571 584 541
f 582 584 571
f 545 583 588
f 583 534 586
f 588 586 546
f 583 586 588
f 541 587 572
f 587 546 585
f 572 585 530
f 587 585 572
f 545 588 584
f 588 546 587
f 584 587 541
f 588 587 584
f 529 571 598
f 571 541 600
f 598 600 550
f 571 600 598
f 541 572 603
f 572 530 601
f 603 601 551
f 572 601 603
f 550 604 599
f 604 551 602
f 599 602 536
f 604 602 599
f 541 603 600
f 603 551 604
f 600 604 550
f 603 604 600
f 529 598 649
f 598 550 651
f 649 651 562
f 598 651 649
f 550 599 662
f 599 536 660
f 662 660 565
f 599 660 662
f 562 664 650
f 664 565 661
f 650 661 539
f 664 661 650
f 550 662 651
f 662 565 664
f 651 664 562
f 662 664 651
f 529 649 666
f 649 562 669
f 666 669 566
f 649 669 666
f 562 650 687
f 650 539 685
f 687 685 570
f 650 685 687
f 566 689 667
f 689 570 686
f 667 686 540
f 689 686 667
f 562 687 669
f 687 570 689
f 669 689 566
f 687 689 669
f 530 585 624
f 585 546 626
f 624 626 557
f 585 626 624
f 546 586 639
f 586 534 637
f 639 637 560
f 586 637 639
f 557 641 625
f 641 560 638
f 625 638 538
f 641 638 625
f 546 639 626
f 639 560 641
f 626 641 557
f 639 641 626
f 534 679 590
f 679 569 682
f 590 682 547
f 679 682 590
f 569 680 684
f 680 540 675
f 684 675 568
f 680 675 684
f 547 677 589
f 677 568 674
f 589 674 533
f 677 674 589
f 569 684 682
f 684 568 677
f 682 677 547
f 684 677 682
f 540 686 671
f 686 570 690
f 671 690 567
f 686 690 671
f 570 685 688
f 685 539 653
f 688 653 563
f 685 653 688
f 567 673 670
f 673 563 652
f 670 652 531
f 673 652 670
f 570 688 690
f 688 563 673
f 690 673 567
f 688 673 690
f 539 661 656
f 661 565 665
f 656 665 564
f 661 665 656
f 565 660 663
f 660 536 606
f 663 606 552
f 660 606 663
f 564 658 655
f 658 552 605
f 655 605 535
f 658 605 655
f 565 663 665
f 663 552 658
f 665 658 564
f 663 658 665
f 536 602 618
f 602 551 620
f 618 620 556
f 602 620 618
f 551 601 609
f 601 530 607
f 609 607 553
f 601 607 609
f 556 622 619
f 622 553 608
f 619 608 537
f 622 608 619
f 551 609 620
f 609 553 622
f 620 622 556
f 609 622 620
f 532 628 578
f 628 558 630
f 578 630 544
f 628 630 578
f 558 629 636
f 629 538 633
f 636 633 559
f 629 633 636
f 544 634 579
f 634 559 632
f 579 632 533
f 634 632 579
f 558 636 630
f 636 559 634
f 630 634 544
f 636 634 630
f 532 578 574
f 578 544 580
f 574 580 542
f 578 580 574
f 544 579 581
f 579 533 576
f 581 576 543
f 579 576 581
f 542 577 573
f 577 543 575
f 573 575 531
f 577 575 573
f 544 581 580
f 581 543 577
f 580 577 542
f 581 577 580
f 532 574 594
f 574 542 596
f 594 596 549
f 574 596 594
f 542 573 593
f 573 531 591
f 593 591 548
f 573 591 593
f 549 597 595
f 597 548 592
f 595 592 535
f 597 592 595
f 542 593 596
f 593 548 597
f 596 597 549
f 593 597 596
f 532 594 610
f 594 549 612
f 610 612 554
f 594 612 610
f 549 595 615
f 595 535 613
f 615 613 555
f 595 613 615
f 554 617 611
f 617 555 614
f 611 614 537
f 617 614 611
f 549 615 612
f 615 555 617
f 612 617 554
f 615 617 612
f 532 610 628
f 610 554 631
f 628 631 558
f 610 631 628
f 554 611 646
f 611 537 643
f 646 643 561
f 611 643 646
f 558 648 629
f 648 561 644
f 629 644 538
f 648 644 629
f 554 646 631
f 646 561 648
f 631 648 558
f 646 648 631
f 533 632 589
f 632 559 635
f 589 635 547
f 632 635 589
f 559 633 642
f 633 538 638
f 642 638 560
f 633 638 642
f 547 640 590
f 640 560 637
f 590 637 534
f 640 637 590
f 559 642 635
f 642 560 640
f 635 640 547
f 642 640 635
f 531 575 670
f 575 543 672
f 670 672 567
f 575 672 670
f 543 576 676
f 576 533 674
f 676 674 568
f 576 674 676
f 567 678 671
f 678 568 675
f 671 675 540
f 678 675 671
f 543 676 672
f 676 568 678
f 672 678 567
f 676 678 672
f 535 592 655
f 592 548 657
f 655 657 564
f 592 657 655
f 548 591 654
f 591 531 652
f 654 652 563
f 591 652 654
f 564 659 656
f 659 563 653
f 656 653 539
f 659 653 656
f 548 654 657
f 654 563 659
f 657 659 564
f 654 659 657
f 537 614 619
f 614 555 623
f 619 623 556
f 614 623 619
f 555 613 616
f 613 535 605
f 616 605 552
f 613 605 616
f 556 621 618
f 621 552 606
f 618 606 536
f 621 606 618
f 555 616 623
f 616 552 621
f 623 621 556
f 616 621 623
f 538 644 625
f 644 561 647
f 625 647 557
f 644 647 625
f 561 643 645
f 643 537 608
f 645 608 553
f 643 608 645
f 557 627 624
f 627 553 607
f 624 607 530
f 627 607 624
f 561 645 647
f 645 553 627
f 647 627 557
f 645 627 647

o cradle_2_5
v 0.38144006 0.27273571 0.00000000 0.90196078 0.67450980 0.42745098
v 0.71855994 0.27273571 0.00000000 0.90196078 0.67450980 0.42745098
v 0.38144006 -0.27273571 0.00000000 0.90196078 0.67450980 0.42745098
v 0.71855994 -0.27273571 0.00000000 0.90196078 0.67450980 0.42745098
v 0.55000000 -0.16855994 0.25909892 0.90196078 0.67450980 0.42745098
v 0.55000000 0.16855994 0.25909892 0.90196078 0.67450980 0.42745098
v 0.55000000 -0.16855994 -0.25909892 0.90196078 0.67450980 0.42745098
v 0.55000000 0.16855994 -0.25909892 0.90196078 0.67450980 0.42745098
v 0.82273571 0.00000000 -0.16013194 0.90196078 0.67450980 0.42745098
v 0.82273571 0.00000000 0.16013194 0.90196078 0.67450980 0.42745098
v 0.27726429 0.00000000 -0.16013194 0.90196078 0.67450980 0.42745098
v 0.27726429 0.00000000 0.16013194 0.90196078 0.67450980 0.42745098
v 0.55000000 0.32062005 0.00000000 0.90196078 0.67450980 0.42745098
v 0.55000000 -0.32062005 0.00000000 0.90196078 0.67450980 0.42745098
v 0.45092295 -0.25938707 0.15229453 0.90196078 0.67450980 0.42745098
v 0.64907705 -0.25938707 0.15229453 0.90196078 0.67450980 0.42745098
v 0.45092295 0.25938707 0.15229453 0.90196078 0.67450980 0.42745098
v 0.64907705 0.25938707 0.15229453 0.90196078 0.67450980 0.42745098
v 0.55000000 0.00000000 0.30458905 0.90196078 0.67450980 0.42745098
v 0.45092295 -0.25938707 -0.15229453 0.90196078 0.67450980 0.42745098
v 0.64907705 -0.25938707 -0.15229453 0.90196078 0.67450980 0.42745098
v 0.45092295 0.25938707 -0.15229453 0.90196078 0.67450980 0.42745098
v 0.64907705 0.25938707 -0.15229453 0.90196078 0.67450980 0.42745098
v 0.55000000 0.00000000 -0.30458905 0.90196078 0.67450980 0.42745098
v 0.80938707 0.16031003 -0.09412319 0.90196078 0.67450980 0.42745098
v 0.80938707 -0.16031003 -0.09412319 0.90196078 0.67450980 0.42745098
v 0.71031003 -0.09907705 -0.24641772 0.90196078 0.67450980 0.42745098
v 0.71031003 0.09907705 -0.24641772 0.90196078 0.67450980 0.42745098
v 0.80938707 0.16031003 0.09412319 0.90196078 0.67450980 0.42745098
v 0.80938707 -0.16031003 0.09412319 0.90196078 0.67450980 0.42745098
v 0.71031003 -0.09907705 0.24641772 0.90196078 0.67450980 0.42745098
v 0.71031003 0.09907705 0.24641772 0.90196078 0.67450980 0.42745098
v 0.87062005 0.00000000 0.00000000 0.90196078 0.67450980 0.42745098
v 0.29061293 0.16031003 -0.09412319 0.90196078 0.67450980 0.42745098
v 0.29061293 -0.16031003 -0.09412319 0.90196078 0.67450980 0.42745098
v 0.38968997 -0.09907705 -0.24641772 0.90196078 0.67450980 0.42745098
v 0.38968997 0.09907705 -0.24641772 0.90196078 0.67450980 0.42745098
v 0.29061293 0.16031003 0.09412319 0.90196078 0.67450980 0.42745098
v 0.29061293 -0.16031003 0.09412319 0.90196078 0.67450980 0.42745098
v 0.38968997 -0.09907705 0.24641772 0.90196078 0.67450980 0.42745098
v 0.38968997 0.09907705 0.24641772 0.90196078 0.67450980 0.42745098
v 0.22937995 0.00000000 0.00000000 0.90196078 0.67450980 0.42745098
v 0.46238527 0.30841673 0.00000000 0.90196078 0.67450980 0.42745098
v 0.63761473 0.30841673 0.00000000 0.90196078 0.67450980 0.42745098
v 0.46238527 -0.30841673 0.00000000 0.90196078 0.67450980 0.42745098
v 0.63761473 -0.30841673 0.00000000 0.90196078 0.67450980 0.42745098
v 0.41088662 -0.27658882 0.07916023 0.90196078 0.67450980 0.42745098
v 0.49850135 -0.22243993 0.21383566 0.90196078 0.67450980 0.42745098
v 0.49791211 -0.30492779 0.08006597 0.90196078 0.67450980 0.42745098
v 0.68911338 -0.27658882 0.07916023 0.90196078 0.67450980 0.42745098
v 0.60149865 -0.22243993 0.21383566 0.90196078 0.67450980 0.42745098
v 0.60208789 -0.30492779 0.08006597 0.90196078 0.67450980 0.42745098
v 0.55000000 -0.27273571 0.16013194 0.90196078 0.67450980 0.42745098
v 0.41088662 0.27658882 0.07916023 0.90196078 0.67450980 0.42745098
v 0.49850135 0.22243993 0.21383566 0.90196078 0.67450980 0.42745098
v 0.49791211 0.30492779 0.08006597 0.90196078 0.67450980 0.42745098
v 0.68911338 0.27658882 0.07916023 0.90196078 0.67450980 0.42745098
v 0.60149865 0.22243993 0.21383566 0.90196078 0.67450980 0.42745098
v 0.60208789 0.30492779 0.08006597 0.90196078 0.67450980 0.42745098
v 0.55000000 0.27273571 0.16013194 0.90196078 0.67450980 0.42745098
v 0.55000000 -0.08761473 0.29299589 0.90196078 0.67450980 0.42745098
v 0.55000000 0.08761473 0.29299589 0.90196078 0.67450980 0.42745098
v 0.41088662 -0.27658882 -0.07916023 0.90196078 0.67450980 0.42745098
v 0.49850135 -0.22243993 -0.21383566 0.90196078 0.67450980 0.42745098
v 0.49791211 -0.30492779 -0.08006597 0.90196078 0.67450980 0.42745098
v 0.68911338 -0.27658882 -0.07916023 0.90196078 0.67450980 0.42745098
v 0.60149865 -0.22243993 -0.21383566 0.90196078 0.67450980 0.42745098
v 0.60208789 -0.30492779 -0.08006597 0.90196078 0.67450980 0.42745098
v 0.55000000 -0.27273571 -0.16013194 0.90196078 0.67450980 0.42745098
v 0.41088662 0.27658882 -0.07916023 0.90196078 0.67450980 0.42745098
v 0.49850135 0.22243993 -0.21383566 0.90196078 0.67450980 0.42745098
v 0.49791211 0.30492779 -0.08006597 0.90196078 0.67450980 0.42745098
v 0.68911338 0.27658882 -0.07916023 0.90196078 0.67450980 0.42745098
v 0.60149865 0.22243993 -0.21383566 0.90196078 0.67450980 0.42745098
v 0.60208789 0.30492779 -0.08006597 0.90196078 0.67450980 0.42745098
v 0.55000000 0.27273571 -0.16013194 0.90196078 0.67450980 0.42745098
v 0.55000000 -0.08761473 -0.29299589 0.90196078 0.67450980 0.42745098
v 0.55000000 0.08761473 -0.29299589 0.90196078 0.67450980 0.42745098
v 0.77243993 0.22509017 -0.04892371 0.90196078 0.67450980 0.42745098
v 0.82658882 0.08332656 -0.13215771 0.90196078 0.67450980 0.42745098
v 0.73845574 0.22064782 -0.12954946 0.90196078 0.67450980 0.42745098
v 0.77243993 -0.22509017 -0.04892371 0.90196078 0.67450980 0.42745098
v 0.82658882 -0.08332656 -0.13215771 0.90196078 0.67450980 0.42745098
v 0.73845574 -0.22064782 -0.12954946 0.90196078 0.67450980 0.42745098
v 0.63332656 -0.13911338 -0.26275937 0.90196078 0.67450980 0.42745098
v 0.77509017 -0.05149865 -0.21131794 0.90196078 0.67450980 0.42745098
v 0.68636785 -0.18845574 -0.20961543 0.90196078 0.67450980 0.42745098
v 0.63427997 -0.05208789 -0.28968140 0.90196078 0.67450980 0.42745098
v 0.77064782 -0.13636785 -0.17903295 0.90196078 0.67450980 0.42745098
v 0.63332656 0.13911338 -0.26275937 0.90196078 0.67450980 0.42745098
v 0.77509017 0.05149865 -0.21131794 0.90196078 0.67450980 0.42745098
v 0.68636785 0.18845574 -0.20961543 0.90196078 0.67450980 0.42745098
v 0.63427997 0.05208789 -0.28968140 0.90196078 0.67450980 0.42745098
v 0.77064782 0.13636785 -0.17903295 0.90196078 0.67450980 0.42745098
v 0.71855994 0.00000000 -0.25909892 0.90196078 0.67450980 0.42745098
v 0.77243993 0.22509017 0.04892371 0.90196078 0.67450980 0.42745098
v 0.82658882 0.08332656 0.13215771 0.90196078 0.67450980 0.42745098
v 0.73845574 0.22064782 0.12954946 0.90196078 0.67450980 0.42745098
v 0.82273571 0.16855994 0.00000000 0.90196078 0.67450980 0.42745098
v 0.77243993 -0.22509017 0.04892371 0.90196078 0.67450980 0.42745098
v 0.82658882 -0.08332656 0.13215771 0.90196078 0.67450980 0.42745098
v 0.73845574 -0.22064782 0.12954946 0.90196078 0.67450980 0.42745098
v 0.82273571 -0.16855994 0.00000000 0.90196078 0.67450980 0.42745098
v 0.63332656 -0.13911338 0.26275937 0.90196078 0.67450980 0.42745098
v 0.77509017 -0.05149865 0.21131794 0.90196078 0.67450980 0.42745098
v 0.68636785 -0.18845574 0.20961543 0.90196078 0.67450980 0.42745098
v 0.63427997 -0.05208789 0.28968140 0.90196078 0.67450980 0.42745098
v 0.77064782 -0.13636785 0.17903295 0.90196078 0.67450980 0.42745098
v 0.63332656 0.13911338 0.26275937 0.90196078 0.67450980 0.42745098
v 0.77509017 0.05149865 0.21131794 0.90196078 0.67450980 0.42745098
v 0.68636785 0.18845574 0.20961543 0.90196078 0.67450980 0.42745098
v 0.63427997 0.05208789 0.28968140 0.90196078 0.67450980 0.42745098
v 0.77064782 0.13636785 0.17903295 0.90196078 0.67450980 0.42745098
v 0.71855994 0.00000000 0.25909892 0.90196078 0.67450980 0.42745098
v 0.85841673 0.00000000 -0.08323399 0.90196078 0.67450980 0.42745098
v 0.85841673 0.00000000 0.08323399 0.90196078 0.67450980 0.42745098
v 0.85492779 0.08427997 -0.04948349 0.90196078 0.67450980 0.42745098
v 0.85492779 -0.08427997 -0.04948349 0.90196078 0.67450980 0.42745098
v 0.85492779 0.08427997 0.04948349 0.90196078 0.67450980 0.42745098
v 0.85492779 -0.08427997 0.04948349 0.90196078 0.67450980 0.42745098
v 0.32756007 0.22509017 -0.04892371 0.90196078 0.67450980 0.42745098
v 0.27341118 0.08332656 -0.13215771 0.90196078 0.67450980 0.42745098
v 0.36154426 0.22064782 -0.12954946 0.90196078 0.67450980 0.42745098
v 0.32756007 -0.22509017 -0.04892371 0.90196078 0.67450980 0.42745098
v 0.27341118 -0.08332656 -0.13215771 0.90196078 0.67450980 0.42745098
v 0.36154426 -0.22064782 -0.12954946 0.90196078 0.67450980 0.42745098
v 0.46667344 -0.13911338 -0.26275937 0.90196078 0.67450980 0.42745098
v 0.32490983 -0.05149865 -0.21131794 0.90196078 0.67450980 0.42745098
v 0.41363215 -0.18845574 -0.20961543 0.90196078 0.67450980 0.42745098
v 0.46572003 -0.05208789 -0.28968140 0.90196078 0.67450980 0.42745098
v 0.32935218 -0.13636785 -0.17903295 0.90196078 0.67450980 0.42745098
v 0.46667344 0.13911338 -0.26275937 0.90196078 0.67450980 0.42745098
v 0.32490983 0.05149865 -0.21131794 0.90196078 0.67450980 0.42745098
v 0.41363215 0.18845574 -0.20961543 0.90196078 0.67450980 0.42745098
v 0.46572003 0.05208789 -0.28968140 0.90196078 0.67450980 0.42745098
v 0.32935218 0.13636785 -0.17903295 0.90196078 0.67450980 0.42745098
v 0.38144006 0.00000000 -0.25909892 0.90196078 0.67450980 0.42745098
v 0.32756007 0.22509017 0.04892371 0.90196078 0.67450980 0.42745098
v 0.27341118 0.08332656 0.13215771 0.90196078 0.67450980 0.42745098
v 0.36154426 0.22064782 0.12954946 0.90196078 0.67450980 0.42745098
v 0.27726429 0.16855994 0.00000000 0.90196078 0.67450980 0.42745098
v 0.32756007 -0.22509017 0.04892371 0.90196078 0.67450980 0.42745098
v 0.27341118 -0.08332656 0.13215771 0.90196078 0.67450980 0.42745098
v 0.36154426 -0.22064782 0.12954946 0.90196078 0.67450980 0.42745098
v 0.27726429 -0.16855994 0.00000000 0.90196078 0.67450980 0.42745098
v 0.46667344 -0.13911338 0.26275937 0.90196078 0.67450980 0.42745098
v 0.32490983 -0.05149865 0.21131794 0.90196078 0.67450980 0.42745098
v 0.41363215 -0.18845574 0.20961543 0.90196078 0.67450980 0.42745098
v 0.46572003 -0.05208789 0.28968140 0.90196078 0.67450980 0.42745098
v 0.32935218 -0.13636785 0.17903295 0.90196078 0.67450980 0.42745098
v 0.46667344 0.13911338 0.26275937 0.90196078 0.67450980 0.42745098
v 0.32490983 0.05149865 0.21131794 0.90196078 0.67450980 0.42745098
v 0.41363215 0.18845574 0.20961543 0.90196078 0.67450980 0.42745098
v 0.46572003 0.05208789 0.28968140 0.90196078 0.67450980 0.42745098
v 0.32935218 0.13636785 0.17903295 0.90196078 0.67450980 0.42745098
v 0.38144006 0.00000000 0.25909892 0.90196078 0.67450980 0.42745098
v 0.24158327 0.00000000 -0.08323399 0.90196078 0.67450980 0.42745098
v 0.24158327 0.00000000 0.08323399 0.90196078 0.67450980 0.42745098
v 0.24507221 0.08427997 -0.04948349 0.90196078 0.67450980 0.42745098
v 0.24507221 -0.08427997 -0.04948349 0.90196078 0.67450980 0.42745098
v 0.24507221 0.08427997 0.04948349 0.90196078 0.67450980 0.42745098
v 0.24507221 -0.08427997 0.04948349 0.90196078 0.67450980 0.42745098
f 691 828 744
f 828 728 830
f 744 830 707
f 828 830 744
f 728 829 845
f 829 702 842
f 845 842 731
f 829 842 845
f 707 843 745
f 843 731 841
f 745 841 696
f 843 841 745
f 728 845 830
f 845 731 843
f 830 843 707
f 845 843 830
f 691 744 733
f 744 707 746
f 733 746 703
f 744 746 733
f 707 745 750
f 745 696 748
f 750 748 708
f 745 748 750
f 703 749 734
f 749 708 747
f 734 747 692
f 749 747 734
f 707 750 746
f 750 708 749
f 746 749 703
f 750 749 746
f 691 733 760
f 733 703 762
f 760 762 712
f 733 762 760
f 703 734 765
f 734 692 763
f 765 763 713
f 734 763 765
f 712 766 761
f 766 713 764
f 761 764 698
f 766 764 761
f 703 765 762
f 765 713 766
f 762 766 712
f 765 766 762
f 691 760 811
f 760 712 813
f 811 813 724
f 760 813 811
f 712 761 824
f 761 698 822
f 824 822 727
f 761 822 824
f 724 826 812
f 826 727 823
f 812 823 701
f 826 823 812
f 712 824 813
f 824 727 826
f 813 826 724
f 824 826 813
f 691 811 828
f 811 724 831
f 828 831 728
f 811 831 828
f 724 812 849
f 812 701 847
f 849 847 732
f 812 847 849
f 728 851 829
f 851 732 848
f 829 848 702
f 851 848 829
f 724 849 831
f 849 732 851
f 831 851 728
f 849 851 831
f 692 747 786
f 747 708 788
f 786 788 719
f 747 788 786
f 708 748 801
f 748 696 799
f 801 799 722
f 748 799 801
f 719 803 787
f 803 722 800
f 787 800 700
f 803 800 787
f 708 801 788
f 801 722 803
f 788 803 719
f 801 803 788
f 696 841 752
f 841 731 844
f 752 844 709
f 841 844 752
f 731 842 846
f 842 702 837
f 846 837 730
f 842 837 846
f 709 839 751
f 839 730 836
f 751 836 695
f 839 836 751
f 731 846 844
f 846 730 839
f 844 839 709
f 846 839 844
f 702 848 833
f 848 732 852
f 833 852 729
f 848 852 833
f 732 847 850
f 847 701 815
f 850 815 725
f 847 815 850
f 729 835 832
f 835 725 814
f 832 814 693
f 835 814 832
f 732 850 852
f 850 725 835
f 852 835 729
f 850 835 852
f 701 823 818
f 823 727 827
f 818 827 726
f 823 827 818
f 727 822 825
f 822 698 768
f 825 768 714
f 822 768 825
f 726 820 817
f 820 714 767
f 817 767 697
f 820 767 817
f 727 825 827
f 825 714 820
f 827 820 726
f 825 820 827
f 698 764 780
f 764 713 782
f 780 782 718
f 764 782 780
f 713 763 771
f 763 692 769
f 771 769 715
f 763 769 771
f 718 784 781
f 784 715 770
f 781 770 699
f 784 770 781
f 713 771 782
f 771 715 784
f 782 784 718
f 771 784 782
f 694 790 740
f 790 720 792
f 740 792 706
f 790 792 740
f 720 791 798
f 791 700 795
f 798 795 721
f 791 795 798
f 706 796 741
f 796 721 794
f 741 794 695
f 796 794 741
f 720 798 792
f 798 721 796
f 792 796 706
f 798 796 792
f 694 740 736
f 740 706 742
f 736 742 704
f 740 742 736
f 706 741 743
f 741 695 738
f 743 738 705
f 741 738 743
f 704 739 735
f 739 705 737
f 735 737 693
f 739 737 735
f 706 743 742
f 743 705 739
f 742 739 704
f 743 739 742
f 694 736 756
f 736 704 758
f 756 758 711
f 736 758 756
f 704 735 755
f 735 693 753
f 755 753 710
f 735 753 755
f 711 759 757
f 759 710 754
f 757 754 697
f 759 754 757
f 704 755 758
f 755 710 759
f 758 759 711
f 755 759 758
f 694 756 772
f 756 711 774
f 772 774 716
f 756 774 772
f 711 757 777
f 757 697 775
f 777 775 717
f 757 775 777
f 716 779 773
f 779 717 776
f 773 776 699
f 779 776 773
f 711 777 774
f 777 717 779
f 774 779 716
f 777 779 774
f 694 772 790
f 772 716 793
f 790 793 720
f 772 793 790
f 716 773 808
f 773 699 805
f 808 805 723
f 773 805 808
f 720 810 791
f 810 723 806
f 791 806 700
f 810 806 791
f 716 808 793
f 808 723 810
f 793 810 720
f 808 810 793
f 695 794 751
f 794 721 797
f 751 797 709
f 794 797 751
f 721 795 804
f 795 700 800
f 804 800 722
f 795 800 804
f 709 802 752
f 802 722 799
f 752 799 696
f 802 799 752
f 721 804 797
f 804 722 802
f 797 802 709
f 804 802 797
f 693 737 832
f 737 705 834
f 832 834 729
f 737 834 832
f 705 738 838
f 738 695 836
f 838 836 730
f 738 836 838
f 729 840 833
f 840 730 837
f 833 837 702
f 840 837 833
f 705 838 834
f 838 730 840
f 834 840 729
f 838 840 834
f 697 754 817
f 754 710 819
f 817 819 726
f 754 819 817
f 710 753 816
f 753 693 814
f 816 814 725
f 753 814 816
f 726 821 818
f 821 725 815
f 818 815 701
f 821 815 818
f 710 816 819
f 816 725 821
f 819 821 726
f 816 821 819
f 699 776 781
f 776 717 785
f 781 785 718
f 776 785 781
f 717 775 778
f 775 697 767
f 778 767 714
f 775 767 778
f 718 783 780
f 783 714 768
f 780 768 698
f 783 768 780
f 717 778 785
f 778 714 783
f 785 783 718
f 778 783 785
f 700 806 787
f 806 723 809
f 787 809 719
f 806 809 787
f 723 805 807
f 805 699 770
f 807 770 715
f 805 770 807
f 719 789 786
f 789 715 769
f 786 769 692
f 789 769 786
f 723 807 809
f 807 715 789
f 809 789 719
f 807 789 809

o cradle_alt_2_6
v -0.69327595 0.23182535 0.22000000 0.90196078 0.67450980 0.42745098
v -0.40672405 0.23182535 0.22000000 0.90196078 0.67450980 0.42745098
v -0.69327595 -0.23182535 0.22000000 0.90196078 0.67450980 0.42745098
v -0.40672405 -0.23182535 0.22000000 0.90196078 0.67450980 0.42745098
v -0.55000000 -0.14327595 0.43818857 0.90196078 0.67450980 0.42745098
v -0.55000000 0.14327595 0.43818857 0.90196078 0.67450980 0.42745098
v -0.55000000 -0.14327595 0.00181143 0.90196078 0.67450980 0.42745098
v -0.55000000 0.14327595 0.00181143 0.90196078 0.67450980 0.42745098
v -0.31817465 0.00000000 0.08515205 0.90196078 0.67450980 0.42745098
v -0.31817465 0.00000000 0.35484795 0.90196078 0.67450980 0.42745098
v -0.78182535 0.00000000 0.08515205 0.90196078 0.67450980 0.42745098
v -0.78182535 0.00000000 0.35484795 0.90196078 0.67450980 0.42745098
v -0.55000000 0.27252705 0.22000000 0.90196078 0.67450980 0.42745098
v -0.55000000 -0.27252705 0.22000000 0.90196078 0.67450980 0.42745098
v -0.63421549 -0.22047901 0.34824802 0.90196078 0.67450980 0.42745098
v -0.46578451 -0.22047901 0.34824802 0.90196078 0.67450980 0.42745098
v -0.63421549 0.22047901 0.34824802 0.90196078 0.67450980 0.42745098
v -0.46578451 0.22047901 0.34824802 0.90196078 0.67450980 0.42745098
v -0.55000000 0.00000000 0.47649604 0.90196078 0.67450980 0.42745098
v -0.63421549 -0.22047901 0.09175198 0.90196078 0.67450980 0.42745098
v -0.46578451 -0.22047901 0.09175198 0.90196078 0.67450980 0.42745098
v -0.63421549 0.22047901 0.09175198 0.90196078 0.67450980 0.42745098
v -0.46578451 0.22047901 0.09175198 0.90196078 0.67450980 0.42745098
v -0.55000000 0.00000000 -0.03649604 0.90196078 0.67450980 0.42745098
v -0.32952099 0.13626352 0.14073836 0.90196078 0.67450980 0.42745098
v -0.32952099 -0.13626352 0.14073836 0.90196078 0.67450980 0.42745098
v -0.41373648 -0.08421549 0.01249034 0.90196078 0.67450980 0.42745098
v -0.41373648 0.08421549 0.01249034 0.90196078 0.67450980 0.42745098
v -0.32952099 0.13626352 0.29926164 0.90196078 0.67450980 0.42745098
v -0.32952099 -0.13626352 0.29926164 0.90196078 0.67450980 0.42745098
v -0.41373648 -0.08421549 0.42750966 0.90196078 0.67450980 0.42745098
v -0.41373648 0.08421549 0.42750966 0.90196078 0.67450980 0.42745098
v -0.27747295 0.00000000 0.22000000 0.90196078 0.67450980 0.42745098
v -0.77047901 0.13626352 0.14073836 0.90196078 0.67450980 0.42745098
v -0.77047901 -0.13626352 0.14073836 0.90196078 0.67450980 0.42745098
v -0.68626352 -0.08421549 0.01249034 0.90196078 0.67450980 0.42745098
v -0.68626352 0.08421549 0.01249034 0.90196078 0.67450980 0.42745098
v -0.77047901 0.13626352 0.29926164 0.90196078 0.67450980 0.42745098
v -0.77047901 -0.13626352 0.29926164 0.90196078 0.67450980 0.42745098
v -0.68626352 -0.08421549 0.42750966 0.90196078 0.67450980 0.42745098
v -0.68626352 0.08421549 0.42750966 0.90196078 0.67450980 0.42745098
v -0.82252705 0.00000000 0.22000000 0.90196078 0.67450980 0.42745098
v -0.62447252 0.26215422 0.22000000 0.90196078 0.67450980 0.42745098
v -0.47552748 0.26215422 0.22000000 0.90196078 0.67450980 0.42745098
v -0.62447252 -0.26215422 0.22000000 0.90196078 0.67450980 0.42745098
v -0.47552748 -0.26215422 0.22000000 0.90196078 0.67450980 0.42745098
v -0.66824637 -0.23510049 0.28666125 0.90196078 0.67450980 0.42745098
v -0.59377385 -0.18907394 0.40007214 0.90196078 0.67450980 0.42745098
v -0.59427470 -0.25918862 0.28742398 0.90196078 0.67450980 0.42745098
v -0.43175363 -0.23510049 0.28666125 0.90196078 0.67450980 0.42745098
v -0.50622615 -0.18907394 0.40007214 0.90196078 0.67450980 0.42745098
v -0.50572530 -0.25918862 0.28742398 0.90196078 0.67450980 0.42745098
v -0.55000000 -0.23182535 0.35484795 0.90196078 0.67450980 0.42745098
v -0.66824637 0.23510049 0.28666125 0.90196078 0.67450980 0.42745098
v -0.59377385 0.18907394 0.40007214 0.90196078 0.67450980 0.42745098
v -0.59427470 0.25918862 0.28742398 0.90196078 0.67450980 0.42745098
v -0.43175363 0.23510049 0.28666125 0.90196078 0.67450980 0.42745098
v -0.50622615 0.18907394 0.40007214 0.90196078 0.67450980 0.42745098
v -0.50572530 0.25918862 0.28742398 0.90196078 0.67450980 0.42745098
v -0.55000000 0.23182535 0.35484795 0.90196078 0.67450980 0.42745098
v -0.55000000 -0.07447252 0.46673338 0.90196078 0.67450980 0.42745098
v -0.55000000 0.07447252 0.46673338 0.90196078 0.67450980 0.42745098
v -0.66824637 -0.23510049 0.15333875 0.90196078 0.67450980 0.42745098
v -0.59377385 -0.18907394 0.03992786 0.90196078 0.67450980 0.42745098
v -0.59427470 -0.25918862 0.15257602 0.90196078 0.67450980 0.42745098
v -0.43175363 -0.23510049 0.15333875 0.90196078 0.67450980 0.42745098
v -0.50622615 -0.18907394 0.03992786 0.90196078 0.67450980 0.42745098
v -0.50572530 -0.25918862 0.15257602 0.90196078 0.67450980 0.42745098
v -0.55000000 -0.23182535 0.08515205 0.90196078 0.67450980 0.42745098
v -0.66824637 0.23510049 0.15333875 0.90196078 0.67450980 0.42745098
v -0.59377385 0.18907394 0.03992786 0.90196078 0.67450980 0.42745098
v -0.59427470 0.25918862 0.15257602 0.90196078 0.67450980 0.42745098
v -0.43175363 0.23510049 0.15333875 0.90196078 0.67450980 0.42745098
v -0.50622615 0.18907394 0.03992786 0.90196078 0.67450980 0.42745098
v -0.50572530 0.25918862 0.15257602 0.90196078 0.67450980 0.42745098
v -0.55000000 0.23182535 0.08515205 0.90196078 0.67450980 0.42745098
v -0.55000000 -0.07447252 -0.02673338 0.90196078 0.67450980 0.42745098
v -0.55000000 0.07447252 -0.02673338 0.90196078 0.67450980 0.42745098
v -0.36092606 0.19132664 0.17880108 0.90196078 0.67450980 0.42745098
v -0.31489951 0.07082758 0.10870930 0.90196078 0.67450980 0.42745098
v -0.38981262 0.18755065 0.11090572 0.90196078 0.67450980 0.42745098
v -0.36092606 -0.19132664 0.17880108 0.90196078 0.67450980 0.42745098
v -0.31489951 -0.07082758 0.10870930 0.90196078 0.67450980 0.42745098
v -0.38981262 -0.18755065 0.11090572 0.90196078 0.67450980 0.42745098
v -0.47917242 -0.11824637 -0.00127105 0.90196078 0.67450980 0.42745098
v -0.35867336 -0.04377385 0.04204805 0.90196078 0.67450980 0.42745098
v -0.43408732 -0.16018738 0.04348174 0.90196078 0.67450980 0.42745098
v -0.47836203 -0.04427470 -0.02394223 0.90196078 0.67450980 0.42745098
v -0.36244935 -0.11591268 0.06923541 0.90196078 0.67450980 0.42745098
v -0.47917242 0.11824637 -0.00127105 0.90196078 0.67450980 0.42745098
v -0.35867336 0.04377385 0.04204805 0.90196078 0.67450980 0.42745098
v -0.43408732 0.16018738 0.04348174 0.90196078 0.67450980 0.42745098
v -0.47836203 0.04427470 -0.02394223 0.90196078 0.67450980 0.42745098
v -0.36244935 0.11591268 0.06923541 0.90196078 0.67450980 0.42745098
v -0.40672405 0.00000000 0.00181143 0.90196078 0.67450980 0.42745098
v -0.36092606 0.19132664 0.26119892 0.90196078 0.67450980 0.42745098
v -0.31489951 0.07082758 0.33129070 0.90196078 0.67450980 0.42745098
v -0.38981262 0.18755065 0.32909428 0.90196078 0.67450980 0.42745098
v -0.31817465 0.14327595 0.22000000 0.90196078 0.67450980 0.42745098
v -0.36092606 -0.19132664 0.26119892 0.90196078 0.67450980 0.42745098
v -0.31489951 -0.07082758 0.33129070 0.90196078 0.67450980 0.42745098
v -0.38981262 -0.18755065 0.32909428 0.90196078 0.67450980 0.42745098
v -0.31817465 -0.14327595 0.22000000 0.90196078 0.67450980 0.42745098
v -0.47917242 -0.11824637 0.44127105 0.90196078 0.67450980 0.42745098
v -0.35867336 -0.04377385 0.39795195 0.90196078 0.67450980 0.42745098
v -0.43408732 -0.16018738 0.39651826 0.90196078 0.67450980 0.42745098
v -0.47836203 -0.04427470 0.46394223 0.90196078 0.67450980 0.42745098
v -0.36244935 -0.11591268 0.37076459 0.90196078 0.67450980 0.42745098
v -0.47917242 0.11824637 0.44127105 0.90196078 0.67450980 0.42745098
v -0.35867336 0.04377385 0.39795195 0.90196078 0.67450980 0.42745098
v -0.43408732 0.16018738 0.39651826 0.90196078 0.67450980 0.42745098
v -0.47836203 0.04427470 0.46394223 0.90196078 0.67450980 0.42745098
v -0.36244935 0.11591268 0.37076459 0.90196078 0.67450980 0.42745098
v -0.40672405 0.00000000 0.43818857 0.90196078 0.67450980 0.42745098
v -0.28784578 0.00000000 0.14990822 0.90196078 0.67450980 0.42745098
v -0.28784578 0.00000000 0.29009178 0.90196078 0.67450980 0.42745098
v -0.29081138 0.07163797 0.17832969 0.90196078 0.67450980 0.42745098
v -0.29081138 -0.07163797 0.17832969 0.90196078 0.67450980 0.42745098
v -0.29081138 0.07163797 0.26167031 0.90196078 0.67450980 0.42745098
v -0.29081138 -0.07163797 0.26167031 0.90196078 0.67450980 0.42745098
v -0.73907394 0.19132664 0.17880108 0.90196078 0.67450980 0.42745098
v -0.78510049 0.07082758 0.10870930 0.90196078 0.67450980 0.42745098
v -0.71018738 0.18755065 0.11090572 0.90196078 0.67450980 0.42745098
v -0.73907394 -0.19132664 0.17880108 0.90196078 0.67450980 0.42745098
v -0.78510049 -0.07082758 0.10870930 0.90196078 0.67450980 0.42745098
v -0.71018738 -0.18755065 0.11090572 0.90196078 0.67450980 0.42745098
v -0.62082758 -0.11824637 -0.00127105 0.90196078 0.67450980 0.42745098
v -0.74132664 -0.04377385 0.04204805 0.90196078 0.67450980 0.42745098
v -0.66591268 -0.16018738 0.04348174 0.90196078 0.67450980 0.42745098
v -0.62163797 -0.04427470 -0.02394223 0.90196078 0.67450980 0.42745098
v -0.73755065 -0.11591268 0.06923541 0.90196078 0.67450980 0.42745098
v -0.62082758 0.11824637 -0.00127105 0.90196078 0.67450980 0.42745098
v -0.74132664 0.04377385 0.04204805 0.90196078 0.67450980 0.42745098
v -0.66591268 0.16018738 0.04348174 0.90196078 0.67450980 0.42745098
v -0.62163797 0.04427470 -0.02394223 0.90196078 0.67450980 0.42745098
v -0.73755065 0.11591268 0.06923541 0.90196078 0.67450980 0.42745098
v -0.69327595 0.00000000 0.00181143 0.90196078 0.67450980 0.42745098
v -0.73907394 0.19132664 0.26119892 0.90196078 0.67450980 0.42745098
v -0.78510049 0.07082758 0.33129070 0.90196078 0.67450980 0.42745098
v -0.71018738 0.18755065 0.32909428 0.90196078 0.67450980 0.42745098
v -0.78182535 0.14327595 0.22000000 0.90196078 0.67450980 0.42745098
v -0.73907394 -0.19132664 0.26119892 0.90196078 0.67450980 0.42745098
v -0.78510049 -0.07082758 0.33129070 0.90196078 0.67450980 0.42745098
v -0.71018738 -0.18755065 0.32909428 0.90196078 0.67450980 0.42745098
v -0.78182535 -0.14327595 0.22000000 0.90196078 0.67450980 0.42745098
v -0.62082758 -0.11824637 0.44127105 0.90196078 0.67450980 0.42745098
v -0.74132664 -0.04377385 0.39795195 0.90196078 0.67450980 0.42745098
v -0.66591268 -0.16018738 0.39651826 0.90196078 0.67450980 0.42745098
v -0.62163797 -0.04427470 0.46394223 0.90196078 0.67450980 0.42745098
v -0.73755065 -0.11591268 0.37076459 0.90196078 0.67450980 0.42745098
v -0.62082758 0.11824637 0.44127105 0.90196078 0.67450980 0.42745098
v -0.74132664 0.04377385 0.39795195 0.90196078 0.67450980 0.42745098
v -0.66591268 0.16018738 0.39651826 0.90196078 0.67450980 0.42745098
v -0.62163797 0.04427470 0.46394223 0.90196078 0.67450980 0.42745098
v -0.73755065 0.11591268 0.37076459 0.90196078 0.67450980 0.42745098
v -0.69327595 0.00000000 0.43818857 0.90196078 0.67450980 0.42745098
v -0.81215422 0.00000000 0.14990822 0.90196078 0.67450980 0.42745098
v -0.81215422 0.00000000 0.29009178 0.90196078 0.67450980 0.42745098
v -0.80918862 0.07163797 0.17832969 0.90196078 0.67450980 0.42745098
v -0.80918862 -0.07163797 0.17832969 0.90196078 0.67450980 0.42745098
v -0.80918862 0.07163797 0.26167031 0.90196078 0.67450980 0.42745098
v -0.80918862 -0.07163797 0.26167031 0.90196078 0.67450980 0.42745098
f 853 990 906
f 990 890 992
f 906 992 869
f 990 992 906
f 890 991 1007
f 991 864 1004
f 1007 1004 893
f 991 1004 1007
f 869 1005 907
f 1005 893 1003
f 907 1003 858
f 1005 1003 907
f 890 1007 992
f 1007 893 1005
f 992 1005 869
f 1007 1005 992
f 853 906 895
f 906 869 908
f 895 908 865
f 906 908 895
f 869 907 912
f 907 858 910
f 912 910 870
f 907 910 912
f 865 911 896
f 911 870 909
f 896 909 854
f 911 909 896
f 869 912 908
f 912 870 911
f 908 911 865
f 912 911 908
f 853 895 922
f 895 865 924
f 922 924 874
f 895 924 922
f 865 896 927
f 896 854 925
f 927 925 875
f 896 925 927
f 874 928 923
f 928 875 926
f 923 926 860
f 928 926 923
f 865 927 924
f 927 875 928
f 924 928 874
f 927 928 924
f 853 922 973
f 922 874 975
f 973 975 886
f 922 975 973
f 874 923 986
f 923 860 984
f 986 984 889
f 923 984 986
f 886 988 974
f 988 889 985
f 974 985 863
f 988 985 974
f 874 986 975
f 986 889 988
f 975 988 886
f 986 988 975
f 853 973 990
f 973 886 993
f 990 993 890
f 973 993 990
f 886 974 1011
f 974 863 1009
f 1011 1009 894
f 974 1009 1011
f 890 1013 991
f 1013 894 1010
f 991 1010 864
f 1013 1010 991
f 886 1011 993
f 1011 894 1013
f 993 1013 890
f 1011 1013 993
f 854 909 948
f 909 870 950
f 948 950 881
f 909 950 948
f 870 910 963
f 910 858 961
f 963 961 884
f 910 961 963
f 881 965 949
f 965 884 962
f 949 962 862
f 965 962 949
f 870 963 950
f 963 884 965
f 950 965 881
f 963 965 950
f 858 1003 914
f 1003 893 1006
f 914 1006 871
f 1003 1006 914
f 893 1004 1008
f 1004 864 999
f 1008 999 892
f 1004 999 1008
f 871 1001 913
f 1001 892 998
f 913 998 857
f 1001 998 913
f 893 1008 1006
f 1008 892 1001
f 1006 1001 871
f 1008 1001 1006
f 864 1010 995
f 1010 894 1014
f 995 1014 891
f 1010 1014 995
f 894 1009 1012
f 1009 863 977
f 1012 977 887
f 1009 977 1012
f 891 997 994
f 997 887 976
f 994 976 855
f 997 976 994
f 894 1012 1014
f 1012 887 997
f 1014 997 891
f 1012 997 1014
f 863 985 980
f 985 889 989
f 980 989 888
f 985 989 980
f 889 984 987
f 984 860 930
f 987 930 876
f 984 930 987
f 888 982 979
f 982 876 929
f 979 929 859
f 982 929 979
f 889 987 989
f 987 876 982
f 989 982 888
f 987 982 989
f 860 926 942
f 926 875 944
f 942 944 880
f 926 944 942
f 875 925 933
f 925 854 931
f 933 931 877
f 925 931 933
f 880 946 943
f 946 877 932
f 943 932 861
f 946 932 943
f 875 933 944
f 933 877 946
f 944 946 880
f 933 946 944
f 856 952 902
f 952 882 954
f 902 954 868
f 952 954 902
f 882 953 960
f 953 862 957
f 960 957 883
f 953 957 960
f 868 958 903
f 958 883 956
f 903 956 857
f 958 956 903
f 882 960 954
f 960 883 958
f 954 958 868
f 960 958 954
f 856 902 898
f 902 868 904
f 898 904 866
f 902 904 898
f 868 903 905
f 903 857 900
f 905 900 867
f 903 900 905
f 866 901 897
f 901 867 899
f 897 899 855
f 901 899 897
f 868 905 904
f 905 867 901
f 904 901 866
f 905 901 904
f 856 898 918
f 898 866 920
f 918 920 873
f 898 920 918
f 866 897 917
f 897 855 915
f 917 915 872
f 897 915 917
f 873 921 919
f 921 872 916
f 919 916 859
f 921 916 919
f 866 917 920
f 917 872 921
f 920 921 873
f 917 921 920
f 856 918 934
f 918 873 936
f 934 936 878
f 918 936 934
f 873 919 939
f 919 859 937
f 939 937 879
f 919 937 939
f 878 941 935
f 941 879 938
f 935 938 861
f 941 938 935
f 873 939 936
f 939 879 941
f 936 941 878
f 939 941 936
f 856 934 952
f 934 878 955
f 952 955 882
f 934 955 952
f 878 935 970
f 935 861 967
f 970 967 885
f 935 967 970
f 882 972 953
f 972 885 968
f 953 968 862
f 972 968 953
f 878 970 955
f 970 885 972
f 955 972 882
f 970 972 955
f 857 956 913
f 956 883 959
f 913 959 871
f 956 959 913
f 883 957 966
f 957 862 962
f 966 962 884
f 957 962 966
f 871 964 914
f 964 884 961
f 914 961 858
f 964 961 914
f 883 966 959
f 966 884 964
f 959 964 871
f 966 964 959
f 855 899 994
f 899 867 996
f 994 996 891
f 899 996 994
f 867 900 1000
f 900 857 998
f 1000 998 892
f 900 998 1000
f 891 1002 995
f 1002 892 999
f 995 999 864
f 1002 999 995
f 867 1000 996
f 1000 892 1002
f 996 1002 891
f 1000 1002 996
f 859 916 979
f 916 872 981
f 979 981 888
f 916 981 979
f 872 915 978
f 915 855 976
f 978 976 887
f 915 976 978
f 888 983 980
f 983 887 977
f 980 977 863
f 983 977 980
f 872 978 981
f 978 887 983
f 981 983 888
f 978 983 981
f 861 938 943
f 938 879 947
f 943 947 880
f 938 947 943
f 879 937 940
f 937 859 929
f 940 929 876
f 937 929 940
f 880 945 942
f 945 876 930
f 942 930 860
f 945 930 942
f 879 940 947
f 940 876 945
f 947 945 880
f 940 945 947
f 862 968 949
f 968 885 971
f 949 971 881
f 968 971 949
f 885 967 969
f 967 861 932
f 969 932 877
f 967 932 969
f 881 951 948
f 951 877 931
f 948 931 854
f 951 931 948
f 885 969 971
f 969 877 951
f 971 951 881
f 969 951 971

o cradle_3_7
v 0.40674387 0.23179329 0.45000000 0.90196078 0.67450980 0.42745098
v 0.69325613 0.23179329 0.45000000 0.90196078 0.67450980 0.42745098
v 0.40674387 -0.23179329 0.45000000 0.90196078 0.67450980 0.42745098
v 0.69325613 -0.23179329 0.45000000 0.90196078 0.67450980 0.42745098
v 0.55000000 -0.14325613 0.67020362 0.90196078 0.67450980 0.42745098
v 0.55000000 0.14325613 0.67020362 0.90196078 0.67450980 0.42745098
v 0.55000000 -0.14325613 0.22979638 0.90196078 0.67450980 0.42745098
v 0.55000000 0.14325613 0.22979638 0.90196078 0.67450980 0.42745098
v 0.78179329 0.00000000 0.31390668 0.90196078 0.67450980 0.42745098
v 0.78179329 0.00000000 0.58609332 0.90196078 0.67450980 0.42745098
v 0.31820671 0.00000000 0.31390668 0.90196078 0.67450980 0.42745098
v 0.31820671 0.00000000 0.58609332 0.90196078 0.67450980 0.42745098
v 0.55000000 0.27248935 0.45000000 0.90196078 0.67450980 0.42745098
v 0.55000000 -0.27248935 0.45000000 0.90196078 0.67450980 0.42745098
v 0.46579616 -0.22044852 0.57943244 0.90196078 0.67450980 0.42745098
v 0.63420384 -0.22044852 0.57943244 0.90196078 0.67450980 0.42745098
v 0.46579616 0.22044852 0.57943244 0.90196078 0.67450980 0.42745098
v 0.63420384 0.22044852 0.57943244 0.90196078 0.67450980 0.42745098
v 0.55000000 0.00000000 0.70886489 0.90196078 0.67450980 0.42745098
v 0.46579616 -0.22044852 0.32056756 0.90196078 0.67450980 0.42745098
v 0.63420384 -0.22044852 0.32056756 0.90196078 0.67450980 0.42745098
v 0.46579616 0.22044852 0.32056756 0.90196078 0.67450980 0.42745098
v 0.63420384 0.22044852 0.32056756 0.90196078 0.67450980 0.42745098
v 0.55000000 0.00000000 0.19113511 0.90196078 0.67450980 0.42745098
v 0.77044852 0.13624468 0.37000635 0.90196078 0.67450980 0.42745098
v 0.77044852 -0.13624468 0.37000635 0.90196078 0.67450980 0.42745098
v 0.68624468 -0.08420384 0.24057391 0.90196078 0.67450980 0.42745098
v 0.68624468 0.08420384 0.24057391 0.90196078 0.67450980 0.42745098
v 0.77044852 0.13624468 0.52999365 0.90196078 0.67450980 0.42745098
v 0.77044852 -0.13624468 0.52999365 0.90196078 0.67450980 0.42745098
v 0.68624468 -0.08420384 0.65942609 0.90196078 0.67450980 0.42745098
v 0.68624468 0.08420384 0.65942609 0.90196078 0.67450980 0.42745098
v 0.82248935 0.00000000 0.45000000 0.90196078 0.67450980 0.42745098
v 0.32955148 0.13624468 0.37000635 0.90196078 0.67450980 0.42745098
v 0.32955148 -0.13624468 0.37000635 0.90196078 0.67450980 0.42745098
v 0.41375532 -0.08420384 0.24057391 0.90196078 0.67450980 0.42745098
v 0.41375532 0.08420384 0.24057391 0.90196078 0.67450980 0.42745098
v 0.32955148 0.13624468 0.52999365 0.90196078 0.67450980 0.42745098
v 0.32955148 -0.13624468 0.52999365 0.90196078 0.67450980 0.42745098
v 0.41375532 -0.08420384 0.65942609 0.90196078 0.67450980 0.42745098
v 0.41375532 0.08420384 0.65942609 0.90196078 0.67450980 0.42745098
v 0.27751065 0.00000000 0.45000000 0.90196078 0.67450980 0.42745098
v 0.47553778 0.26211796 0.45000000 0.90196078 0.67450980 0.42745098
v 0.62446222 0.26211796 0.45000000 0.90196078 0.67450980 0.42745098
v 0.47553778 -0.26211796 0.45000000 0.90196078 0.67450980 0.42745098
v 0.62446222 -0.26211796 0.45000000 0.90196078 0.67450980 0.42745098
v 0.43176999 -0.23506798 0.51727689 0.90196078 0.67450980 0.42745098
v 0.50623221 -0.18904779 0.63173517 0.90196078 0.67450980 0.42745098
v 0.50573142 -0.25915278 0.51804666 0.90196078 0.67450980 0.42745098
v 0.66823001 -0.23506798 0.51727689 0.90196078 0.67450980 0.42745098
v 0.59376779 -0.18904779 0.63173517 0.90196078 0.67450980 0.42745098
v 0.59426858 -0.25915278 0.51804666 0.90196078 0.67450980 0.42745098
v 0.55000000 -0.23179329 0.58609332 0.90196078 0.67450980 0.42745098
v 0.43176999 0.23506798 0.51727689 0.90196078 0.67450980 0.42745098
v 0.50623221 0.18904779 0.63173517 0.90196078 0.67450980 0.42745098
v 0.50573142 0.25915278 0.51804666 0.90196078 0.67450980 0.42745098
v 0.66823001 0.23506798 0.51727689 0.90196078 0.67450980 0.42745098
v 0.59376779 0.18904779 0.63173517 0.90196078 0.67450980 0.42745098
v 0.59426858 0.25915278 0.51804666 0.90196078 0.67450980 0.42745098
v 0.55000000 0.23179329 0.58609332 0.90196078 0.67450980 0.42745098
v 0.55000000 -0.07446222 0.69901206 0.90196078 0.67450980 0.42745098
v 0.55000000 0.07446222 0.69901206 0.90196078 0.67450980 0.42745098
v 0.43176999 -0.23506798 0.38272311 0.90196078 0.67450980 0.42745098
v 0.50623221 -0.18904779 0.26826483 0.90196078 0.67450980 0.42745098
v 0.50573142 -0.25915278 0.38195334 0.90196078 0.67450980 0.42745098
v 0.66823001 -0.23506798 0.38272311 0.90196078 0.67450980 0.42745098
v 0.59376779 -0.18904779 0.26826483 0.90196078 0.67450980 0.42745098
v 0.59426858 -0.25915278 0.38195334 0.90196078 0.67450980 0.42745098
v 0.55000000 -0.23179329 0.31390668 0.90196078 0.67450980 0.42745098
v 0.43176999 0.23506798 0.38272311 0.90196078 0.67450980 0.42745098
v 0.50623221 0.18904779 0.26826483 0.90196078 0.67450980 0.42745098
v 0.50573142 0.25915278 0.38195334 0.90196078 0.67450980 0.42745098
v 0.66823001 0.23506798 0.38272311 0.90196078 0.67450980 0.42745098
v 0.59376779 0.18904779 0.26826483 0.90196078 0.67450980 0.42745098
v 0.59426858 0.25915278 0.38195334 0.90196078 0.67450980 0.42745098
v 0.55000000 0.23179329 0.31390668 0.90196078 0.67450980 0.42745098
v 0.55000000 -0.07446222 0.20098794 0.90196078 0.67450980 0.42745098
v 0.55000000 0.07446222 0.20098794 0.90196078 0.67450980 0.42745098
v 0.73904779 0.19130018 0.40842060 0.90196078 0.67450980 0.42745098
v 0.78506798 0.07081778 0.33768149 0.90196078 0.67450980 0.42745098
v 0.71016522 0.18752471 0.33989819 0.90196078 0.67450980 0.42745098
v 0.73904779 -0.19130018 0.40842060 0.90196078 0.67450980 0.42745098
v 0.78506798 -0.07081778 0.33768149 0.90196078 0.67450980 0.42745098
v 0.71016522 -0.18752471 0.33989819 0.90196078 0.67450980 0.42745098
v 0.62081778 -0.11823001 0.22668542 0.90196078 0.67450980 0.42745098
v 0.74130018 -0.04376779 0.27040460 0.90196078 0.67450980 0.42745098
v 0.66589664 -0.16016522 0.27185153 0.90196078 0.67450980 0.42745098
v 0.62162807 -0.04426858 0.20380486 0.90196078 0.67450980 0.42745098
v 0.73752471 -0.11589664 0.29784304 0.90196078 0.67450980 0.42745098
v 0.62081778 0.11823001 0.22668542 0.90196078 0.67450980 0.42745098
v 0.74130018 0.04376779 0.27040460 0.90196078 0.67450980 0.42745098
v 0.66589664 0.16016522 0.27185153 0.90196078 0.67450980 0.42745098
v 0.62162807 0.04426858 0.20380486 0.90196078 0.67450980 0.42745098
v 0.73752471 0.11589664 0.29784304 0.90196078 0.67450980 0.42745098
v 0.69325613 0.00000000 0.22979638 0.90196078 0.67450980 0.42745098
v 0.73904779 0.19130018 0.49157940 0.90196078 0.67450980 0.42745098
v 0.78506798 0.07081778 0.56231851 0.90196078 0.67450980 0.42745098
v 0.71016522 0.18752471 0.56010181 0.90196078 0.67450980 0.42745098
v 0.78179329 0.14325613 0.45000000 0.90196078 0.67450980 0.42745098
v 0.73904779 -0.19130018 0.49157940 0.90196078 0.67450980 0.42745098
v 0.78506798 -0.07081778 0.56231851 0.90196078 0.67450980 0.42745098
v 0.71016522 -0.18752471 0.56010181 0.90196078 0.67450980 0.42745098
v 0.78179329 -0.14325613 0.45000000 0.90196078 0.67450980 0.42745098
v 0.62081778 -0.11823001 0.67331458 0.90196078 0.67450980 0.42745098
v 0.74130018 -0.04376779 0.62959540 0.90196078 0.67450980 0.42745098
v 0.66589664 -0.16016522 0.62814847 0.90196078 0.67450980 0.42745098
v 0.62162807 -0.04426858 0.69619514 0.90196078 0.67450980 0.42745098
v 0.73752471 -0.11589664 0.60215696 0.90196078 0.67450980 0.42745098
v 0.62081778 0.11823001 0.67331458 0.90196078 0.67450980 0.42745098
v 0.74130018 0.04376779 0.62959540 0.90196078 0.67450980 0.42745098
v 0.66589664 0.16016522 0.62814847 0.90196078 0.67450980 0.42745098
v 0.62162807 0.04426858 0.69619514 0.90196078 0.67450980 0.42745098
v 0.73752471 0.11589664 0.60215696 0.90196078 0.67450980 0.42745098
v 0.69325613 0.00000000 0.67020362 0.90196078 0.67450980 0.42745098
v 0.81211796 0.00000000 0.37926089 0.90196078 0.67450980 0.42745098
v 0.81211796 0.00000000 0.52073911 0.90196078 0.67450980 0.42745098
v 0.80915278 0.07162807 0.40794485 0.90196078 0.67450980 0.42745098
v 0.80915278 -0.07162807 0.40794485 0.90196078 0.67450980 0.42745098
v 0.80915278 0.07162807 0.49205515 0.90196078 0.67450980 0.42745098
v 0.80915278 -0.07162807 0.49205515 0.90196078 0.67450980 0.42745098
v 0.36095221 0.19130018 0.40842060 0.90196078 0.67450980 0.42745098
v 0.31493202 0.07081778 0.33768149 0.90196078 0.67450980 0.42745098
v 0.38983478 0.18752471 0.33989819 0.90196078 0.67450980 0.42745098
v 0.36095221 -0.19130018 0.40842060 0.90196078 0.67450980 0.42745098
v 0.31493202 -0.07081778 0.33768149 0.90196078 0.67450980 0.42745098
v 0.38983478 -0.18752471 0.33989819 0.90196078 0.67450980 0.42745098
v 0.47918222 -0.11823001 0.22668542 0.90196078 0.67450980 0.42745098
v 0.35869982 -0.04376779 0.27040460 0.90196078 0.67450980 0.42745098
v 0.43410336 -0.16016522 0.27185153 0.90196078 0.67450980 0.42745098
v 0.47837193 -0.04426858 0.20380486 0.90196078 0.67450980 0.42745098
v 0.36247529 -0.11589664 0.29784304 0.90196078 0.67450980 0.42745098
v 0.47918222 0.11823001 0.22668542 0.90196078 0.67450980 0.42745098
v 0.35869982 0.04376779 0.27040460 0.90196078 0.67450980 0.42745098
v 0.43410336 0.16016522 0.27185153 0.90196078 0.67450980 0.42745098
v 0.47837193 0.04426858 0.20380486 0.90196078 0.67450980 0.42745098
v 0.36247529 0.11589664 0.29784304 0.90196078 0.67450980 0.42745098
v 0.40674387 0.00000000 0.22979638 0.90196078 0.67450980 0.42745098
v 0.36095221 0.19130018 0.49157940 0.90196078 0.67450980 0.42745098
v 0.31493202 0.07081778 0.56231851 0.90196078 0.67450980 0.42745098
v 0.38983478 0.18752471 0.56010181 0.90196078 0.67450980 0.42745098
v 0.31820671 0.14325613 0.45000000 0.90196078 0.67450980 0.42745098
v 0.36095221 -0.19130018 0.49157940 0.90196078 0.67450980 0.42745098
v 0.31493202 -0.07081778 0.56231851 0.90196078 0.67450980 0.42745098
v 0.38983478 -0.18752471 0.56010181 0.90196078 0.67450980 0.42745098
v 0.31820671 -0.14325613 0.45000000 0.90196078 0.67450980 0.42745098
v 0.47918222 -0.11823001 0.67331458 0.90196078 0.67450980 0.42745098
v 0.35869982 -0.04376779 0.62959540 0.90196078 0.67450980 0.42745098
v 0.43410336 -0.16016522 0.62814847 0.90196078 0.67450980 0.42745098
v 0.47837193 -0.04426858 0.69619514 0.90196078 0.67450980 0.42745098
v 0.36247529 -0.11589664 0.60215696 0.90196078 0.67450980 0.42745098
v 0.47918222 0.11823001 0.67331458 0.90196078 0.67450980 0.42745098
v 0.35869982 0.04376779 0.62959540 0.90196078 0.67450980 0.42745098
v 0.43410336 0.16016522 0.62814847 0.90196078 0.67450980 0.42745098
v 0.47837193 0.04426858 0.69619514 0.90196078 0.67450980 0.42745098
v 0.36247529 0.11589664 0.60215696 0.90196078 0.67450980 0.42745098
v 0.40674387 0.00000000 0.67020362 0.90196078 0.67450980 0.42745098
v 0.28788204 0.00000000 0.37926089 0.90196078 0.67450980 0.42745098
v 0.28788204 0.00000000 0.52073911 0.90196078 0.67450980 0.42745098
v 0.29084722 0.07162807 0.40794485 0.90196078 0.67450980 0.42745098
v 0.29084722 -0.07162807 0.40794485 0.90196078 0.67450980 0.42745098
v 0.29084722 0.07162807 0.49205515 0.90196078 0.67450980 0.42745098
v 0.29084722 -0.07162807 0.49205515 0.90196078 0.67450980 0.42745098
f 1015 1152 1068
f 1152 1052 1154
f 1068 1154 1031
f 1152 1154 1068
f 1052 1153 1169
f 1153 1026 1166
f 1169 1166 1055
f 1153 1166 1169
f 1031 1167 1069
f 1167 1055 1165
f 1069 1165 1020
f 1167 1165 1069
f 1052 1169 1154
f 1169 1055 1167
f 1154 1167 1031
f 1169 1167 1154
f 1015 1068 1057
f 1068 1031 1070
f 1057 1070 1027
f 1068 1070 1057
f 1031 1069 1074
f 1069 1020 1072
f 1074 1072 1032
f 1069 1072 1074
f 1027 1073 1058
f 1073 1032 1071
f 1058 1071 1016
f 1073 1071 1058
f 1031 1074 1070
f 1074 1032 1073
f 1070 1073 1027
f 1074 1073 1070
f 1015 1057 1084
f 1057 1027 1086
f 1084 1086 1036
f 1057 1086 1084
f 1027 1058 1089
f 1058 1016 1087
f 1089 1087 1037
f 1058 1087 1089
f 1036 1090 1085
f 1090 1037 1088
f 1085 1088 1022
f 1090 1088 1085
f 1027 1089 1086
f 1089 1037 1090
f 1086 1090 1036
f 1089 1090 1086
f 1015 1084 1135
f 1084 1036 1137
f 1135 1137 1048
f 1084 1137 1135
f 1036 1085 1148
f 1085 1022 1146
f 1148 1146 1051
f 1085 1146 1148
f 1048 1150 1136
f 1150 1051 1147
f 1136 1147 1025
f 1150 1147 1136
f 1036 1148 1137
f 1148 1051 1150
f 1137 1150 1048
f 1148 1150 1137
f 1015 1135 1152
f 1135 1048 1155
f 1152 1155 1052
f 1135 1155 1152
f 1048 1136 1173
f 1136 1025 1171
f 1173 1171 1056
f 1136 1171 1173
f 1052 1175 1153
f 1175 1056 1172
f 1153 1172 1026
f 1175 1172 1153
f 1048 1173 1155
f 1173 1056 1175
f 1155 1175 1052
f 1173 1175 1155
f 1016 1071 1110
f 1071 1032 1112
f 1110 1112 1043
f 1071 1112 1110
f 1032 1072 1125
f 1072 1020 1123
f 1125 1123 1046
f 1072 1123 1125
f 1043 1127 1111
f 1127 1046 1124
f 1111 1124 1024
f 1127 1124 1111
f 1032 1125 1112
f 1125 1046 1127
f 1112 1127 1043
f 1125 1127 1112
f 1020 1165 1076
f 1165 1055 1168
f 1076 1168 1033
f 1165 1168 1076
f 1055 1166 1170
f 1166 1026 1161
f 1170 1161 1054
f 1166 1161 1170
f 1033 1163 1075
f 1163 1054 1160
f 1075 1160 1019
f 1163 1160 1075
f 1055 1170 1168
f 1170 1054 1163
f 1168 1163 1033
f 1170 1163 1168
f 1026 1172 1157
f 1172 1056 1176
f 1157 1176 1053
f 1172 1176 1157
f 1056 1171 1174
f 1171 1025 1139
f 1174 1139 1049
f 1171 1139 1174
f 1053 1159 1156
f 1159 1049 1138
f 1156 1138 1017
f 1159 1138 1156
f 1056 1174 1176
f 1174 1049 1159
f 1176 1159 1053
f 1174 1159 1176
f 1025 1147 1142
f 1147 1051 1151
f 1142 1151 1050
f 1147 1151 1142
f 1051 1146 1149
f 1146 1022 1092
f 1149 1092 1038
f 1146 1092 1149
f 1050 1144 1141
f 1144 1038 1091
f 1141 1091 1021
f 1144 1091 1141
f 1051 1149 1151
f 1149 1038 1144
f 1151 1144 1050
f 1149 1144 1151
f 1022 1088 1104
f 1088 1037 1106
f 1104 1106 1042
f 1088 1106 1104
f 1037 1087 1095
f 1087 1016 1093
f 1095 1093 1039
f 1087 1093 1095
f 1042 1108 1105
f 1108 1039 1094
f 1105 1094 1023
f 1108 1094 1105
f 1037 1095 1106
f 1095 1039 1108
f 1106 1108 1042
f 1095 1108 1106
f 1018 1114 1064
f 1114 1044 1116
f 1064 1116 1030
f 1114 1116 1064
f 1044 1115 1122
f 1115 1024 1119
f 1122 1119 1045
f 1115 1119 1122
f 1030 1120 1065
f 1120 1045 1118
f 1065 1118 1019
f 1120 1118 1065
f 1044 1122 1116
f 1122 1045 1120
f 1116 1120 1030
f 1122 1120 1116
f 1018 1064 1060
f 1064 1030 1066
f 1060 1066 1028
f 1064 1066 1060
f 1030 1065 1067
f 1065 1019 1062
f 1067 1062 1029
f 1065 1062 1067
f 1028 1063 1059
f 1063 1029 1061
f 1059 1061 1017
f 1063 1061 1059
f 1030 1067 1066
f 1067 1029 1063
f 1066 1063 1028
f 1067 1063 1066
f 1018 1060 1080
f 1060 1028 1082
f 1080 1082 1035
f 1060 1082 1080
f 1028 1059 1079
f 1059 1017 1077
f 1079 1077 1034
f 1059 1077 1079
f 1035 1083 1081
f 1083 1034 1078
f 1081 1078 1021
f 1083 1078 1081
f 1028 1079 1082
f 1079 1034 1083
f 1082 1083 1035
f 1079 1083 1082
f 1018 1080 1096
f 1080 1035 1098
f 1096 1098 1040
f 1080 1098 1096
f 1035 1081 1101
f 1081 1021 1099
f 1101 1099 1041
f 1081 1099 1101
f 1040 1103 1097
f 1103 1041 1100
f 1097 1100 1023
f 1103 1100 1097
f 1035 1101 1098
f 1101 1041 1103
f 1098 1103 1040
f 1101 1103 1098
f 1018 1096 1114
f 1096 1040 1117
f 1114 1117 1044
f 1096 1117 1114
f 1040 1097 1132
f 1097 1023 1129
f 1132 1129 1047
f 1097 1129 1132
f 1044 1134 1115
f 1134 1047 1130
f 1115 1130 1024
f 1134 1130 1115
f 1040 1132 1117
f 1132 1047 1134
f 1117 1134 1044
f 1132 1134 1117
f 1019 1118 1075
f 1118 1045 1121
f 1075 1121 1033
f 1118 1121 1075
f 1045 1119 1128
f 1119 1024 1124
f 1128 1124 1046
f 1119 1124 1128
f 1033 1126 1076
f 1126 1046 1123
f 1076 1123 1020
f 1126 1123 1076
f 1045 1128 1121
f 1128 1046 1126
f 1121 1126 1033
f 1128 1126 1121
f 1017 1061 1156
f 1061 1029 1158
f 1156 1158 1053
f 1061 1158 1156
f 1029 1062 1162
f 1062 1019 1160
f 1162 1160 1054
f 1062 1160 1162
f 1053 1164 1157
f 1164 1054 1161
f 1157 1161 1026
f 1164 1161 1157
f 1029 1162 1158
f 1162 1054 1164
f 1158 1164 1053
f 1162 1164 1158
f 1021 1078 1141
f 1078 1034 1143
f 1141 1143 1050
f 1078 1143 1141
f 1034 1077 1140
f 1077 1017 1138
f 1140 1138 1049
f 1077 1138 1140
f 1050 1145 1142
f 1145 1049 1139
f 1142 1139 1025
f 1145 1139 1142
f 1034 1140 1143
f 1140 1049 1145
f 1143 1145 1050
f 1140 1145 1143
f 1023 1100 1105
f 1100 1041 1109
f 1105 1109 1042
f 1100 1109 1105
f 1041 1099 1102
f 1099 1021 1091
f 1102 1091 1038
f 1099 1091 1102
f 1042 1107 1104
f 1107 1038 1092
f 1104 1092 1022
f 1107 1092 1104
f 1041 1102 1109
f 1102 1038 1107
f 1109 1107 1042
f 1102 1107 1109
f 1024 1130 1111
f 1130 1047 1133
f 1111 1133 1043
f 1130 1133 1111
f 1047 1129 1131
f 1129 1023 1094
f 1131 1094 1039
f 1129 1094 1131
f 1043 1113 1110
f 1113 1039 1093
f 1110 1093 1016
f 1113 1093 1110
f 1047 1131 1133
f 1131 1039 1113
f 1133 1113 1043
f 1131 1113 1133

o cradle_alt_3_8
v -0.67176771 0.19702430 0.67000000 0.90196078 0.67450980 0.42745098
v -0.42823229 0.19702430 0.67000000 0.90196078 0.67450980 0.42745098
v -0.67176771 -0.19702430 0.67000000 0.90196078 0.67450980 0.42745098
v -0.42823229 -0.19702430 0.67000000 0.90196078 0.67450980 0.42745098
v -0.55000000 -0.12176771 0.85543463 0.90196078 0.67450980 0.42745098
v -0.55000000 0.12176771 0.85543463 0.90196078 0.67450980 0.42745098
v -0.55000000 -0.12176771 0.48456537 0.90196078 0.67450980 0.42745098
v -0.55000000 0.12176771 0.48456537 0.90196078 0.67450980 0.42745098
v -0.35297570 0.00000000 0.55539510 0.90196078 0.67450980 0.42745098
v -0.35297570 0.00000000 0.78460490 0.90196078 0.67450980 0.42745098
v -0.74702430 0.00000000 0.55539510 0.90196078 0.67450980 0.42745098
v -0.74702430 0.00000000 0.78460490 0.90196078 0.67450980 0.42745098
v -0.55000000 0.23161595 0.67000000 0.90196078 0.67450980 0.42745098
v -0.55000000 -0.23161595 0.67000000 0.90196078 0.67450980 0.42745098
v -0.62157326 -0.18738124 0.77899574 0.90196078 0.67450980 0.42745098
v -0.47842674 -0.18738124 0.77899574 0.90196078 0.67450980 0.42745098
v -0.62157326 0.18738124 0.77899574 0.90196078 0.67450980 0.42745098
v -0.47842674 0.18738124 0.77899574 0.90196078 0.67450980 0.42745098
v -0.55000000 0.00000000 0.88799148 0.90196078 0.67450980 0.42745098
v -0.62157326 -0.18738124 0.56100426 0.90196078 0.67450980 0.42745098
v -0.47842674 -0.18738124 0.56100426 0.90196078 0.67450980 0.42745098
v -0.62157326 0.18738124 0.56100426 0.90196078 0.67450980 0.42745098
v -0.47842674 0.18738124 0.56100426 0.90196078 0.67450980 0.42745098
v -0.55000000 0.00000000 0.45200852 0.90196078 0.67450980 0.42745098
v -0.36261876 0.11580798 0.60263693 0.90196078 0.67450980 0.42745098
v -0.36261876 -0.11580798 0.60263693 0.90196078 0.67450980 0.42745098
v -0.43419202 -0.07157326 0.49364119 0.90196078 0.67450980 0.42745098
v -0.43419202 0.07157326 0.49364119 0.90196078 0.67450980 0.42745098
v -0.36261876 0.11580798 0.73736307 0.90196078 0.67450980 0.42745098
v -0.36261876 -0.11580798 0.73736307 0.90196078 0.67450980 0.42745098
v -0.43419202 -0.07157326 0.84635881 0.90196078 0.67450980 0.42745098
v -0.43419202 0.07157326 0.84635881 0.90196078 0.67450980 0.42745098
v -0.31838405 0.00000000 0.67000000 0.90196078 0.67450980 0.42745098
v -0.73738124 0.11580798 0.60263693 0.90196078 0.67450980 0.42745098
v -0.73738124 -0.11580798 0.60263693 0.90196078 0.67450980 0.42745098
v -0.66580798 -0.07157326 0.49364119 0.90196078 0.67450980 0.42745098
v -0.66580798 0.07157326 0.49364119 0.90196078 0.67450980 0.42745098
v -0.73738124 0.11580798 0.73736307 0.90196078 0.67450980 0.42745098
v -0.73738124 -0.11580798 0.73736307 0.90196078 0.67450980 0.42745098
v -0.66580798 -0.07157326 0.84635881 0.90196078 0.67450980 0.42745098
v -0.66580798 0.07157326 0.84635881 0.90196078 0.67450980 0.42745098
v -0.78161595 0.00000000 0.67000000 0.90196078 0.67450980 0.42745098
v -0.61329289 0.22280027 0.67000000 0.90196078 0.67450980 0.42745098
v -0.48670711 0.22280027 0.67000000 0.90196078 0.67450980 0.42745098
v -0.61329289 -0.22280027 0.67000000 0.90196078 0.67450980 0.42745098
v -0.48670711 -0.22280027 0.67000000 0.90196078 0.67450980 0.42745098
v -0.65049551 -0.19980778 0.72665422 0.90196078 0.67450980 0.42745098
v -0.58720263 -0.16069062 0.82304015 0.90196078 0.67450980 0.42745098
v -0.58762829 -0.22027986 0.72730245 0.90196078 0.67450980 0.42745098
v -0.44950449 -0.19980778 0.72665422 0.90196078 0.67450980 0.42745098
v -0.51279737 -0.16069062 0.82304015 0.90196078 0.67450980 0.42745098
v -0.51237171 -0.22027986 0.72730245 0.90196078 0.67450980 0.42745098
v -0.55000000 -0.19702430 0.78460490 0.90196078 0.67450980 0.42745098
v -0.65049551 0.19980778 0.72665422 0.90196078 0.67450980 0.42745098
v -0.58720263 0.16069062 0.82304015 0.90196078 0.67450980 0.42745098
v -0.58762829 0.22027986 0.72730245 0.90196078 0.67450980 0.42745098
v -0.44950449 0.19980778 0.72665422 0.90196078 0.67450980 0.42745098
v -0.51279737 0.16069062 0.82304015 0.90196078 0.67450980 0.42745098
v -0.51237171 0.22027986 0.72730245 0.90196078 0.67450980 0.42745098
v -0.55000000 0.19702430 0.78460490 0.90196078 0.67450980 0.42745098
v -0.55000000 -0.06329289 0.87969437 0.90196078 0.67450980 0.42745098
v -0.55000000 0.06329289 0.87969437 0.90196078 0.67450980 0.42745098
v -0.65049551 -0.19980778 0.61334578 0.90196078 0.67450980 0.42745098
v -0.58720263 -0.16069062 0.51695985 0.90196078 0.67450980 0.42745098
v -0.58762829 -0.22027986 0.61269755 0.90196078 0.67450980 0.42745098
v -0.44950449 -0.19980778 0.61334578 0.90196078 0.67450980 0.42745098
v -0.51279737 -0.16069062 0.51695985 0.90196078 0.67450980 0.42745098
v -0.51237171 -0.22027986 0.61269755 0.90196078 0.67450980 0.42745098
v -0.55000000 -0.19702430 0.55539510 0.90196078 0.67450980 0.42745098
v -0.65049551 0.19980778 0.61334578 0.90196078 0.67450980 0.42745098
v -0.58720263 0.16069062 0.51695985 0.90196078 0.67450980 0.42745098
v -0.58762829 0.22027986 0.61269755 0.90196078 0.67450980 0.42745098
v -0.44950449 0.19980778 0.61334578 0.90196078 0.67450980 0.42745098
v -0.51279737 0.16069062 0.51695985 0.90196078 0.67450980 0.42745098
v -0.51237171 0.22027986 0.61269755 0.90196078 0.67450980 0.42745098
v -0.55000000 0.19702430 0.55539510 0.90196078 0.67450980 0.42745098
v -0.55000000 -0.06329289 0.46030563 0.90196078 0.67450980 0.42745098
v -0.55000000 0.06329289 0.46030563 0.90196078 0.67450980 0.42745098
v -0.38930938 0.16260515 0.63498576 0.90196078 0.67450980 0.42745098
v -0.35019222 0.06019511 0.57541599 0.90196078 0.67450980 0.42745098
v -0.41385956 0.15939600 0.57728268 0.90196078 0.67450980 0.42745098
v -0.38930938 -0.16260515 0.63498576 0.90196078 0.67450980 0.42745098
v -0.35019222 -0.06019511 0.57541599 0.90196078 0.67450980 0.42745098
v -0.41385956 -0.15939600 0.57728268 0.90196078 0.67450980 0.42745098
v -0.48980489 -0.10049551 0.48194562 0.90196078 0.67450980 0.42745098
v -0.38739485 -0.03720263 0.51876176 0.90196078 0.67450980 0.42745098
v -0.45148785 -0.13614044 0.51998023 0.90196078 0.67450980 0.42745098
v -0.48911614 -0.03762829 0.46267778 0.90196078 0.67450980 0.42745098
v -0.39060400 -0.09851215 0.54186782 0.90196078 0.67450980 0.42745098
v -0.48980489 0.10049551 0.48194562 0.90196078 0.67450980 0.42745098
v -0.38739485 0.03720263 0.51876176 0.90196078 0.67450980 0.42745098
v -0.45148785 0.13614044 0.51998023 0.90196078 0.67450980 0.42745098
v -0.48911614 0.03762829 0.46267778 0.90196078 0.67450980 0.42745098
v -0.39060400 0.09851215 0.54186782 0.90196078 0.67450980 0.42745098
v -0.42823229 0.00000000 0.48456537 0.90196078 0.67450980 0.42745098
v -0.38930938 0.16260515 0.70501424 0.90196078 0.67450980 0.42745098
v -0.35019222 0.06019511 0.76458401 0.90196078 0.67450980 0.42745098
v -0.41385956 0.15939600 0.76271732 0.90196078 0.67450980 0.42745098
v -0.35297570 0.12176771 0.67000000 0.90196078 0.67450980 0.42745098
v -0.38930938 -0.16260515 0.70501424 0.90196078 0.67450980 0.42745098
v -0.35019222 -0.06019511 0.76458401 0.90196078 0.67450980 0.42745098
v -0.41385956 -0.15939600 0.76271732 0.90196078 0.67450980 0.42745098
v -0.35297570 -0.12176771 0.67000000 0.90196078 0.67450980 0.42745098
v -0.48980489 -0.10049551 0.85805438 0.90196078 0.67450980 0.42745098
v -0.38739485 -0.03720263 0.82123824 0.90196078 0.67450980 0.42745098
v -0.45148785 -0.13614044 0.82001977 0.90196078 0.67450980 0.42745098
v -0.48911614 -0.03762829 0.87732222 0.90196078 0.67450980 0.42745098
v -0.39060400 -0.09851215 0.79813218 0.90196078 0.67450980 0.42745098
v -0.48980489 0.10049551 0.85805438 0.90196078 0.67450980 0.42745098
v -0.38739485 0.03720263 0.82123824 0.90196078 0.67450980 0.42745098
v -0.45148785 0.13614044 0.82001977 0.90196078 0.67450980 0.42745098
v -0.48911614 0.03762829 0.87732222 0.90196078 0.67450980 0.42745098
v -0.39060400 0.09851215 0.79813218 0.90196078 0.67450980 0.42745098
v -0.42823229 0.00000000 0.85543463 0.90196078 0.67450980 0.42745098
v -0.32719973 0.00000000 0.61043022 0.90196078 0.67450980 0.42745098
v -0.32719973 0.00000000 0.72956978 0.90196078 0.67450980 0.42745098
v -0.32972014 0.06088386 0.63458514 0.90196078 0.67450980 0.42745098
v -0.32972014 -0.06088386 0.63458514 0.90196078 0.67450980 0.42745098
v -0.32972014 0.06088386 0.70541486 0.90196078 0.67450980 0.42745098
v -0.32972014 -0.06088386 0.70541486 0.90196078 0.67450980 0.42745098
v -0.71069062 0.16260515 0.63498576 0.90196078 0.67450980 0.42745098
v -0.74980778 0.06019511 0.57541599 0.90196078 0.67450980 0.42745098
v -0.68614044 0.15939600 0.57728268 0.90196078 0.67450980 0.42745098
v -0.71069062 -0.16260515 0.63498576 0.90196078 0.67450980 0.42745098
v -0.74980778 -0.06019511 0.57541599 0.90196078 0.67450980 0.42745098
v -0.68614044 -0.15939600 0.57728268 0.90196078 0.67450980 0.42745098
v -0.61019511 -0.10049551 0.48194562 0.90196078 0.67450980 0.42745098
v -0.71260515 -0.03720263 0.51876176 0.90196078 0.67450980 0.42745098
v -0.64851215 -0.13614044 0.51998023 0.90196078 0.67450980 0.42745098
v -0.61088386 -0.03762829 0.46267778 0.90196078 0.67450980 0.42745098
v -0.70939600 -0.09851215 0.54186782 0.90196078 0.67450980 0.42745098
v -0.61019511 0.10049551 0.48194562 0.90196078 0.67450980 0.42745098
v -0.71260515 0.03720263 0.51876176 0.90196078 0.67450980 0.42745098
v -0.64851215 0.13614044 0.51998023 0.90196078 0.67450980 0.42745098
v -0.61088386 0.03762829 0.46267778 0.90196078 0.67450980 0.42745098
v -0.70939600 0.09851215 0.54186782 0.90196078 0.67450980 0.42745098
v -0.67176771 0.00000000 0.48456537 0.90196078 0.67450980 0.42745098
v -0.71069062 0.16260515 0.70501424 0.90196078 0.67450980 0.42745098
v -0.74980778 0.06019511 0.76458401 0.90196078 0.67450980 0.42745098
v -0.68614044 0.15939600 0.76271732 0.90196078 0.67450980 0.42745098
v -0.74702430 0.12176771 0.67000000 0.90196078 0.67450980 0.42745098
v -0.71069062 -0.16260515 0.70501424 0.90196078 0.67450980 0.42745098
v -0.74980778 -0.06019511 0.76458401 0.90196078 0.67450980 0.42745098
v -0.68614044 -0.15939600 0.76271732 0.90196078 0.67450980 0.42745098
v -0.74702430 -0.12176771 0.67000000 0.90196078 0.67450980 0.42745098
v -0.61019511 -0.10049551 0.85805438 0.90196078 0.67450980 0.42745098
v -0.71260515 -0.03720263 0.82123824 0.90196078 0.67450980 0.42745098
v -0.64851215 -0.13614044 0.82001977 0.90196078 0.67450980 0.42745098
v -0.61088386 -0.03762829 0.87732222 0.90196078 0.67450980 0.42745098
v -0.70939600 -0.09851215 0.79813218 0.90196078 0.67450980 0.42745098
v -0.61019511 0.10049551 0.85805438 0.90196078 0.67450980 0.42745098
v -0.71260515 0.03720263 0.82123824 0.90196078 0.67450980 0.42745098
v -0.64851215 0.13614044 0.82001977 0.90196078 0.67450980 0.42745098
v -0.61088386 0.03762829 0.87732222 0.90196078 0.67450980 0.42745098
v -0.70939600 0.09851215 0.79813218 0.90196078 0.67450980 0.42745098
v -0.67176771 0.00000000 0.85543463 0.90196078 0.67450980 0.42745098
v -0.77280027 0.00000000 0.61043022 0.90196078 0.67450980 0.42745098
v -0.77280027 0.00000000 0.72956978 0.90196078 0.67450980 0.42745098
v -0.77027986 0.06088386 0.63458514 0.90196078 0.67450980 0.42745098
v -0.77027986 -0.06088386 0.63458514 0.90196078 0.67450980 0.42745098
v -0.77027986 0.06088386 0.70541486 0.90196078 0.67450980 0.42745098
v -0.77027986 -0.06088386 0.70541486 0.90196078 0.67450980 0.42745098
f 1177 1314 1230
f 1314 1214 1316
f 1230 1316 1193
f 1314 1316 1230
f 1214 1315 1331
f 1315 1188 1328
f 1331 1328 1217
f 1315 1328 1331
f 1193 1329 1231
f 1329 1217 1327
f 1231 1327 1182
f 1329 1327 1231
f 1214 1331 1316
f 1331 1217 1329
f 1316 1329 1193
f 1331 1329 1316
f 1177 1230 1219
f 1230 1193 1232
f 1219 1232 1189
f 1230 1232 1219
f 1193 1231 1236
f 1231 1182 1234
f 1236 1234 1194
f 1231 1234 1236
f 1189 1235 1220
f 1235 1194 1233
f 1220 1233 1178
f 1235 1233 1220
f 1193 1236 1232
f 1236 1194 1235
f 1232 1235 1189
f 1236 1235 1232
f 1177 1219 1246
f 1219 1189 1248
f 1246 1248 1198
f 1219 1248 1246
f 1189 1220 1251
f 1220 1178 1249
f 1251 1249 1199
f 1220 1249 1251
f 1198 1252 1247
f 1252 1199 1250
f 1247 1250 1184
f 1252 1250 1247
f 1189 1251 1248
f 1251 1199 1252
f 1248 1252 1198
f 1251 1252 1248
f 1177 1246 1297
f 1246 1198 1299
f 1297 1299 1210
f 1246 1299 1297
f 1198 1247 1310
f 1247 1184 1308
f 1310 1308 1213
f 1247 1308 1310
f 1210 1312 1298
f 1312 1213 1309
f 1298 1309 1187
f 1312 1309 1298
f 1198 1310 1299
f 1310 1213 1312
f 1299 1312 1210
f 1310 1312 1299
f 1177 1297 1314
f 1297 1210 1317
f 1314 1317 1214
f 1297 1317 1314
f 1210 1298 1335
f 1298 1187 1333
f 1335 1333 1218
f 1298 1333 1335
f 1214 1337 1315
f 1337 1218 1334
f 1315 1334 1188
f 1337 1334 1315
f 1210 1335 1317
f 1335 1218 1337
f 1317 1337 1214
f 1335 1337 1317
f 1178 1233 1272
f 1233 1194 1274
f 1272 1274 1205
f 1233 1274 1272
f 1194 1234 1287
f 1234 1182 1285
f 1287 1285 1208
f 1234 1285 1287
f 1205 1289 1273
f 1289 1208 1286
f 1273 1286 1186
f 1289 1286 1273
f 1194 1287 1274
f 1287 1208 1289
f 1274 1289 1205
f 1287 1289 1274
f 1182 1327 1238
f 1327 1217 1330
f 1238 1330 1195
f 1327 1330 1238
f 1217 1328 1332
f 1328 1188 1323
f 1332 1323 1216
f 1328 1323 1332
f 1195 1325 1237
f 1325 1216 1322
f 1237 1322 1181
f 1325 1322 1237
f 1217 1332 1330
f 1332 1216 1325
f 1330 1325 1195
f 1332 1325 1330
f 1188 1334 1319
f 1334 1218 1338
f 1319 1338 1215
f 1334 1338 1319
f 1218 1333 1336
f 1333 1187 1301
f 1336 1301 1211
f 1333 1301 1336
f 1215 1321 1318
f 1321 1211 1300
f 1318 1300 1179
f 1321 1300 1318
f 1218 1336 1338
f 1336 1211 1321
f 1338 1321 1215
f 1336 1321 1338
f 1187 1309 1304
f 1309 1213 1313
f 1304 1313 1212
f 1309 1313 1304
f 1213 1308 1311
f 1308 1184 1254
f 1311 1254 1200
f 1308 1254 1311
f 1212 1306 1303
f 1306 1200 1253
f 1303 1253 1183
f 1306 1253 1303
f 1213 1311 1313
f 1311 1200 1306
f 1313 1306 1212
f 1311 1306 1313
f 1184 1250 1266
f 1250 1199 1268
f 1266 1268 1204
f 1250 1268 1266
f 1199 1249 1257
f 1249 1178 1255
f 1257 1255 1201
f 1249 1255 1257
f 1204 1270 1267
f 1270 1201 1256
f 1267 1256 1185
f 1270 1256 1267
f 1199 1257 1268
f 1257 1201 1270
f 1268 1270 1204
f 1257 1270 1268
f 1180 1276 1226
f 1276 1206 1278
f 1226 1278 1192
f 1276 1278 1226
f 1206 1277 1284
f 1277 1186 1281
f 1284 1281 1207
f 1277 1281 1284
f 1192 1282 1227
f 1282 1207 1280
f 1227 1280 1181
f 1282 1280 1227
f 1206 1284 1278
f 1284 1207 1282
f 1278 1282 1192
f 1284 1282 1278
f 1180 1226 1222
f 1226 1192 1228
f 1222 1228 1190
f 1226 1228 1222
f 1192 1227 1229
f 1227 1181 1224
f 1229 1224 1191
f 1227 1224 1229
f 1190 1225 1221
f 1225 1191 1223
f 1221 1223 1179
f 1225 1223 1221
f 1192 1229 1228
f 1229 1191 1225
f 1228 1225 1190
f 1229 1225 1228
f 1180 1222 1242
f 1222 1190 1244
f 1242 1244 1197
f 1222 1244 1242
f 1190 1221 1241
f 1221 1179 1239
f 1241 1239 1196
f 1221 1239 1241
f 1197 1245 1243
f 1245 1196 1240
f 1243 1240 1183
f 1245 1240 1243
f 1190 1241 1244
f 1241 1196 1245
f 1244 1245 1197
f 1241 1245 1244
f 1180 1242 1258
f 1242 1197 1260
f 1258 1260 1202
f 1242 1260 1258
f 1197 1243 1263
f 1243 1183 1261
f 1263 1261 1203
f 1243 1261 1263
f 1202 1265 1259
f 1265 1203 1262
f 1259 1262 1185
f 1265 1262 1259
f 1197 1263 1260
f 1263 1203 1265
f 1260 1265 1202
f 1263 1265 1260
f 1180 1258 1276
f 1258 1202 1279
f 1276 1279 1206
f 1258 1279 1276
f 1202 1259 1294
f 1259 1185 1291
f 1294 1291 1209
f 1259 1291 1294
f 1206 1296 1277
f 1296 1209 1292
f 1277 1292 1186
f 1296 1292 1277
f 1202 1294 1279
f 1294 1209 1296
f 1279 1296 1206
f 1294 1296 1279
f 1181 1280 1237
f 1280 1207 1283
f 1237 1283 1195
f 1280 1283 1237
f 1207 1281 1290
f 1281 1186 1286
f 1290 1286 1208
f 1281 1286 1290
f 1195 1288 1238
f 1288 1208 1285
f 1238 1285 1182
f 1288 1285 1238
f 1207 1290 1283
f 1290 1208 1288
f 1283 1288 1195
f 1290 1288 1283
f 1179 1223 1318
f 1223 1191 1320
f 1318 1320 1215
f 1223 1320 1318
f 1191 1224 1324
f 1224 1181 1322
f 1324 1322 1216
f 1224 1322 1324
f 1215 1326 1319
f 1326 1216 1323
f 1319 1323 1188
f 1326 1323 1319
f 1191 1324 1320
f 1324 1216 1326
f 1320 1326 1215
f 1324 1326 1320
f 1183 1240 1303
f 1240 1196 1305
f 1303 1305 1212
f 1240 1305 1303
f 1196 1239 1302
f 1239 1179 1300
f 1302 1300 1211
f 1239 1300 1302
f 1212 1307 1304
f 1307 1211 1301
f 1304 1301 1187
f 1307 1301 1304
f 1196 1302 1305
f 1302 1211 1307
f 1305 1307 1212
f 1302 1307 1305
f 1185 1262 1267
f 1262 1203 1271
f 1267 1271 1204
f 1262 1271 1267
f 1203 1261 1264
f 1261 1183 1253
f 1264 1253 1200
f 1261 1253 1264
f 1204 1269 1266
f 1269 1200 1254
f 1266 1254 1184
f 1269 1254 1266
f 1203 1264 1271
f 1264 1200 1269
f 1271 1269 1204
f 1264 1269 1271
f 1186 1292 1273
f 1292 1209 1295
f 1273 1295 1205
f 1292 1295 1273
f 1209 1291 1293
f 1291 1185 1256
f 1293 1256 1201
f 1291 1256 1293
f 1205 1275 1272
f 1275 1201 1255
f 1272 1255 1178
f 1275 1255 1272
f 1209 1293 1295
f 1293 1201 1275
f 1295 1275 1205
f 1293 1275 1295

o cradle_4_9
v 0.41085905 0.22513479 0.90000000 0.32941176 0.81176471 0.48627451
v 0.68914095 0.22513479 0.90000000 0.32941176 0.81176471 0.48627451
v 0.41085905 -0.22513479 0.90000000 0.32941176 0.81176471 0.48627451
v 0.68914095 -0.22513479 0.90000000 0.32941176 0.81176471 0.48627451
v 0.55000000 -0.13914095 1.11387805 0.32941176 0.81176471 0.48627451
v 0.55000000 0.13914095 1.11387805 0.32941176 0.81176471 0.48627451
v 0.55000000 -0.13914095 0.68612195 0.32941176 0.81176471 0.48627451
v 0.55000000 0.13914095 0.68612195 0.32941176 0.81176471 0.48627451
v 0.77513479 0.00000000 0.76781610 0.32941176 0.81176471 0.48627451
v 0.77513479 0.00000000 1.03218390 0.32941176 0.81176471 0.48627451
v 0.32486521 0.00000000 0.76781610 0.32941176 0.81176471 0.48627451
v 0.32486521 0.00000000 1.03218390 0.32941176 0.81176471 0.48627451
v 0.55000000 0.26466181 0.90000000 0.32941176 0.81176471 0.48627451
v 0.55000000 -0.26466181 0.90000000 0.32941176 0.81176471 0.48627451
v 0.46821500 -0.21411591 1.02571436 0.32941176 0.81176471 0.48627451
v 0.63178500 -0.21411591 1.02571436 0.32941176 0.81176471 0.48627451
v 0.46821500 0.21411591 1.02571436 0.32941176 0.81176471 0.48627451
v 0.63178500 0.21411591 1.02571436 0.32941176 0.81176471 0.48627451
v 0.55000000 0.00000000 1.15142872 0.32941176 0.81176471 0.48627451
v 0.46821500 -0.21411591 0.77428564 0.32941176 0.81176471 0.48627451
v 0.63178500 -0.21411591 0.77428564 0.32941176 0.81176471 0.48627451
v 0.46821500 0.21411591 0.77428564 0.32941176 0.81176471 0.48627451
v 0.63178500 0.21411591 0.77428564 0.32941176 0.81176471 0.48627451
v 0.55000000 0.00000000 0.64857128 0.32941176 0.81176471 0.48627451
v 0.76411591 0.13233091 0.82230425 0.32941176 0.81176471 0.48627451
v 0.76411591 -0.13233091 0.82230425 0.32941176 0.81176471 0.48627451
v 0.68233091 -0.08178500 0.69658989 0.32941176 0.81176471 0.48627451
v 0.68233091 0.08178500 0.69658989 0.32941176 0.81176471 0.48627451
v 0.76411591 0.13233091 0.97769575 0.32941176 0.81176471 0.48627451
v 0.76411591 -0.13233091 0.97769575 0.32941176 0.81176471 0.48627451
v 0.68233091 -0.08178500 1.10341011 0.32941176 0.81176471 0.48627451
v 0.68233091 0.08178500 1.10341011 0.32941176 0.81176471 0.48627451
v 0.81466181 0.00000000 0.90000000 0.32941176 0.81176471 0.48627451
v 0.33588409 0.13233091 0.82230425 0.32941176 0.81176471 0.48627451
v 0.33588409 -0.13233091 0.82230425 0.32941176 0.81176471 0.48627451
v 0.41766909 -0.08178500 0.69658989 0.32941176 0.81176471 0.48627451
v 0.41766909 0.08178500 0.69658989 0.32941176 0.81176471 0.48627451
v 0.33588409 0.13233091 0.97769575 0.32941176 0.81176471 0.48627451
v 0.33588409 -0.13233091 0.97769575 0.32941176 0.81176471 0.48627451
v 0.41766909 -0.08178500 1.10341011 0.32941176 0.81176471 0.48627451
v 0.41766909 0.08178500 1.10341011 0.32941176 0.81176471 0.48627451
v 0.28533819 0.00000000 0.90000000 0.32941176 0.81176471 0.48627451
v 0.47767678 0.25458835 0.90000000 0.32941176 0.81176471 0.48627451
v 0.62232322 0.25458835 0.90000000 0.32941176 0.81176471 0.48627451
v 0.47767678 -0.25458835 0.90000000 0.32941176 0.81176471 0.48627451
v 0.62232322 -0.25458835 0.90000000 0.32941176 0.81176471 0.48627451
v 0.43516627 -0.22831540 0.96534429 0.32941176 0.81176471 0.48627451
v 0.50748948 -0.18361720 1.07651464 0.32941176 0.81176471 0.48627451
v 0.50700308 -0.25170834 0.96609195 0.32941176 0.81176471 0.48627451
v 0.66483373 -0.22831540 0.96534429 0.32941176 0.81176471 0.48627451
v 0.59251052 -0.18361720 1.07651464 0.32941176 0.81176471 0.48627451
v 0.59299692 -0.25170834 0.96609195 0.32941176 0.81176471 0.48627451
v 0.55000000 -0.22513479 1.03218390 0.32941176 0.81176471 0.48627451
v 0.43516627 0.22831540 0.96534429 0.32941176 0.81176471 0.48627451
v 0.50748948 0.18361720 1.07651464 0.32941176 0.81176471 0.48627451
v 0.50700308 0.25170834 0.96609195 0.32941176 0.81176471 0.48627451
v 0.66483373 0.22831540 0.96534429 0.32941176 0.81176471 0.48627451
v 0.59251052 0.18361720 1.07651464 0.32941176 0.81176471 0.48627451
v 0.59299692 0.25170834 0.96609195 0.32941176 0.81176471 0.48627451
v 0.55000000 0.22513479 1.03218390 0.32941176 0.81176471 0.48627451
v 0.55000000 -0.07232322 1.14185893 0.32941176 0.81176471 0.48627451
v 0.55000000 0.07232322 1.14185893 0.32941176 0.81176471 0.48627451
v 0.43516627 -0.22831540 0.83465571 0.32941176 0.81176471 0.48627451
v 0.50748948 -0.18361720 0.72348536 0.32941176 0.81176471 0.48627451
v 0.50700308 -0.25170834 0.83390805 0.32941176 0.81176471 0.48627451
v 0.66483373 -0.22831540 0.83465571 0.32941176 0.81176471 0.48627451
v 0.59251052 -0.18361720 0.72348536 0.32941176 0.81176471 0.48627451
v 0.59299692 -0.25170834 0.83390805 0.32941176 0.81176471 0.48627451
v 0.55000000 -0.22513479 0.76781610 0.32941176 0.81176471 0.48627451
v 0.43516627 0.22831540 0.83465571 0.32941176 0.81176471 0.48627451
v 0.50748948 0.18361720 0.72348536 0.32941176 0.81176471 0.48627451
v 0.50700308 0.25170834 0.83390805 0.32941176 0.81176471 0.48627451
v 0.66483373 0.22831540 0.83465571 0.32941176 0.81176471 0.48627451
v 0.59251052 0.18361720 0.72348536 0.32941176 0.81176471 0.48627451
v 0.59299692 0.25170834 0.83390805 0.32941176 0.81176471 0.48627451
v 0.55000000 0.22513479 0.76781610 0.32941176 0.81176471 0.48627451
v 0.55000000 -0.07232322 0.65814107 0.32941176 0.81176471 0.48627451
v 0.55000000 0.07232322 0.65814107 0.32941176 0.81176471 0.48627451
v 0.73361720 0.18580489 0.85961501 0.32941176 0.81176471 0.48627451
v 0.77831540 0.06878347 0.79090795 0.32941176 0.81176471 0.48627451
v 0.70556431 0.18213787 0.79306098 0.32941176 0.81176471 0.48627451
v 0.73361720 -0.18580489 0.85961501 0.32941176 0.81176471 0.48627451
v 0.77831540 -0.06878347 0.79090795 0.32941176 0.81176471 0.48627451
v 0.70556431 -0.18213787 0.79306098 0.32941176 0.81176471 0.48627451
v 0.61878347 -0.11483373 0.68310037 0.32941176 0.81176471 0.48627451
v 0.73580489 -0.04251052 0.72556366 0.32941176 0.81176471 0.48627451
v 0.66256739 -0.15556431 0.72696903 0.32941176 0.81176471 0.48627451
v 0.61957047 -0.04299692 0.66087707 0.32941176 0.81176471 0.48627451
v 0.73213787 -0.11256739 0.75221390 0.32941176 0.81176471 0.48627451
v 0.61878347 0.11483373 0.68310037 0.32941176 0.81176471 0.48627451
v 0.73580489 0.04251052 0.72556366 0.32941176 0.81176471 0.48627451
v 0.66256739 0.15556431 0.72696903 0.32941176 0.81176471 0.48627451
v 0.61957047 0.04299692 0.66087707 0.32941176 0.81176471 0.48627451
v 0.73213787 0.11256739 0.75221390 0.32941176 0.81176471 0.48627451
v 0.68914095 0.00000000 0.68612195 0.32941176 0.81176471 0.48627451
v 0.73361720 0.18580489 0.94038499 0.32941176 0.81176471 0.48627451
v 0.77831540 0.06878347 1.00909205 0.32941176 0.81176471 0.48627451
v 0.70556431 0.18213787 1.00693902 0.32941176 0.81176471 0.48627451
v 0.77513479 0.13914095 0.90000000 0.32941176 0.81176471 0.48627451
v 0.73361720 -0.18580489 0.94038499 0.32941176 0.81176471 0.48627451
v 0.77831540 -0.06878347 1.00909205 0.32941176 0.81176471 0.48627451
v 0.70556431 -0.18213787 1.00693902 0.32941176 0.81176471 0.48627451
v 0.77513479 -0.13914095 0.90000000 0.32941176 0.81176471 0.48627451
v 0.61878347 -0.11483373 1.11689963 0.32941176 0.81176471 0.48627451
v 0.73580489 -0.04251052 1.07443634 0.32941176 0.81176471 0.48627451
v 0.66256739 -0.15556431 1.07303097 0.32941176 0.81176471 0.48627451
v 0.61957047 -0.04299692 1.13912293 0.32941176 0.81176471 0.48627451
v 0.73213787 -0.11256739 1.04778610 0.32941176 0.81176471 0.48627451
v 0.61878347 0.11483373 1.11689963 0.32941176 0.81176471 0.48627451
v 0.73580489 0.04251052 1.07443634 0.32941176 0.81176471 0.48627451
v 0.66256739 0.15556431 1.07303097 0.32941176 0.81176471 0.48627451
v 0.61957047 0.04299692 1.13912293 0.32941176 0.81176471 0.48627451
v 0.73213787 0.11256739 1.04778610 0.32941176 0.81176471 0.48627451
v 0.68914095 0.00000000 1.11387805 0.32941176 0.81176471 0.48627451
v 0.80458835 0.00000000 0.83129295 0.32941176 0.81176471 0.48627451
v 0.80458835 0.00000000 0.96870705 0.32941176 0.81176471 0.48627451
v 0.80170834 0.06957047 0.85915293 0.32941176 0.81176471 0.48627451
v 0.80170834 -0.06957047 0.85915293 0.32941176 0.81176471 0.48627451
v 0.80170834 0.06957047 0.94084707 0.32941176 0.81176471 0.48627451
v 0.80170834 -0.06957047 0.94084707 0.32941176 0.81176471 0.48627451
v 0.36638280 0.18580489 0.85961501 0.32941176 0.81176471 0.48627451
v 0.32168460 0.06878347 0.79090795 0.32941176 0.81176471 0.48627451
v 0.39443569 0.18213787 0.79306098 0.32941176 0.81176471 0.48627451
v 0.36638280 -0.18580489 0.85961501 0.32941176 0.81176471 0.48627451
v 0.32168460 -0.06878347 0.79090795 0.32941176 0.81176471 0.48627451
v 0.39443569 -0.18213787 0.79306098 0.32941176 0.81176471 0.48627451
v 0.48121653 -0.11483373 0.68310037 0.32941176 0.81176471 0.48627451
v 0.36419511 -0.04251052 0.72556366 0.32941176 0.81176471 0.48627451
v 0.43743261 -0.15556431 0.72696903 0.32941176 0.81176471 0.48627451
v 0.48042953 -0.04299692 0.66087707 0.32941176 0.81176471 0.48627451
v 0.36786213 -0.11256739 0.75221390 0.32941176 0.81176471 0.48627451
v 0.48121653 0.11483373 0.68310037 0.32941176 0.81176471 0.48627451
v 0.36419511 0.04251052 0.72556366 0.32941176 0.81176471 0.48627451
v 0.43743261 0.15556431 0.72696903 0.32941176 0.81176471 0.48627451
v 0.48042953 0.04299692 0.66087707 0.32941176 0.81176471 0.48627451
v 0.36786213 0.11256739 0.75221390 0.32941176 0.81176471 0.48627451
v 0.41085905 0.00000000 0.68612195 0.32941176 0.81176471 0.48627451
v 0.36638280 0.18580489 0.94038499 0.32941176 0.81176471 0.48627451
v 0.32168460 0.06878347 1.00909205 0.32941176 0.81176471 0.48627451
v 0.39443569 0.18213787 1.00693902 0.32941176 0.81176471 0.48627451
v 0.32486521 0.13914095 0.90000000 0.32941176 0.81176471 0.48627451
v 0.36638280 -0.18580489 0.94038499 0.32941176 0.81176471 0.48627451
v 0.32168460 -0.06878347 1.00909205 0.32941176 0.81176471 0.48627451
v 0.39443569 -0.18213787 1.00693902 0.32941176 0.81176471 0.48627451
v 0.32486521 -0.13914095 0.90000000 0.32941176 0.81176471 0.48627451
v 0.48121653 -0.11483373 1.11689963 0.32941176 0.81176471 0.48627451
v 0.36419511 -0.04251052 1.07443634 0.32941176 0.81176471 0.48627451
v 0.43743261 -0.15556431 1.07303097 0.32941176 0.81176471 0.48627451
v 0.48042953 -0.04299692 1.13912293 0.32941176 0.81176471 0.48627451
v 0.36786213 -0.11256739 1.04778610 0.32941176 0.81176471 0.48627451
v 0.48121653 0.11483373 1.11689963 0.32941176 0.81176471 0.48627451
v 0.36419511 0.04251052 1.07443634 0.32941176 0.81176471 0.48627451
v 0.43743261 0.15556431 1.07303097 0.32941176 0.81176471 0.48627451
v 0.48042953 0.04299692 1.13912293 0.32941176 0.81176471 0.48627451
v 0.36786213 0.11256739 1.04778610 0.32941176 0.81176471 0.48627451
v 0.41085905 0.00000000 1.11387805 0.32941176 0.81176471 0.48627451
v 0.29541165 0.00000000 0.83129295 0.32941176 0.81176471 0.48627451
v 0.29541165 0.00000000 0.96870705 0.32941176 0.81176471 0.48627451
v 0.29829166 0.06957047 0.85915293 0.32941176 0.81176471 0.48627451
v 0.29829166 -0.06957047 0.85915293 0.32941176 0.81176471 0.48627451
v 0.29829166 0.06957047 0.94084707 0.32941176 0.81176471 0.48627451
v 0.29829166 -0.06957047 0.94084707 0.32941176 0.81176471 0.48627451
f 1339 1476 1392
f 1476 1376 1478
f 1392 1478 1355
f 1476 1478 1392
f 1376 1477 1493
f 1477 1350 1490
f 1493 1490 1379
f 1477 1490 1493
f 1355 1491 1393
f 1491 1379 1489
f 1393 1489 1344
f 1491 1489 1393
f 1376 1493 1478
f 1493 1379 1491
f 1478 1491 1355
f 1493 1491 1478
f 1339 1392 1381
f 1392 1355 1394
f 1381 1394 1351
f 1392 1394 1381
f 1355 1393 1398
f 1393 1344 1396
f 1398 1396 1356
f 1393 1396 1398
f 1351 1397 1382
f 1397 1356 1395
f 1382 1395 1340
f 1397 1395 1382
f 1355 1398 1394
f 1398 1356 1397
f 1394 1397 1351
f 1398 1397 1394
f 1339 1381 1408
f 1381 1351 1410
f 1408 1410 1360
f 1381 1410 1408
f 1351 1382 1413
f 1382 1340 1411
f 1413 1411 1361
f 1382 1411 1413
f 1360 1414 1409
f 1414 1361 1412
f 1409 1412 1346
f 1414 1412 1409
f 1351 1413 1410
f 1413 1361 1414
f 1410 1414 1360
f 1413 1414 1410
f 1339 1408 1459
f 1408 1360 1461
f 1459 1461 1372
f 1408 1461 1459
f 1360 1409 1472
f 1409 1346 1470
f 1472 1470 1375
f 1409 1470 1472
f 1372 1474 1460
f 1474 1375 1471
f 1460 1471 1349
f 1474 1471 1460
f 1360 1472 1461
f 1472 1375 1474
f 1461 1474 1372
f 1472 1474 1461
f 1339 1459 1476
f 1459 1372 1479
f 1476 1479 1376
f 1459 1479 1476
f 1372 1460 1497
f 1460 1349 1495
f 1497 1495 1380
f 1460 1495 1497
f 1376 1499 1477
f 1499 1380 1496
f 1477 1496 1350
f 1499 1496 1477
f 1372 1497 1479
f 1497 1380 1499
f 1479 1499 1376
f 1497 1499 1479
f 1340 1395 1434
f 1395 1356 1436
f 1434 1436 1367
f 1395 1436 1434
f 1356 1396 1449
f 1396 1344 1447
f 1449 1447 1370
f 1396 1447 1449
f 1367 1451 1435
f 1451 1370 1448
f 1435 1448 1348
f 1451 1448 1435
f 1356 1449 1436
f 1449 1370 1451
f 1436 1451 1367
f 1449 1451 1436
f 1344 1489 1400
f 1489 1379 1492
f 1400 1492 1357
f 1489 1492 1400
f 1379 1490 1494
f 1490 1350 1485
f 1494 1485 1378
f 1490 1485 1494
f 1357 1487 1399
f 1487 1378 1484
f 1399 1484 1343
f 1487 1484 1399
f 1379 1494 1492
f 1494 1378 1487
f 1492 1487 1357
f 1494 1487 1492
f 1350 1496 1481
f 1496 1380 1500
f 1481 1500 1377
f 1496 1500 1481
f 1380 1495 1498
f 1495 1349 1463
f 1498 1463 1373
f 1495 1463 1498
f 1377 1483 1480
f 1483 1373 1462
f 1480 1462 1341
f 1483 1462 1480
f 1380 1498 1500
f 1498 1373 1483
f 1500 1483 1377
f 1498 1483 1500
f 1349 1471 1466
f 1471 1375 1475
f 1466 1475 1374
f 1471 1475 1466
f 1375 1470 1473
f 1470 1346 1416
f 1473 1416 1362
f 1470 1416 1473
f 1374 1468 1465
f 1468 1362 1415
f 1465 1415 1345
f 1468 1415 1465
f 1375 1473 1475
f 1473 1362 1468
f 1475 1468 1374
f 1473 1468 1475
f 1346 1412 1428
f 1412 1361 1430
f 1428 1430 1366
f 1412 1430 1428
f 1361 1411 1419
f 1411 1340 1417
f 1419 1417 1363
f 1411 1417 1419
f 1366 1432 1429
f 1432 1363 1418
f 1429 1418 1347
f 1432 1418 1429
f 1361 1419 1430
f 1419 1363 1432
f 1430 1432 1366
f 1419 1432 1430
f 1342 1438 1388
f 1438 1368 1440
f 1388 1440 1354
f 1438 1440 1388
f 1368 1439 1446
f 1439 1348 1443
f 1446 1443 1369
f 1439 1443 1446
f 1354 1444 1389
f 1444 1369 1442
f 1389 1442 1343
f 1444 1442 1389
f 1368 1446 1440
f 1446 1369 1444
f 1440 1444 1354
f 1446 1444 1440
f 1342 1388 1384
f 1388 1354 1390
f 1384 1390 1352
f 1388 1390 1384
f 1354 1389 1391
f 1389 1343 1386
f 1391 1386 1353
f 1389 1386 1391
f 1352 1387 1383
f 1387 1353 1385
f 1383 1385 1341
f 1387 1385 1383
f 1354 1391 1390
f 1391 1353 1387
f 1390 1387 1352
f 1391 1387 1390
f 1342 1384 1404
f 1384 1352 1406
f 1404 1406 1359
f 1384 1406 1404
f 1352 1383 1403
f 1383 1341 1401
f 1403 1401 1358
f 1383 1401 1403
f 1359 1407 1405
f 1407 1358 1402
f 1405 1402 1345
f 1407 1402 1405
f 1352 1403 1406
f 1403 1358 1407
f 1406 1407 1359
f 1403 1407 1406
f 1342 1404 1420
f 1404 1359 1422
f 1420 1422 1364
f 1404 1422 1420
f 1359 1405 1425
f 1405 1345 1423
f 1425 1423 1365
f 1405 1423 1425
f 1364 1427 1421
f 1427 1365 1424
f 1421 1424 1347
f 1427 1424 1421
f 1359 1425 1422
f 1425 1365 1427
f 1422 1427 1364
f 1425 1427 1422
f 1342 1420 1438
f 1420 1364 1441
f 1438 1441 1368
f 1420 1441 1438
f 1364 1421 1456
f 1421 1347 1453
f 1456 1453 1371
f 1421 1453 1456
f 1368 1458 1439
f 1458 1371 1454
f 1439 1454 1348
f 1458 1454 1439
f 1364 1456 1441
f 1456 1371 1458
f 1441 1458 1368
f 1456 1458 1441
f 1343 1442 1399
f 1442 1369 1445
f 1399 1445 1357
f 1442 1445 1399
f 1369 1443 1452
f 1443 1348 1448
f 1452 1448 1370
f 1443 1448 1452
f 1357 1450 1400
f 1450 1370 1447
f 1400 1447 1344
f 1450 1447 1400
f 1369 1452 1445
f 1452 1370 1450
f 1445 1450 1357
f 1452 1450 1445
f 1341 1385 1480
f 1385 1353 1482
f 1480 1482 1377
f 1385 1482 1480
f 1353 1386 1486
f 1386 1343 1484
f 1486 1484 1378
f 1386 1484 1486
f 1377 1488 1481
f 1488 1378 1485
f 1481 1485 1350
f 1488 1485 1481
f 1353 1486 1482
f 1486 1378 1488
f 1482 1488 1377
f 1486 1488 1482
f 1345 1402 1465
f 1402 1358 1467
f 1465 1467 1374
f 1402 1467 1465
f 1358 1401 1464
f 1401 1341 1462
f 1464 1462 1373
f 1401 1462 1464
f 1374 1469 1466
f 1469 1373 1463
f 1466 1463 1349
f 1469 1463 1466
f 1358 1464 1467
f 1464 1373 1469
f 1467 1469 1374
f 1464 1469 1467
f 1347 1424 1429
f 1424 1365 1433
f 1429 1433 1366
f 1424 1433 1429
f 1365 1423 1426
f 1423 1345 1415
f 1426 1415 1362
f 1423 1415 1426
f 1366 1431 1428
f 1431 1362 1416
f 1428 1416 1346
f 1431 1416 1428
f 1365 1426 1433
f 1426 1362 1431
f 1433 1431 1366
f 1426 1431 1433
f 1348 1454 1435
f 1454 1371 1457
f 1435 1457 1367
f 1454 1457 1435
f 1371 1453 1455
f 1453 1347 1418
f 1455 1418 1363
f 1453 1418 1455
f 1367 1437 1434
f 1437 1363 1417
f 1434 1417 1340
f 1437 1417 1434
f 1371 1455 1457
f 1455 1363 1437
f 1457 1437 1367
f 1455 1437 1457

o cradle_alt_4_10
v -0.66826981 0.19136457 1.12000000 0.90196078 0.67450980 0.42745098
v -0.43173019 0.19136457 1.12000000 0.90196078 0.67450980 0.42745098
v -0.66826981 -0.19136457 1.12000000 0.90196078 0.67450980 0.42745098
v -0.43173019 -0.19136457 1.12000000 0.90196078 0.67450980 0.42745098
v -0.55000000 -0.11826981 1.30010783 0.90196078 0.67450980 0.42745098
v -0.55000000 0.11826981 1.30010783 0.90196078 0.67450980 0.42745098
v -0.55000000 -0.11826981 0.93989217 0.90196078 0.67450980 0.42745098
v -0.55000000 0.11826981 0.93989217 0.90196078 0.67450980 0.42745098
v -0.35863543 0.00000000 1.00868724 0.90196078 0.67450980 0.42745098
v -0.35863543 0.00000000 1.23131276 0.90196078 0.67450980 0.42745098
v -0.74136457 0.00000000 1.00868724 0.90196078 0.67450980 0.42745098
v -0.74136457 0.00000000 1.23131276 0.90196078 0.67450980 0.42745098
v -0.55000000 0.22496254 1.12000000 0.90196078 0.67450980 0.42745098
v -0.55000000 -0.22496254 1.12000000 0.90196078 0.67450980 0.42745098
v -0.61951725 -0.18199852 1.22586473 0.90196078 0.67450980 0.42745098
v -0.48048275 -0.18199852 1.22586473 0.90196078 0.67450980 0.42745098
v -0.61951725 0.18199852 1.22586473 0.90196078 0.67450980 0.42745098
v -0.48048275 0.18199852 1.22586473 0.90196078 0.67450980 0.42745098
v -0.55000000 0.00000000 1.33172945 0.90196078 0.67450980 0.42745098
v -0.61951725 -0.18199852 1.01413527 0.90196078 0.67450980 0.42745098
v -0.48048275 -0.18199852 1.01413527 0.90196078 0.67450980 0.42745098
v -0.61951725 0.18199852 1.01413527 0.90196078 0.67450980 0.42745098
v -0.48048275 0.18199852 1.01413527 0.90196078 0.67450980 0.42745098
v -0.55000000 0.00000000 0.90827055 0.90196078 0.67450980 0.42745098
v -0.36800148 0.11248127 1.05457200 0.90196078 0.67450980 0.42745098
v -0.36800148 -0.11248127 1.05457200 0.90196078 0.67450980 0.42745098
v -0.43751873 -0.06951725 0.94870728 0.90196078 0.67450980 0.42745098
v -0.43751873 0.06951725 0.94870728 0.90196078 0.67450980 0.42745098
v -0.36800148 0.11248127 1.18542800 0.90196078 0.67450980 0.42745098
v -0.36800148 -0.11248127 1.18542800 0.90196078 0.67450980 0.42745098
v -0.43751873 -0.06951725 1.29129272 0.90196078 0.67450980 0.42745098
v -0.43751873 0.06951725 1.29129272 0.90196078 0.67450980 0.42745098
v -0.32503746 0.00000000 1.12000000 0.90196078 0.67450980 0.42745098
v -0.73199852 0.11248127 1.05457200 0.90196078 0.67450980 0.42745098
v -0.73199852 -0.11248127 1.05457200 0.90196078 0.67450980 0.42745098
v -0.66248127 -0.06951725 0.94870728 0.90196078 0.67450980 0.42745098
v -0.66248127 0.06951725 0.94870728 0.90196078 0.67450980 0.42745098
v -0.73199852 0.11248127 1.18542800 0.90196078 0.67450980 0.42745098
v -0.73199852 -0.11248127 1.18542800 0.90196078 0.67450980 0.42745098
v -0.66248127 -0.06951725 1.29129272 0.90196078 0.67450980 0.42745098
v -0.66248127 0.06951725 1.29129272 0.90196078 0.67450980 0.42745098
v -0.77496254 0.00000000 1.12000000 0.90196078 0.67450980 0.42745098
v -0.61147473 0.21640010 1.12000000 0.90196078 0.67450980 0.42745098
v -0.48852527 0.21640010 1.12000000 0.90196078 0.67450980 0.42745098
v -0.61147473 -0.21640010 1.12000000 0.90196078 0.67450980 0.42745098
v -0.48852527 -0.21640010 1.12000000 0.90196078 0.67450980 0.42745098
v -0.64760867 -0.19406809 1.17502677 0.90196078 0.67450980 0.42745098
v -0.58613394 -0.15607462 1.26864391 0.90196078 0.67450980 0.42745098
v -0.58654738 -0.21395209 1.17565638 0.90196078 0.67450980 0.42745098
v -0.45239133 -0.19406809 1.17502677 0.90196078 0.67450980 0.42745098
v -0.51386606 -0.15607462 1.26864391 0.90196078 0.67450980 0.42745098
v -0.51345262 -0.21395209 1.17565638 0.90196078 0.67450980 0.42745098
v -0.55000000 -0.19136457 1.23131276 0.90196078 0.67450980 0.42745098
v -0.64760867 0.19406809 1.17502677 0.90196078 0.67450980 0.42745098
v -0.58613394 0.15607462 1.26864391 0.90196078 0.67450980 0.42745098
v -0.58654738 0.21395209 1.17565638 0.90196078 0.67450980 0.42745098
v -0.45239133 0.19406809 1.17502677 0.90196078 0.67450980 0.42745098
v -0.51386606 0.15607462 1.26864391 0.90196078 0.67450980 0.42745098
v -0.51345262 0.21395209 1.17565638 0.90196078 0.67450980 0.42745098
v -0.55000000 0.19136457 1.23131276 0.90196078 0.67450980 0.42745098
v -0.55000000 -0.06147473 1.32367068 0.90196078 0.67450980 0.42745098
v -0.55000000 0.06147473 1.32367068 0.90196078 0.67450980 0.42745098
v -0.64760867 -0.19406809 1.06497323 0.90196078 0.67450980 0.42745098
v -0.58613394 -0.15607462 0.97135609 0.90196078 0.67450980 0.42745098
v -0.58654738 -0.21395209 1.06434362 0.90196078 0.67450980 0.42745098
v -0.45239133 -0.19406809 1.06497323 0.90196078 0.67450980 0.42745098
v -0.51386606 -0.15607462 0.97135609 0.90196078 0.67450980 0.42745098
v -0.51345262 -0.21395209 1.06434362 0.90196078 0.67450980 0.42745098
v -0.55000000 -0.19136457 1.00868724 0.90196078 0.67450980 0.42745098
v -0.64760867 0.19406809 1.06497323 0.90196078 0.67450980 0.42745098
v -0.58613394 0.15607462 0.97135609 0.90196078 0.67450980 0.42745098
v -0.58654738 0.21395209 1.06434362 0.90196078 0.67450980 0.42745098
v -0.45239133 0.19406809 1.06497323 0.90196078 0.67450980 0.42745098
v -0.51386606 0.15607462 0.97135609 0.90196078 0.67450980 0.42745098
v -0.51345262 0.21395209 1.06434362 0.90196078 0.67450980 0.42745098
v -0.55000000 0.19136457 1.00868724 0.90196078 0.67450980 0.42745098
v -0.55000000 -0.06147473 0.91632932 0.90196078 0.67450980 0.42745098
v -0.55000000 0.06147473 0.91632932 0.90196078 0.67450980 0.42745098
v -0.39392538 0.15793415 1.08599158 0.90196078 0.67450980 0.42745098
v -0.35593191 0.05846595 1.02813301 0.90196078 0.67450980 0.42745098
v -0.41777034 0.15481719 1.02994609 0.90196078 0.67450980 0.42745098
v -0.39392538 -0.15793415 1.08599158 0.90196078 0.67450980 0.42745098
v -0.35593191 -0.05846595 1.02813301 0.90196078 0.67450980 0.42745098
v -0.41777034 -0.15481719 1.02994609 0.90196078 0.67450980 0.42745098
v -0.49153405 -0.09760867 0.93734768 0.90196078 0.67450980 0.42745098
v -0.39206585 -0.03613394 0.97310624 0.90196078 0.67450980 0.42745098
v -0.45431772 -0.13222966 0.97428971 0.90196078 0.67450980 0.42745098
v -0.49086510 -0.03654738 0.91863333 0.90196078 0.67450980 0.42745098
v -0.39518281 -0.09568228 0.99554855 0.90196078 0.67450980 0.42745098
v -0.49153405 0.09760867 0.93734768 0.90196078 0.67450980 0.42745098
v -0.39206585 0.03613394 0.97310624 0.90196078 0.67450980 0.42745098
v -0.45431772 0.13222966 0.97428971 0.90196078 0.67450980 0.42745098
v -0.49086510 0.03654738 0.91863333 0.90196078 0.67450980 0.42745098
v -0.39518281 0.09568228 0.99554855 0.90196078 0.67450980 0.42745098
v -0.43173019 0.00000000 0.93989217 0.90196078 0.67450980 0.42745098
v -0.39392538 0.15793415 1.15400842 0.90196078 0.67450980 0.42745098
v -0.35593191 0.05846595 1.21186699 0.90196078 0.67450980 0.42745098
v -0.41777034 0.15481719 1.21005391 0.90196078 0.67450980 0.42745098
v -0.35863543 0.11826981 1.12000000 0.90196078 0.67450980 0.42745098
v -0.39392538 -0.15793415 1.15400842 0.90196078 0.67450980 0.42745098
v -0.35593191 -0.05846595 1.21186699 0.90196078 0.67450980 0.42745098
v -0.41777034 -0.15481719 1.21005391 0.90196078 0.67450980 0.42745098
v -0.35863543 -0.11826981 1.12000000 0.90196078 0.67450980 0.42745098
v -0.49153405 -0.09760867 1.30265232 0.90196078 0.67450980 0.42745098
v -0.39206585 -0.03613394 1.26689376 0.90196078 0.67450980 0.42745098
v -0.45431772 -0.13222966 1.26571029 0.90196078 0.67450980 0.42745098
v -0.49086510 -0.03654738 1.32136667 0.90196078 0.67450980 0.42745098
v -0.39518281 -0.09568228 1.24445145 0.90196078 0.67450980 0.42745098
v -0.49153405 0.09760867 1.30265232 0.90196078 0.67450980 0.42745098
v -0.39206585 0.03613394 1.26689376 0.90196078 0.67450980 0.42745098
v -0.45431772 0.13222966 1.26571029 0.90196078 0.67450980 0.42745098
v -0.49086510 0.03654738 1.32136667 0.90196078 0.67450980 0.42745098
v -0.39518281 0.09568228 1.24445145 0.90196078 0.67450980 0.42745098
v -0.43173019 0.00000000 1.30010783 0.90196078 0.67450980 0.42745098
v -0.33359990 0.00000000 1.06214143 0.90196078 0.67450980 0.42745098
v -0.33359990 0.00000000 1.17785857 0.90196078 0.67450980 0.42745098
v -0.33604791 0.05913490 1.08560247 0.90196078 0.67450980 0.42745098
v -0.33604791 -0.05913490 1.08560247 0.90196078 0.67450980 0.42745098
v -0.33604791 0.05913490 1.15439753 0.90196078 0.67450980 0.42745098
v -0.33604791 -0.05913490 1.15439753 0.90196078 0.67450980 0.42745098
v -0.70607462 0.15793415 1.08599158 0.90196078 0.67450980 0.42745098
v -0.74406809 0.05846595 1.02813301 0.90196078 0.67450980 0.42745098
v -0.68222966 0.15481719 1.02994609 0.90196078 0.67450980 0.42745098
v -0.70607462 -0.15793415 1.08599158 0.90196078 0.67450980 0.42745098
v -0.74406809 -0.05846595 1.02813301 0.90196078 0.67450980 0.42745098
v -0.68222966 -0.15481719 1.02994609 0.90196078 0.67450980 0.42745098
v -0.60846595 -0.09760867 0.93734768 0.90196078 0.67450980 0.42745098
v -0.70793415 -0.03613394 0.97310624 0.90196078 0.67450980 0.42745098
v -0.64568228 -0.13222966 0.97428971 0.90196078 0.67450980 0.42745098
v -0.60913490 -0.03654738 0.91863333 0.90196078 0.67450980 0.42745098
v -0.70481719 -0.09568228 0.99554855 0.90196078 0.67450980 0.42745098
v -0.60846595 0.09760867 0.93734768 0.90196078 0.67450980 0.42745098
v -0.70793415 0.03613394 0.97310624 0.90196078 0.67450980 0.42745098
v -0.64568228 0.13222966 0.97428971 0.90196078 0.67450980 0.42745098
v -0.60913490 0.03654738 0.91863333 0.90196078 0.67450980 0.42745098
v -0.70481719 0.09568228 0.99554855 0.90196078 0.67450980 0.42745098
v -0.66826981 0.00000000 0.93989217 0.90196078 0.67450980 0.42745098
v -0.70607462 0.15793415 1.15400842 0.90196078 0.67450980 0.42745098
v -0.74406809 0.05846595 1.21186699 0.90196078 0.67450980 0.42745098
v -0.68222966 0.15481719 1.21005391 0.90196078 0.67450980 0.42745098
v -0.74136457 0.11826981 1.12000000 0.90196078 0.67450980 0.42745098
v -0.70607462 -0.15793415 1.15400842 0.90196078 0.67450980 0.42745098
v -0.74406809 -0.05846595 1.21186699 0.90196078 0.67450980 0.42745098
v -0.68222966 -0.15481719 1.21005391 0.90196078 0.67450980 0.42745098
v -0.74136457 -0.11826981 1.12000000 0.90196078 0.67450980 0.42745098
v -0.60846595 -0.09760867 1.30265232 0.90196078 0.67450980 0.42745098
v -0.70793415 -0.03613394 1.26689376 0.90196078 0.67450980 0.42745098
v -0.64568228 -0.13222966 1.26571029 0.90196078 0.67450980 0.42745098
v -0.60913490 -0.03654738 1.32136667 0.90196078 0.67450980 0.42745098
v -0.70481719 -0.09568228 1.24445145 0.90196078 0.67450980 0.42745098
v -0.60846595 0.09760867 1.30265232 0.90196078 0.67450980 0.42745098
v -0.70793415 0.03613394 1.26689376 0.90196078 0.67450980 0.42745098
v -0.64568228 0.13222966 1.26571029 0.90196078 0.67450980 0.42745098
v -0.60913490 0.03654738 1.32136667 0.90196078 0.67450980 0.42745098
v -0.70481719 0.09568228 1.24445145 0.90196078 0.67450980 0.42745098
v -0.66826981 0.00000000 1.30010783 0.90196078 0.67450980 0.42745098
v -0.76640010 0.00000000 1.06214143 0.90196078 0.67450980 0.42745098
v -0.76640010 0.00000000 1.17785857 0.90196078 0.67450980 0.42745098
v -0.76395209 0.05913490 1.08560247 0.90196078 0.67450980 0.42745098
v -0.76395209 -0.05913490 1.08560247 0.90196078 0.67450980 0.42745098
v -0.76395209 0.05913490 1.15439753 0.90196078 0.67450980 0.42745098
v -0.76395209 -0.05913490 1.15439753 0.90196078 0.67450980 0.42745098
f 1501 1638 1554
f 1638 1538 1640
f 1554 1640 1517
f 1638 1640 1554
f 1538 1639 1655
f 1639 1512 1652
f 1655 1652 1541
f 1639 1652 1655
f 1517 1653 1555
f 1653 1541 1651
f 1555 1651 1506
f 1653 1651 1555
f 1538 1655 1640
f 1655 1541 1653
f 1640 1653 1517
f 1655 1653 1640
f 1501 1554 1543
f 1554 1517 1556
f 1543 1556 1513
f 1554 1556 1543
f 1517 1555 1560
f 1555 1506 1558
f 1560 1558 1518
f 1555 1558 1560
f 1513 1559 1544
f 1559 1518 1557
f 1544 1557 1502
f 1559 1557 1544
f 1517 1560 1556
f 1560 1518 1559
f 1556 1559 1513
f 1560 1559 1556
f 1501 1543 1570
f 1543 1513 1572
f 1570 1572 1522
f 1543 1572 1570
f 1513 1544 1575
f 1544 1502 1573
f 1575 1573 1523
f 1544 1573 1575
f 1522 1576 1571
f 1576 1523 1574
f 1571 1574 1508
f 1576 1574 1571
f 1513 1575 1572
f 1575 1523 1576
f 1572 1576 1522
f 1575 1576 1572
f 1501 1570 1621
f 1570 1522 1623
f 1621 1623 1534
f 1570 1623 1621
f 1522 1571 1634
f 1571 1508 1632
f 1634 1632 1537
f 1571 1632 1634
f 1534 1636 1622
f 1636 1537 1633
f 1622 1633 1511
f 1636 1633 1622
f 1522 1634 1623
f 1634 1537 1636
f 1623 1636 1534
f 1634 1636 1623
f 1501 1621 1638
f 1621 1534 1641
f 1638 1641 1538
f 1621 1641 1638
f 1534 1622 1659
f 1622 1511 1657
f 1659 1657 1542
f 1622 1657 1659
f 1538 1661 1639
f 1661 1542 1658
f 1639 1658 1512
f 1661 1658 1639
f 1534 1659 1641
f 1659 1542 1661
f 1641 1661 1538
f 1659 1661 1641
f 1502 1557 1596
f 1557 1518 1598
f 1596 1598 1529
f 1557 1598 1596
f 1518 1558 1611
f 1558 1506 1609
f 1611 1609 1532
f 1558 1609 1611
f 1529 1613 1597
f 1613 1532 1610
f 1597 1610 1510
f 1613 1610 1597
f 1518 1611 1598
f 1611 1532 1613
f 1598 1613 1529
f 1611 1613 1598
f 1506 1651 1562
f 1651 1541 1654
f 1562 1654 1519
f 1651 1654 1562
f 1541 1652 1656
f 1652 1512 1647
f 1656 1647 1540
f 1652 1647 1656
f 1519 1649 1561
f 1649 1540 1646
f 1561 1646 1505
f 1649 1646 1561
f 1541 1656 1654
f 1656 1540 1649
f 1654 1649 1519
f 1656 1649 1654
f 1512 1658 1643
f 1658 1542 1662
f 1643 1662 1539
f 1658 1662 1643
f 1542 1657 1660
f 1657 1511 1625
f 1660 1625 1535
f 1657 1625 1660
f 1539 1645 1642
f 1645 1535 1624
f 1642 1624 1503
f 1645 1624 1642
f 1542 1660 1662
f 1660 1535 1645
f 1662 1645 1539
f 1660 1645 1662
f 1511 1633 1628
f 1633 1537 1637
f 1628 1637 1536
f 1633 1637 1628
f 1537 1632 1635
f 1632 1508 1578
f 1635 1578 1524
f 1632 1578 1635
f 1536 1630 1627
f 1630 1524 1577
f 1627 1577 1507
f 1630 1577 1627
f 1537 1635 1637
f 1635 1524 1630
f 1637 1630 1536
f 1635 1630 1637
f 1508 1574 1590
f 1574 1523 1592
f 1590 1592 1528
f 1574 1592 1590
f 1523 1573 1581
f 1573 1502 1579
f 1581 1579 1525
f 1573 1579 1581
f 1528 1594 1591
f 1594 1525 1580
f 1591 1580 1509
f 1594 1580 1591
f 1523 1581 1592
f 1581 1525 1594
f 1592 1594 1528
f 1581 1594 1592
f 1504 1600 1550
f 1600 1530 1602
f 1550 1602 1516
f 1600 1602 1550
f 1530 1601 1608
f 1601 1510 1605
f 1608 1605 1531
f 1601 1605 1608
f 1516 1606 1551
f 1606 1531 1604
f 1551 1604 1505
f 1606 1604 1551
f 1530 1608 1602
f 1608 1531 1606
f 1602 1606 1516
f 1608 1606 1602
f 1504 1550 1546
f 1550 1516 1552
f 1546 1552 1514
f 1550 1552 1546
f 1516 1551 1553
f 1551 1505 1548
f 1553 1548 1515
f 1551 1548 1553
f 1514 1549 1545
f 1549 1515 1547
f 1545 1547 1503
f 1549 1547 1545
f 1516 1553 1552
f 1553 1515 1549
f 1552 1549 1514
f 1553 1549 1552
f 1504 1546 1566
f 1546 1514 1568
f 1566 1568 1521
f 1546 1568 1566
f 1514 1545 1565
f 1545 1503 1563
f 1565 1563 1520
f 1545 1563 1565
f 1521 1569 1567
f 1569 1520 1564
f 1567 1564 1507
f 1569 1564 1567
f 1514 1565 1568
f 1565 1520 1569
f 1568 1569 1521
f 1565 1569 1568
f 1504 1566 1582
f 1566 1521 1584
f 1582 1584 1526
f 1566 1584 1582
f 1521 1567 1587
f 1567 1507 1585
f 1587 1585 1527
f 1567 1585 1587
f 1526 1589 1583
f 1589 1527 1586
f 1583 1586 1509
f 1589 1586 1583
f 1521 1587 1584
f 1587 1527 1589
f 1584 1589 1526
f 1587 1589 1584
f 1504 1582 1600
f 1582 1526 1603
f 1600 1603 1530
f 1582 1603 1600
f 1526 1583 1618
f 1583 1509 1615
f 1618 1615 1533
f 1583 1615 1618
f 1530 1620 1601
f 1620 1533 1616
f 1601 1616 1510
f 1620 1616 1601
f 1526 1618 1603
f 1618 1533 1620
f 1603 1620 1530
f 1618 1620 1603
f 1505 1604 1561
f 1604 1531 1607
f 1561 1607 1519
f 1604 1607 1561
f 1531 1605 1614
f 1605 1510 1610
f 1614 1610 1532
f 1605 1610 1614
f 1519 1612 1562
f 1612 1532 1609
f 1562 1609 1506
f 1612 1609 1562
f 1531 1614 1607
f 1614 1532 1612
f 1607 1612 1519
f 1614 1612 1607
f 1503 1547 1642
f 1547 1515 1644
f 1642 1644 1539
f 1547 1644 1642
f 1515 1548 1648
f 1548 1505 1646
f 1648 1646 1540
f 1548 1646 1648
f 1539 1650 1643
f 1650 1540 1647
f 1643 1647 1512
f 1650 1647 1643
f 1515 1648 1644
f 1648 1540 1650
f 1644 1650 1539
f 1648 1650 1644
f 1507 1564 1627
f 1564 1520 1629
f 1627 1629 1536
f 1564 1629 1627
f 1520 1563 1626
f 1563 1503 1624
f 1626 1624 1535
f 1563 1624 1626
f 1536 1631 1628
f 1631 1535 1625
f 1628 1625 1511
f 1631 1625 1628
f 1520 1626 1629
f 1626 1535 1631
f 1629 1631 1536
f 1626 1631 1629
f 1509 1586 1591
f 1586 1527 1595
f 1591 1595 1528
f 1586 1595 1591
f 1527 1585 1588
f 1585 1507 1577
f 1588 1577 1524
f 1585 1577 1588
f 1528 1593 1590
f 1593 1524 1578
f 1590 1578 1508
f 1593 1578 1590
f 1527 1588 1595
f 1588 1524 1593
f 1595 1593 1528
f 1588 1593 1595
f 1510 1616 1597
f 1616 1533 1619
f 1597 1619 1529
f 1616 1619 1597
f 1533 1615 1617
f 1615 1509 1580
f 1617 1580 1525
f 1615 1580 1617
f 1529 1599 1596
f 1599 1525 1579
f 1596 1579 1502
f 1599 1579 1596
f 1533 1617 1619
f 1617 1525 1599
f 1619 1599 1529
f 1617 1599 1619

