# https://github.com/mikedh/trimesh

o hull_0
v -0.21922987 0.35472139 0.00000000 0.32941176 0.81176471 0.48627451
v 0.21922987 0.35472139 0.00000000 0.32941176 0.81176471 0.48627451
v -0.21922987 -0.35472139 0.00000000 0.32941176 0.81176471 0.48627451
v 0.21922987 -0.35472139 0.00000000 0.32941176 0.81176471 0.48627451
v 0.00000000 -0.21922987 0.85065081 0.32941176 0.81176471 0.48627451
v 0.00000000 0.21922987 0.85065081 0.32941176 0.81176471 0.48627451
v 0.00000000 -0.21922987 -0.85065081 0.32941176 0.81176471 0.48627451
v 0.00000000 0.21922987 -0.85065081 0.32941176 0.81176471 0.48627451
v 0.35472139 0.00000000 -0.52573111 0.32941176 0.81176471 0.48627451
v 0.35472139 0.00000000 0.52573111 0.32941176 0.81176471 0.48627451
v -0.35472139 0.00000000 -0.52573111 0.32941176 0.81176471 0.48627451
v -0.35472139 0.00000000 0.52573111 0.32941176 0.81176471 0.48627451
v 0.00000000 0.41700000 0.00000000 0.32941176 0.81176471 0.48627451
v 0.00000000 -0.41700000 0.00000000 0.32941176 0.81176471 0.48627451
v -0.12886009 -0.33736009 0.50000000 0.32941176 0.81176471 0.48627451
v 0.12886009 -0.33736009 0.50000000 0.32941176 0.81176471 0.48627451
v -0.12886009 0.33736009 0.50000000 0.32941176 0.81176471 0.48627451
v 0.12886009 0.33736009 0.50000000 0.32941176 0.81176471 0.48627451
v 0.00000000 0.00000000 1.00000000 0.32941176 0.81176471 0.48627451
v -0.12886009 -0.33736009 -0.50000000 0.32941176 0.81176471 0.48627451
v 0.12886009 -0.33736009 -0.50000000 0.32941176 0.81176471 0.48627451
v -0.12886009 0.33736009 -0.50000000 0.32941176 0.81176471 0.48627451
v 0.12886009 0.33736009 -0.50000000 0.32941176 0.81176471 0.48627451
v 0.00000000 0.00000000 -1.00000000 0.32941176 0.81176471 0.48627451
v 0.33736009 0.20850000 -0.30901699 0.32941176 0.81176471 0.48627451
v 0.33736009 -0.20850000 -0.30901699 0.32941176 0.81176471 0.48627451
v 0.20850000 -0.12886009 -0.80901699 0.32941176 0.81176471 0.48627451
v 0.20850000 0.12886009 -0.80901699 0.32941176 0.81176471 0.48627451
v 0.33736009 0.20850000 0.30901699 0.32941176 0.81176471 0.48627451
v 0.33736009 -0.20850000 0.30901699 0.32941176 0.81176471 0.48627451
v 0.20850000 -0.12886009 0.80901699 0.32941176 0.81176471 0.48627451
v 0.20850000 0.12886009 0.80901699 0.32941176 0.81176471 0.48627451
v 0.41700000 0.00000000 0.00000000 0.32941176 0.81176471 0.48627451
v -0.33736009 0.20850000 -0.30901699 0.32941176 0.81176471 0.48627451
v -0.33736009 -0.20850000 -0.30901699 0.32941176 0.81176471 0.48627451
v -0.20850000 -0.12886009 -0.80901699 0.32941176 0.81176471 0.48627451
v -0.20850000 0.12886009 -0.80901699 0.32941176 0.81176471 0.48627451
v -0.33736009 0.20850000 0.30901699 0.32941176 0.81176471 0.48627451
v -0.33736009 -0.20850000 0.30901699 0.32941176 0.81176471 0.48627451
v -0.20850000 -0.12886009 0.80901699 0.32941176 0.81176471 0.48627451
v -0.20850000 0.12886009 0.80901699 0.32941176 0.81176471 0.48627451
v -0.41700000 0.00000000 0.00000000 0.32941176 0.81176471 0.48627451
v -0.11395214 0.40112830 0.00000000 0.32941176 0.81176471 0.48627451
v 0.11395214 0.40112830 0.00000000 0.32941176 0.81176471 0.48627451
v -0.11395214 -0.40112830 0.00000000 0.32941176 0.81176471 0.48627451
v 0.11395214 -0.40112830 0.00000000 0.32941176 0.81176471 0.48627451
v -0.18093153 -0.35973276 0.25989191 0.32941176 0.81176471 0.48627451
v -0.06697939 -0.28930646 0.70204644 0.32941176 0.81176471 0.48627451
v -0.06774576 -0.39659057 0.26286556 0.32941176 0.81176471 0.48627451
v 0.18093153 -0.35973276 0.25989191 0.32941176 0.81176471 0.48627451
v 0.06697939 -0.28930646 0.70204644 0.32941176 0.81176471 0.48627451
v 0.06774576 -0.39659057 0.26286556 0.32941176 0.81176471 0.48627451
v 0.00000000 -0.35472139 0.52573111 0.32941176 0.81176471 0.48627451
v -0.18093153 0.35973276 0.25989191 0.32941176 0.81176471 0.48627451
v -0.06697939 0.28930646 0.70204644 0.32941176 0.81176471 0.48627451
v -0.06774576 0.39659057 0.26286556 0.32941176 0.81176471 0.48627451
v 0.18093153 0.35973276 0.25989191 0.32941176 0.81176471 0.48627451
v 0.06697939 0.28930646 0.70204644 0.32941176 0.81176471 0.48627451
v 0.06774576 0.39659057 0.26286556 0.32941176 0.81176471 0.48627451
v 0.00000000 0.35472139 0.52573111 0.32941176 0.81176471 0.48627451
v 0.00000000 -0.11395214 0.96193836 0.32941176 0.81176471 0.48627451
v 0.00000000 0.11395214 0.96193836 0.32941176 0.81176471 0.48627451
v -0.18093153 -0.35973276 -0.25989191 0.32941176 0.81176471 0.48627451
v -0.06697939 -0.28930646 -0.70204644 0.32941176 0.81176471 0.48627451
v -0.06774576 -0.39659057 -0.26286556 0.32941176 0.81176471 0.48627451
v 0.18093153 -0.35973276 -0.25989191 0.32941176 0.81176471 0.48627451
v 0.06697939 -0.28930646 -0.70204644 0.32941176 0.81176471 0.48627451
v 0.06774576 -0.39659057 -0.26286556 0.32941176 0.81176471 0.48627451
v 0.00000000 -0.35472139 -0.52573111 0.32941176 0.81176471 0.48627451
v -0.18093153 0.35973276 -0.25989191 0.32941176 0.81176471 0.48627451
v -0.06697939 0.28930646 -0.70204644 0.32941176 0.81176471 0.48627451
v -0.06774576 0.39659057 -0.26286556 0.32941176 0.81176471 0.48627451
v 0.18093153 0.35973276 -0.25989191 0.32941176 0.81176471 0.48627451
v 0.06697939 0.28930646 -0.70204644 0.32941176 0.81176471 0.48627451
v 0.06774576 0.39659057 -0.26286556 0.32941176 0.81176471 0.48627451
v 0.00000000 0.35472139 -0.52573111 0.32941176 0.81176471 0.48627451
v 0.00000000 -0.11395214 -0.96193836 0.32941176 0.81176471 0.48627451
v 0.00000000 0.11395214 -0.96193836 0.32941176 0.81176471 0.48627451
v 0.28930646 0.29275337 -0.16062204 0.32941176 0.81176471 0.48627451
v 0.35973276 0.10837493 -0.43388856 0.32941176 0.81176471 0.48627451
v 0.24510645 0.28697563 -0.42532540 0.32941176 0.81176471 0.48627451
v 0.28930646 -0.29275337 -0.16062204 0.32941176 0.81176471 0.48627451
v 0.35973276 -0.10837493 -0.43388856 0.32941176 0.81176471 0.48627451
v 0.24510645 -0.28697563 -0.42532540 0.32941176 0.81176471 0.48627451
v 0.10837493 -0.18093153 -0.86266848 0.32941176 0.81176471 0.48627451
v 0.29275337 -0.06697939 -0.69378048 0.32941176 0.81176471 0.48627451
v 0.17736069 -0.24510645 -0.68819096 0.32941176 0.81176471 0.48627451
v 0.10961494 -0.06774576 -0.95105652 0.32941176 0.81176471 0.48627451
v 0.28697563 -0.17736069 -0.58778525 0.32941176 0.81176471 0.48627451
v 0.10837493 0.18093153 -0.86266848 0.32941176 0.81176471 0.48627451
v 0.29275337 0.06697939 -0.69378048 0.32941176 0.81176471 0.48627451
v 0.17736069 0.24510645 -0.68819096 0.32941176 0.81176471 0.48627451
v 0.10961494 0.06774576 -0.95105652 0.32941176 0.81176471 0.48627451
v 0.28697563 0.17736069 -0.58778525 0.32941176 0.81176471 0.48627451
v 0.21922987 0.00000000 -0.85065081 0.32941176 0.81176471 0.48627451
v 0.28930646 0.29275337 0.16062204 0.32941176 0.81176471 0.48627451
v 0.35973276 0.10837493 0.43388856 0.32941176 0.81176471 0.48627451
v 0.24510645 0.28697563 0.42532540 0.32941176 0.81176471 0.48627451
v 0.35472139 0.21922987 0.00000000 0.32941176 0.81176471 0.48627451
v 0.28930646 -0.29275337 0.16062204 0.32941176 0.81176471 0.48627451
v 0.35973276 -0.10837493 0.43388856 0.32941176 0.81176471 0.48627451
v 0.24510645 -0.28697563 0.42532540 0.32941176 0.81176471 0.48627451
v 0.35472139 -0.21922987 0.00000000 0.32941176 0.81176471 0.48627451
v 0.10837493 -0.18093153 0.86266848 0.32941176 0.81176471 0.48627451
v 0.29275337 -0.06697939 0.69378048 0.32941176 0.81176471 0.48627451
v 0.17736069 -0.24510645 0.68819096 0.32941176 0.81176471 0.48627451
v 0.10961494 -0.06774576 0.95105652 0.32941176 0.81176471 0.48627451
v 0.28697563 -0.17736069 0.58778525 0.32941176 0.81176471 0.48627451
v 0.10837493 0.18093153 0.86266848 0.32941176 0.81176471 0.48627451
v 0.29275337 0.06697939 0.69378048 0.32941176 0.81176471 0.48627451
v 0.17736069 0.24510645 0.68819096 0.32941176 0.81176471 0.48627451
v 0.10961494 0.06774576 0.95105652 0.32941176 0.81176471 0.48627451
v 0.28697563 0.17736069 0.58778525 0.32941176 0.81176471 0.48627451
v 0.21922987 0.00000000 0.85065081 0.32941176 0.81176471 0.48627451
v 0.40112830 0.00000000 -0.27326653 0.32941176 0.81176471 0.48627451
v 0.40112830 0.00000000 0.27326653 0.32941176 0.81176471 0.48627451
v 0.39659057 0.10961494 -0.16245985 0.32941176 0.81176471 0.48627451
v 0.39659057 -0.10961494 -0.16245985 0.32941176 0.81176471 0.48627451
v 0.39659057 0.10961494 0.16245985 0.32941176 0.81176471 0.48627451
v 0.39659057 -0.10961494 0.16245985 0.32941176 0.81176471 0.48627451
v -0.28930646 0.29275337 -0.16062204 0.32941176 0.81176471 0.48627451
v -0.35973276 0.10837493 -0.43388856 0.32941176 0.81176471 0.48627451
v -0.24510645 0.28697563 -0.42532540 0.32941176 0.81176471 0.48627451
v -0.28930646 -0.29275337 -0.16062204 0.32941176 0.81176471 0.48627451
v -0.35973276 -0.10837493 -0.43388856 0.32941176 0.81176471 0.48627451
v -0.24510645 -0.28697563 -0.42532540 0.32941176 0.81176471 0.48627451
v -0.10837493 -0.18093153 -0.86266848 0.32941176 0.81176471 0.48627451
v -0.29275337 -0.06697939 -0.69378048 0.32941176 0.81176471 0.48627451
v -0.17736069 -0.24510645 -0.68819096 0.32941176 0.81176471 0.48627451
v -0.10961494 -0.06774576 -0.95105652 0.32941176 0.81176471 0.48627451
v -0.28697563 -0.17736069 -0.58778525 0.32941176 0.81176471 0.48627451
v -0.10837493 0.18093153 -0.86266848 0.32941176 0.81176471 0.48627451
v -0.29275337 0.06697939 -0.69378048 0.32941176 0.81176471 0.48627451
v -0.17736069 0.24510645 -0.68819096 0.32941176 0.81176471 0.48627451
v -0.10961494 0.06774576 -0.95105652 0.32941176 0.81176471 0.48627451
v -0.28697563 0.17736069 -0.58778525 0.32941176 0.81176471 0.48627451
v -0.21922987 0.00000000 -0.85065081 0.32941176 0.81176471 0.48627451
v -0.28930646 0.29275337 0.16062204 0.32941176 0.81176471 0.48627451
v -0.35973276 0.10837493 0.43388856 0.32941176 0.81176471 0.48627451
v -0.24510645 0.28697563 0.42532540 0.32941176 0.81176471 0.48627451
v -0.35472139 0.21922987 0.00000000 0.32941176 0.81176471 0.48627451
v -0.28930646 -0.29275337 0.16062204 0.32941176 0.81176471 0.48627451
v -0.35973276 -0.10837493 0.43388856 0.32941176 0.81176471 0.48627451
v -0.24510645 -0.28697563 0.42532540 0.32941176 0.81176471 0.48627451
v -0.35472139 -0.21922987 0.00000000 0.32941176 0.81176471 0.48627451
v -0.10837493 -0.18093153 0.86266848 0.32941176 0.81176471 0.48627451
v -0.29275337 -0.06697939 0.69378048 0.32941176 0.81176471 0.48627451
v -0.17736069 -0.24510645 0.68819096 0.32941176 0.81176471 0.48627451
v -0.10961494 -0.06774576 0.95105652 0.32941176 0.81176471 0.48627451
v -0.28697563 -0.17736069 0.58778525 0.32941176 0.81176471 0.48627451
v -0.10837493 0.18093153 0.86266848 0.32941176 0.81176471 0.48627451
v -0.29275337 0.06697939 0.69378048 0.32941176 0.81176471 0.48627451
v -0.17736069 0.24510645 0.68819096 0.32941176 0.81176471 0.48627451
v -0.10961494 0.06774576 0.95105652 0.32941176 0.81176471 0.48627451
v -0.28697563 0.17736069 0.58778525 0.32941176 0.81176471 0.48627451
v -0.21922987 0.00000000 0.85065081 0.32941176 0.81176471 0.48627451
v -0.40112830 0.00000000 -0.27326653 0.32941176 0.81176471 0.48627451
v -0.40112830 0.00000000 0.27326653 0.32941176 0.81176471 0.48627451
v -0.39659057 0.10961494 -0.16245985 0.32941176 0.81176471 0.48627451
v -0.39659057 -0.10961494 -0.16245985 0.32941176 0.81176471 0.48627451
v -0.39659057 0.10961494 0.16245985 0.32941176 0.81176471 0.48627451
v -0.39659057 -0.10961494 0.16245985 0.32941176 0.81176471 0.48627451
v -0.16819918 0.38157311 0.00000000 0.32941176 0.81176471 0.48627451
v -0.05752608 0.41301301 0.00000000 0.32941176 0.81176471 0.48627451
v 0.16819918 0.38157311 0.00000000 0.32941176 0.81176471 0.48627451
v 0.05752608 0.41301301 0.00000000 0.32941176 0.81176471 0.48627451
v -0.16819918 -0.38157311 0.00000000 0.32941176 0.81176471 0.48627451
v -0.05752608 -0.41301301 0.00000000 0.32941176 0.81176471 0.48627451
v 0.16819918 -0.38157311 0.00000000 0.32941176 0.81176471 0.48627451
v 0.05752608 -0.41301301 0.00000000 0.32941176 0.81176471 0.48627451
v -0.20201216 -0.36067553 0.13120038 0.32941176 0.81176471 0.48627451
v -0.15639108 -0.35191108 0.38361373 0.32941176 0.81176471 0.48627451
v -0.14938141 -0.38543502 0.13165537 0.32941176 0.81176471 0.48627451
v -0.03381298 -0.25672272 0.78384304 0.32941176 0.81176471 0.48627451
v -0.09886500 -0.31635801 0.60682515 0.32941176 0.81176471 0.48627451
v -0.03429511 -0.41186604 0.13307110 0.32941176 0.81176471 0.48627451
v -0.09952828 -0.37154972 0.38618739 0.32941176 0.81176471 0.48627451
v -0.09178880 -0.40298571 0.13279248 0.32941176 0.81176471 0.48627451
v -0.12562495 -0.38207382 0.26408275 0.32941176 0.81176471 0.48627451
v 0.20201216 -0.36067553 0.13120038 0.32941176 0.81176471 0.48627451
v 0.15639108 -0.35191108 0.38361373 0.32941176 0.81176471 0.48627451
v 0.14938141 -0.38543502 0.13165537 0.32941176 0.81176471 0.48627451
v 0.03381298 -0.25672272 0.78384304 0.32941176 0.81176471 0.48627451
v 0.09886500 -0.31635801 0.60682515 0.32941176 0.81176471 0.48627451
v 0.00000000 -0.29311223 0.71128173 0.32941176 0.81176471 0.48627451
v 0.03429511 -0.41186604 0.13307110 0.32941176 0.81176471 0.48627451
v 0.09952828 -0.37154972 0.38618739 0.32941176 0.81176471 0.48627451
v 0.09178880 -0.40298571 0.13279248 0.32941176 0.81176471 0.48627451
v 0.00000000 -0.40193015 0.26640470 0.32941176 0.81176471 0.48627451
v 0.12562495 -0.38207382 0.26408275 0.32941176 0.81176471 0.48627451
v -0.06523317 -0.35035418 0.51925849 0.32941176 0.81176471 0.48627451
v 0.06523317 -0.35035418 0.51925849 0.32941176 0.81176471 0.48627451
v -0.03383615 -0.32534522 0.62023958 0.32941176 0.81176471 0.48627451
v -0.03432893 -0.38071370 0.39960705 0.32941176 0.81176471 0.48627451
v 0.03383615 -0.32534522 0.62023958 0.32941176 0.81176471 0.48627451
v 0.03432893 -0.38071370 0.39960705 0.32941176 0.81176471 0.48627451
v -0.20201216 0.36067553 0.13120038 0.32941176 0.81176471 0.48627451
v -0.15639108 0.35191108 0.38361373 0.32941176 0.81176471 0.48627451
v -0.14938141 0.38543502 0.13165537 0.32941176 0.81176471 0.48627451
v -0.03381298 0.25672272 0.78384304 0.32941176 0.81176471 0.48627451
v -0.09886500 0.31635801 0.60682515 0.32941176 0.81176471 0.48627451
v -0.03429511 0.41186604 0.13307110 0.32941176 0.81176471 0.48627451
v -0.09952828 0.37154972 0.38618739 0.32941176 0.81176471 0.48627451
v -0.09178880 0.40298571 0.13279248 0.32941176 0.81176471 0.48627451
v -0.12562495 0.38207382 0.26408275 0.32941176 0.81176471 0.48627451
v 0.20201216 0.36067553 0.13120038 0.32941176 0.81176471 0.48627451
v 0.15639108 0.35191108 0.38361373 0.32941176 0.81176471 0.48627451
v 0.14938141 0.38543502 0.13165537 0.32941176 0.81176471 0.48627451
v 0.03381298 0.25672272 0.78384304 0.32941176 0.81176471 0.48627451
v 0.09886500 0.31635801 0.60682515 0.32941176 0.81176471 0.48627451
v 0.00000000 0.29311223 0.71128173 0.32941176 0.81176471 0.48627451
v 0.03429511 0.41186604 0.13307110 0.32941176 0.81176471 0.48627451
v 0.09952828 0.37154972 0.38618739 0.32941176 0.81176471 0.48627451
v 0.09178880 0.40298571 0.13279248 0.32941176 0.81176471 0.48627451
v 0.00000000 0.40193015 0.26640470 0.32941176 0.81176471 0.48627451
v 0.12562495 0.38207382 0.26408275 0.32941176 0.81176471 0.48627451
v -0.06523317 0.35035418 0.51925849 0.32941176 0.81176471 0.48627451
v 0.06523317 0.35035418 0.51925849 0.32941176 0.81176471 0.48627451
v -0.03383615 0.32534522 0.62023958 0.32941176 0.81176471 0.48627451
v -0.03432893 0.38071370 0.39960705 0.32941176 0.81176471 0.48627451
v 0.03383615 0.32534522 0.62023958 0.32941176 0.81176471 0.48627451
v 0.03432893 0.38071370 0.39960705 0.32941176 0.81176471 0.48627451
v 0.00000000 -0.16819918 0.91504342 0.32941176 0.81176471 0.48627451
v 0.00000000 -0.05752608 0.99043888 0.32941176 0.81176471 0.48627451
v 0.00000000 0.16819918 0.91504342 0.32941176 0.81176471 0.48627451
v 0.00000000 0.05752608 0.99043888 0.32941176 0.81176471 0.48627451
v -0.20201216 -0.36067553 -0.13120038 0.32941176 0.81176471 0.48627451
v -0.15639108 -0.35191108 -0.38361373 0.32941176 0.81176471 0.48627451
v -0.14938141 -0.38543502 -0.13165537 0.32941176 0.81176471 0.48627451
v -0.03381298 -0.25672272 -0.78384304 0.32941176 0.81176471 0.48627451
v -0.09886500 -0.31635801 -0.60682515 0.32941176 0.81176471 0.48627451
v -0.03429511 -0.41186604 -0.13307110 0.32941176 0.81176471 0.48627451
v -0.09952828 -0.37154972 -0.38618739 0.32941176 0.81176471 0.48627451
v -0.09178880 -0.40298571 -0.13279248 0.32941176 0.81176471 0.48627451
v -0.12562495 -0.38207382 -0.26408275 0.32941176 0.81176471 0.48627451
v 0.20201216 -0.36067553 -0.13120038 0.32941176 0.81176471 0.48627451
v 0.15639108 -0.35191108 -0.38361373 0.32941176 0.81176471 0.48627451
v 0.14938141 -0.38543502 -0.13165537 0.32941176 0.81176471 0.48627451
v 0.03381298 -0.25672272 -0.78384304 0.32941176 0.81176471 0.48627451
v 0.09886500 -0.31635801 -0.60682515 0.32941176 0.81176471 0.48627451
v 0.00000000 -0.29311223 -0.71128173 0.32941176 0.81176471 0.48627451
v 0.03429511 -0.41186604 -0.13307110 0.32941176 0.81176471 0.48627451
v 0.09952828 -0.37154972 -0.38618739 0.32941176 0.81176471 0.48627451
v 0.09178880 -0.40298571 -0.13279248 0.32941176 0.81176471 0.48627451
v 0.00000000 -0.40193015 -0.26640470 0.32941176 0.81176471 0.48627451
v 0.12562495 -0.38207382 -0.26408275 0.32941176 0.81176471 0.48627451
v -0.06523317 -0.35035418 -0.51925849 0.32941176 0.81176471 0.48627451
v 0.06523317 -0.35035418 -0.51925849 0.32941176 0.81176471 0.48627451
v -0.03383615 -0.32534522 -0.62023958 0.32941176 0.81176471 0.48627451
v -0.03432893 -0.38071370 -0.39960705 0.32941176 0.81176471 0.48627451
v 0.03383615 -0.32534522 -0.62023958 0.32941176 0.81176471 0.48627451
v 0.03432893 -0.38071370 -0.39960705 0.32941176 0.81176471 0.48627451
v -0.20201216 0.36067553 -0.13120038 0.32941176 0.81176471 0.48627451
v -0.15639108 0.35191108 -0.38361373 0.32941176 0.81176471 0.48627451
v -0.14938141 0.38543502 -0.13165537 0.32941176 0.81176471 0.48627451
v -0.03381298 0.25672272 -0.78384304 0.32941176 0.81176471 0.48627451
v -0.09886500 0.31635801 -0.60682515 0.32941176 0.81176471 0.48627451
v -0.03429511 0.41186604 -0.13307110 0.32941176 0.81176471 0.48627451
v -0.09952828 0.37154972 -0.38618739 0.32941176 0.81176471 0.48627451
v -0.09178880 0.40298571 -0.13279248 0.32941176 0.81176471 0.48627451
v -0.12562495 0.38207382 -0.26408275 0.32941176 0.81176471 0.48627451
v 0.20201216 0.36067553 -0.13120038 0.32941176 0.81176471 0.48627451
v 0.15639108 0.35191108 -0.38361373 0.32941176 0.81176471 0.48627451
v 0.14938141 0.38543502 -0.13165537 0.32941176 0.81176471 0.48627451
v 0.03381298 0.25672272 -0.78384304 0.32941176 0.81176471 0.48627451
v 0.09886500 0.31635801 -0.60682515 0.32941176 0.81176471 0.48627451
v 0.00000000 0.29311223 -0.71128173 0.32941176 0.81176471 0.48627451
v 0.03429511 0.41186604 -0.13307110 0.32941176 0.81176471 0.48627451
v 0.09952828 0.37154972 -0.38618739 0.32941176 0.81176471 0.48627451
v 0.09178880 0.40298571 -0.13279248 0.32941176 0.81176471 0.48627451
v 0.00000000 0.40193015 -0.26640470 0.32941176 0.81176471 0.48627451
v 0.12562495 0.38207382 -0.26408275 0.32941176 0.81176471 0.48627451
v -0.06523317 0.35035418 -0.51925849 0.32941176 0.81176471 0.48627451
v 0.06523317 0.35035418 -0.51925849 0.32941176 0.81176471 0.48627451
v -0.03383615 0.32534522 -0.62023958 0.32941176 0.81176471 0.48627451
v -0.03432893 0.38071370 -0.39960705 0.32941176 0.81176471 0.48627451
v 0.03383615 0.32534522 -0.62023958 0.32941176 0.81176471 0.48627451
v 0.03432893 0.38071370 -0.39960705 0.32941176 0.81176471 0.48627451
v 0.00000000 -0.16819918 -0.91504342 0.32941176 0.81176471 0.48627451
v 0.00000000 -0.05752608 -0.99043888 0.32941176 0.81176471 0.48627451
v 0.00000000 0.16819918 -0.91504342 0.32941176 0.81176471 0.48627451
v 0.00000000 0.05752608 -0.99043888 0.32941176 0.81176471 0.48627451
v 0.25672272 0.32686255 -0.08108629 0.32941176 0.81176471 0.48627451
v 0.31635801 0.25304609 -0.23708633 0.32941176 0.81176471 0.48627451
v 0.23821194 0.33053473 -0.21302287 0.32941176 0.81176471 0.48627451
v 0.36067553 0.05471056 -0.48444164 0.32941176 0.81176471 0.48627451
v 0.35191108 0.15996693 -0.37503857 0.32941176 0.81176471 0.48627451
v 0.18931404 0.31605907 -0.46842985 0.32941176 0.81176471 0.48627451
v 0.29486353 0.25082590 -0.37174803 0.32941176 0.81176471 0.48627451
v 0.21522272 0.32669936 -0.34615301 0.32941176 0.81176471 0.48627451
v 0.26997076 0.29286321 -0.29600459 0.32941176 0.81176471 0.48627451
v 0.25672272 -0.32686255 -0.08108629 0.32941176 0.81176471 0.48627451
v 0.31635801 -0.25304609 -0.23708633 0.32941176 0.81176471 0.48627451
v 0.23821194 -0.33053473 -0.21302287 0.32941176 0.81176471 0.48627451
v 0.36067553 -0.05471056 -0.48444164 0.32941176 0.81176471 0.48627451
v 0.35191108 -0.15996693 -0.37503857 0.32941176 0.81176471 0.48627451
v 0.18931404 -0.31605907 -0.46842985 0.32941176 0.81176471 0.48627451
v 0.29486353 -0.25082590 -0.37174803 0.32941176 0.81176471 0.48627451
v 0.21522272 -0.32669936 -0.34615301 0.32941176 0.81176471 0.48627451
v 0.26997076 -0.29286321 -0.29600459 0.32941176 0.81176471 0.48627451
v 0.05471056 -0.20201216 -0.86492934 0.32941176 0.81176471 0.48627451
v 0.15996693 -0.15639108 -0.84391147 0.32941176 0.81176471 0.48627451
v 0.08883053 -0.23821194 -0.79264923 0.32941176 0.81176471 0.48627451
v 0.05490029 -0.14938141 -0.92430460 0.32941176 0.81176471 0.48627451
v 0.32686255 -0.03381298 -0.61564202 0.32941176 0.81176471 0.48627451
v 0.25304609 -0.09886500 -0.75865230 0.32941176 0.81176471 0.48627451
v 0.33053473 -0.08883053 -0.57125166 0.32941176 0.81176471 0.48627451
v 0.15501893 -0.29486353 -0.60150096 0.32941176 0.81176471 0.48627451
v 0.19533525 -0.18931404 -0.75793542 0.32941176 0.81176471 0.48627451
v 0.12343392 -0.26997076 -0.70230985 0.32941176 0.81176471 0.48627451
v 0.21407756 -0.26962294 -0.56425421 0.32941176 0.81176471 0.48627451
v 0.14434581 -0.21522272 -0.78345170 0.32941176 0.81176471 0.48627451
v 0.05549065 -0.03429511 -0.98768834 0.32941176 0.81176471 0.48627451
v 0.16104014 -0.09952828 -0.89100652 0.32941176 0.81176471 0.48627451
v 0.05537446 -0.09178880 -0.96639260 0.32941176 0.81176471 0.48627451
v 0.11012251 -0.12562495 -0.91624418 0.32941176 0.81176471 0.48627451
v 0.31605907 -0.19533525 -0.45399050 0.32941176 0.81176471 0.48627451
v 0.25082590 -0.15501893 -0.70710678 0.32941176 0.81176471 0.48627451
v 0.32669936 -0.14434581 -0.51612162 0.32941176 0.81176471 0.48627451
v 0.26962294 -0.23529401 -0.51337544 0.32941176 0.81176471 0.48627451
v 0.29286321 -0.12343392 -0.64741189 0.32941176 0.81176471 0.48627451
v 0.23529401 -0.21407756 -0.64657779 0.32941176 0.81176471 0.48627451
v 0.05471056 0.20201216 -0.86492934 0.32941176 0.81176471 0.48627451
v 0.15996693 0.15639108 -0.84391147 0.32941176 0.81176471 0.48627451
v 0.08883053 0.23821194 -0.79264923 0.32941176 0.81176471 0.48627451
v 0.05490029 0.14938141 -0.92430460 0.32941176 0.81176471 0.48627451
v 0.32686255 0.03381298 -0.61564202 0.32941176 0.81176471 0.48627451
v 0.25304609 0.09886500 -0.75865230 0.32941176 0.81176471 0.48627451
v 0.33053473 0.08883053 -0.57125166 0.32941176 0.81176471 0.48627451
v 0.29660448 0.00000000 -0.70290703 0.32941176 0.81176471 0.48627451
v 0.15501893 0.29486353 -0.60150096 0.32941176 0.81176471 0.48627451
v 0.19533525 0.18931404 -0.75793542 0.32941176 0.81176471 0.48627451
v 0.12343392 0.26997076 -0.70230985 0.32941176 0.81176471 0.48627451
v 0.21407756 0.26962294 -0.56425421 0.32941176 0.81176471 0.48627451
v 0.14434581 0.21522272 -0.78345170 0.32941176 0.81176471 0.48627451
v 0.05549065 0.03429511 -0.98768834 0.32941176 0.81176471 0.48627451
v 0.16104014 0.09952828 -0.89100652 0.32941176 0.81176471 0.48627451
v 0.05537446 0.09178880 -0.96639260 0.32941176 0.81176471 0.48627451
v 0.11109076 0.00000000 -0.96386126 0.32941176 0.81176471 0.48627451
v 0.11012251 0.12562495 -0.91624418 0.32941176 0.81176471 0.48627451
v 0.31605907 0.19533525 -0.45399050 0.32941176 0.81176471 0.48627451
v 0.25082590 0.15501893 -0.70710678 0.32941176 0.81176471 0.48627451
v 0.32669936 0.14434581 -0.51612162 0.32941176 0.81176471 0.48627451
v 0.26962294 0.23529401 -0.51337544 0.32941176 0.81176471 0.48627451
v 0.29286321 0.12343392 -0.64741189 0.32941176 0.81176471 0.48627451
v 0.23529401 0.21407756 -0.64657779 0.32941176 0.81176471 0.48627451
v 0.21653079 -0.06523317 -0.84017789 0.32941176 0.81176471 0.48627451
v 0.21653079 0.06523317 -0.84017789 0.32941176 0.81176471 0.48627451
v 0.25863991 -0.03383615 -0.78020437 0.32941176 0.81176471 0.48627451
v 0.16663614 -0.03432893 -0.91298249 0.32941176 0.81176471 0.48627451
v 0.25863991 0.03383615 -0.78020437 0.32941176 0.81176471 0.48627451
v 0.16663614 0.03432893 -0.91298249 0.32941176 0.81176471 0.48627451
v 0.25672272 0.32686255 0.08108629 0.32941176 0.81176471 0.48627451
v 0.31635801 0.25304609 0.23708633 0.32941176 0.81176471 0.48627451
v 0.23821194 0.33053473 0.21302287 0.32941176 0.81176471 0.48627451
v 0.29311223 0.29660448 0.00000000 0.32941176 0.81176471 0.48627451
v 0.36067553 0.05471056 0.48444164 0.32941176 0.81176471 0.48627451
v 0.35191108 0.15996693 0.37503857 0.32941176 0.81176471 0.48627451
v 0.18931404 0.31605907 0.46842985 0.32941176 0.81176471 0.48627451
v 0.29486353 0.25082590 0.37174803 0.32941176 0.81176471 0.48627451
v 0.21522272 0.32669936 0.34615301 0.32941176 0.81176471 0.48627451
v 0.26997076 0.29286321 0.29600459 0.32941176 0.81176471 0.48627451
v 0.35035418 0.21653079 -0.15643447 0.32941176 0.81176471 0.48627451
v 0.35035418 0.21653079 0.15643447 0.32941176 0.81176471 0.48627451
v 0.32534522 0.25863991 -0.08114185 0.32941176 0.81176471 0.48627451
v 0.32534522 0.25863991 0.08114185 0.32941176 0.81176471 0.48627451
v 0.25672272 -0.32686255 0.08108629 0.32941176 0.81176471 0.48627451
v 0.31635801 -0.25304609 0.23708633 0.32941176 0.81176471 0.48627451
v 0.23821194 -0.33053473 0.21302287 0.32941176 0.81176471 0.48627451
v 0.29311223 -0.29660448 0.00000000 0.32941176 0.81176471 0.48627451
v 0.36067553 -0.05471056 0.48444164 0.32941176 0.81176471 0.48627451
v 0.35191108 -0.15996693 0.37503857 0.32941176 0.81176471 0.48627451
v 0.18931404 -0.31605907 0.46842985 0.32941176 0.81176471 0.48627451
v 0.29486353 -0.25082590 0.37174803 0.32941176 0.81176471 0.48627451
v 0.21522272 -0.32669936 0.34615301 0.32941176 0.81176471 0.48627451
v 0.26997076 -0.29286321 0.29600459 0.32941176 0.81176471 0.48627451
v 0.35035418 -0.21653079 -0.15643447 0.32941176 0.81176471 0.48627451
v 0.35035418 -0.21653079 0.15643447 0.32941176 0.81176471 0.48627451
v 0.32534522 -0.25863991 -0.08114185 0.32941176 0.81176471 0.48627451
v 0.32534522 -0.25863991 0.08114185 0.32941176 0.81176471 0.48627451
v 0.05471056 -0.20201216 0.86492934 0.32941176 0.81176471 0.48627451
v 0.15996693 -0.15639108 0.84391147 0.32941176 0.81176471 0.48627451
v 0.08883053 -0.23821194 0.79264923 0.32941176 0.81176471 0.48627451
v 0.05490029 -0.14938141 0.92430460 0.32941176 0.81176471 0.48627451
v 0.32686255 -0.03381298 0.61564202 0.32941176 0.81176471 0.48627451
v 0.25304609 -0.09886500 0.75865230 0.32941176 0.81176471 0.48627451
v 0.33053473 -0.08883053 0.57125166 0.32941176 0.81176471 0.48627451
v 0.15501893 -0.29486353 0.60150096 0.32941176 0.81176471 0.48627451
v 0.19533525 -0.18931404 0.75793542 0.32941176 0.81176471 0.48627451
v 0.12343392 -0.26997076 0.70230985 0.32941176 0.81176471 0.48627451
v 0.21407756 -0.26962294 0.56425421 0.32941176 0.81176471 0.48627451
v 0.14434581 -0.21522272 0.78345170 0.32941176 0.81176471 0.48627451
v 0.05549065 -0.03429511 0.98768834 0.32941176 0.81176471 0.48627451
v 0.16104014 -0.09952828 0.89100652 0.32941176 0.81176471 0.48627451
v 0.05537446 -0.09178880 0.96639260 0.32941176 0.81176471 0.48627451
v 0.11012251 -0.12562495 0.91624418 0.32941176 0.81176471 0.48627451
v 0.31605907 -0.19533525 0.45399050 0.32941176 0.81176471 0.48627451
v 0.25082590 -0.15501893 0.70710678 0.32941176 0.81176471 0.48627451
v 0.32669936 -0.14434581 0.51612162 0.32941176 0.81176471 0.48627451
v 0.26962294 -0.23529401 0.51337544 0.32941176 0.81176471 0.48627451
v 0.29286321 -0.12343392 0.64741189 0.32941176 0.81176471 0.48627451
v 0.23529401 -0.21407756 0.64657779 0.32941176 0.81176471 0.48627451
v 0.05471056 0.20201216 0.86492934 0.32941176 0.81176471 0.48627451
v 0.15996693 0.15639108 0.84391147 0.32941176 0.81176471 0.48627451
v 0.08883053 0.23821194 0.79264923 0.32941176 0.81176471 0.48627451
v 0.05490029 0.14938141 0.92430460 0.32941176 0.81176471 0.48627451
v 0.32686255 0.03381298 0.61564202 0.32941176 0.81176471 0.48627451
v 0.25304609 0.09886500 0.75865230 0.32941176 0.81176471 0.48627451
v 0.33053473 0.08883053 0.57125166 0.32941176 0.81176471 0.48627451
v 0.29660448 0.00000000 0.70290703 0.32941176 0.81176471 0.48627451
v 0.15501893 0.29486353 0.60150096 0.32941176 0.81176471 0.48627451
v 0.19533525 0.18931404 0.75793542 0.32941176 0.81176471 0.48627451
v 0.12343392 0.26997076 0.70230985 0.32941176 0.81176471 0.48627451
v 0.21407756 0.26962294 0.56425421 0.32941176 0.81176471 0.48627451
v 0.14434581 0.21522272 0.78345170 0.32941176 0.81176471 0.48627451
v 0.05549065 0.03429511 0.98768834 0.32941176 0.81176471 0.48627451
v 0.16104014 0.09952828 0.89100652 0.32941176 0.81176471 0.48627451
v 0.05537446 0.09178880 0.96639260 0.32941176 0.81176471 0.48627451
v 0.11109076 0.00000000 0.96386126 0.32941176 0.81176471 0.48627451
v 0.11012251 0.12562495 0.91624418 0.32941176 0.81176471 0.48627451
v 0.31605907 0.19533525 0.45399050 0.32941176 0.81176471 0.48627451
v 0.25082590 0.15501893 0.70710678 0.32941176 0.81176471 0.48627451
v 0.32669936 0.14434581 0.51612162 0.32941176 0.81176471 0.48627451
v 0.26962294 0.23529401 0.51337544 0.32941176 0.81176471 0.48627451
v 0.29286321 0.12343392 0.64741189 0.32941176 0.81176471 0.48627451
v 0.23529401 0.21407756 0.64657779 0.32941176 0.81176471 0.48627451
v 0.21653079 -0.06523317 0.84017789 0.32941176 0.81176471 0.48627451
v 0.21653079 0.06523317 0.84017789 0.32941176 0.81176471 0.48627451
v 0.25863991 -0.03383615 0.78020437 0.32941176 0.81176471 0.48627451
v 0.16663614 -0.03432893 0.91298249 0.32941176 0.81176471 0.48627451
v 0.25863991 0.03383615 0.78020437 0.32941176 0.81176471 0.48627451
v 0.16663614 0.03432893 0.91298249 0.32941176 0.81176471 0.48627451
v 0.38157311 0.00000000 -0.40335535 0.32941176 0.81176471 0.48627451
v 0.41301301 0.00000000 -0.13795224 0.32941176 0.81176471 0.48627451
v 0.38543502 0.05490029 -0.35822879 0.32941176 0.81176471 0.48627451
v 0.38543502 -0.05490029 -0.35822879 0.32941176 0.81176471 0.48627451
v 0.38157311 0.00000000 0.40335535 0.32941176 0.81176471 0.48627451
v 0.41301301 0.00000000 0.13795224 0.32941176 0.81176471 0.48627451
v 0.38543502 0.05490029 0.35822879 0.32941176 0.81176471 0.48627451
v 0.38543502 -0.05490029 0.35822879 0.32941176 0.81176471 0.48627451
v 0.37154972 0.16104014 -0.23867693 0.32941176 0.81176471 0.48627451
v 0.41186604 0.05549065 -0.08224247 0.32941176 0.81176471 0.48627451
v 0.38207382 0.11012251 -0.30125888 0.32941176 0.81176471 0.48627451
v 0.38071370 0.16663614 -0.08232358 0.32941176 0.81176471 0.48627451
v 0.40298571 0.05537446 -0.22011703 0.32941176 0.81176471 0.48627451
v 0.37154972 -0.16104014 -0.23867693 0.32941176 0.81176471 0.48627451
v 0.41186604 -0.05549065 -0.08224247 0.32941176 0.81176471 0.48627451
v 0.38207382 -0.11012251 -0.30125888 0.32941176 0.81176471 0.48627451
v 0.38071370 -0.16663614 -0.08232358 0.32941176 0.81176471 0.48627451
v 0.40298571 -0.05537446 -0.22011703 0.32941176 0.81176471 0.48627451
v 0.37154972 0.16104014 0.23867693 0.32941176 0.81176471 0.48627451
v 0.41186604 0.05549065 0.08224247 0.32941176 0.81176471 0.48627451
v 0.38207382 0.11012251 0.30125888 0.32941176 0.81176471 0.48627451
v 0.38071370 0.16663614 0.08232358 0.32941176 0.81176471 0.48627451
v 0.40298571 0.05537446 0.22011703 0.32941176 0.81176471 0.48627451
v 0.40193015 0.11109076 0.00000000 0.32941176 0.81176471 0.48627451
v 0.37154972 -0.16104014 0.23867693 0.32941176 0.81176471 0.48627451
v 0.41186604 -0.05549065 0.08224247 0.32941176 0.81176471 0.48627451
v 0.38207382 -0.11012251 0.30125888 0.32941176 0.81176471 0.48627451
v 0.38071370 -0.16663614 0.08232358 0.32941176 0.81176471 0.48627451
v 0.40298571 -0.05537446 0.22011703 0.32941176 0.81176471 0.48627451
v 0.40193015 -0.11109076 0.00000000 0.32941176 0.81176471 0.48627451
v -0.25672272 0.32686255 -0.08108629 0.32941176 0.81176471 0.48627451
v -0.31635801 0.25304609 -0.23708633 0.32941176 0.81176471 0.48627451
v -0.23821194 0.33053473 -0.21302287 0.32941176 0.81176471 0.48627451
v -0.36067553 0.05471056 -0.48444164 0.32941176 0.81176471 0.48627451
v -0.35191108 0.15996693 -0.37503857 0.32941176 0.81176471 0.48627451
v -0.18931404 0.31605907 -0.46842985 0.32941176 0.81176471 0.48627451
v -0.29486353 0.25082590 -0.37174803 0.32941176 0.81176471 0.48627451
v -0.21522272 0.32669936 -0.34615301 0.32941176 0.81176471 0.48627451
v -0.26997076 0.29286321 -0.29600459 0.32941176 0.81176471 0.48627451
v -0.25672272 -0.32686255 -0.08108629 0.32941176 0.81176471 0.48627451
v -0.31635801 -0.25304609 -0.23708633 0.32941176 0.81176471 0.48627451
v -0.23821194 -0.33053473 -0.21302287 0.32941176 0.81176471 0.48627451
v -0.36067553 -0.05471056 -0.48444164 0.32941176 0.81176471 0.48627451
v -0.35191108 -0.15996693 -0.37503857 0.32941176 0.81176471 0.48627451
v -0.18931404 -0.31605907 -0.46842985 0.32941176 0.81176471 0.48627451
v -0.29486353 -0.25082590 -0.37174803 0.32941176 0.81176471 0.48627451
v -0.21522272 -0.32669936 -0.34615301 0.32941176 0.81176471 0.48627451
v -0.26997076 -0.29286321 -0.29600459 0.32941176 0.81176471 0.48627451
v -0.05471056 -0.20201216 -0.86492934 0.32941176 0.81176471 0.48627451
v -0.15996693 -0.15639108 -0.84391147 0.32941176 0.81176471 0.48627451
v -0.08883053 -0.23821194 -0.79264923 0.32941176 0.81176471 0.48627451
v -0.05490029 -0.14938141 -0.92430460 0.32941176 0.81176471 0.48627451
v -0.32686255 -0.03381298 -0.61564202 0.32941176 0.81176471 0.48627451
v -0.25304609 -0.09886500 -0.75865230 0.32941176 0.81176471 0.48627451
v -0.33053473 -0.08883053 -0.57125166 0.32941176 0.81176471 0.48627451
v -0.15501893 -0.29486353 -0.60150096 0.32941176 0.81176471 0.48627451
v -0.19533525 -0.18931404 -0.75793542 0.32941176 0.81176471 0.48627451
v -0.12343392 -0.26997076 -0.70230985 0.32941176 0.81176471 0.48627451
v -0.21407756 -0.26962294 -0.56425421 0.32941176 0.81176471 0.48627451
v -0.14434581 -0.21522272 -0.78345170 0.32941176 0.81176471 0.48627451
v -0.05549065 -0.03429511 -0.98768834 0.32941176 0.81176471 0.48627451
v -0.16104014 -0.09952828 -0.89100652 0.32941176 0.81176471 0.48627451
v -0.05537446 -0.09178880 -0.96639260 0.32941176 0.81176471 0.48627451
v -0.11012251 -0.12562495 -0.91624418 0.32941176 0.81176471 0.48627451
v -0.31605907 -0.19533525 -0.45399050 0.32941176 0.81176471 0.48627451
v -0.25082590 -0.15501893 -0.70710678 0.32941176 0.81176471 0.48627451
v -0.32669936 -0.14434581 -0.51612162 0.32941176 0.81176471 0.48627451
v -0.26962294 -0.23529401 -0.51337544 0.32941176 0.81176471 0.48627451
v -0.29286321 -0.12343392 -0.64741189 0.32941176 0.81176471 0.48627451
v -0.23529401 -0.21407756 -0.64657779 0.32941176 0.81176471 0.48627451
v -0.05471056 0.20201216 -0.86492934 0.32941176 0.81176471 0.48627451
v -0.15996693 0.15639108 -0.84391147 0.32941176 0.81176471 0.48627451
v -0.08883053 0.23821194 -0.79264923 0.32941176 0.81176471 0.48627451
v -0.05490029 0.14938141 -0.92430460 0.32941176 0.81176471 0.48627451
v -0.32686255 0.03381298 -0.61564202 0.32941176 0.81176471 0.48627451
v -0.25304609 0.09886500 -0.75865230 0.32941176 0.81176471 0.48627451
v -0.33053473 0.08883053 -0.57125166 0.32941176 0.81176471 0.48627451
v -0.29660448 0.00000000 -0.70290703 0.32941176 0.81176471 0.48627451
v -0.15501893 0.29486353 -0.60150096 0.32941176 0.81176471 0.48627451
v -0.19533525 0.18931404 -0.75793542 0.32941176 0.81176471 0.48627451
v -0.12343392 0.26997076 -0.70230985 0.32941176 0.81176471 0.48627451
v -0.21407756 0.26962294 -0.56425421 0.32941176 0.81176471 0.48627451
v -0.14434581 0.21522272 -0.78345170 0.32941176 0.81176471 0.48627451
v -0.05549065 0.03429511 -0.98768834 0.32941176 0.81176471 0.48627451
v -0.16104014 0.09952828 -0.89100652 0.32941176 0.81176471 0.48627451
v -0.05537446 0.09178880 -0.96639260 0.32941176 0.81176471 0.48627451
v -0.11109076 0.00000000 -0.96386126 0.32941176 0.81176471 0.48627451
v -0.11012251 0.12562495 -0.91624418 0.32941176 0.81176471 0.48627451
v -0.31605907 0.19533525 -0.45399050 0.32941176 0.81176471 0.48627451
v -0.25082590 0.15501893 -0.70710678 0.32941176 0.81176471 0.48627451
v -0.32669936 0.14434581 -0.51612162 0.32941176 0.81176471 0.48627451
v -0.26962294 0.23529401 -0.51337544 0.32941176 0.81176471 0.48627451
v -0.29286321 0.12343392 -0.64741189 0.32941176 0.81176471 0.48627451
v -0.23529401 0.21407756 -0.64657779 0.32941176 0.81176471 0.48627451
v -0.21653079 -0.06523317 -0.84017789 0.32941176 0.81176471 0.48627451
v -0.21653079 0.06523317 -0.84017789 0.32941176 0.81176471 0.48627451
v -0.25863991 -0.03383615 -0.78020437 0.32941176 0.81176471 0.48627451
v -0.16663614 -0.03432893 -0.91298249 0.32941176 0.81176471 0.48627451
v -0.25863991 0.03383615 -0.78020437 0.32941176 0.81176471 0.48627451
v -0.16663614 0.03432893 -0.91298249 0.32941176 0.81176471 0.48627451
v -0.25672272 0.32686255 0.08108629 0.32941176 0.81176471 0.48627451
v -0.31635801 0.25304609 0.23708633 0.32941176 0.81176471 0.48627451
v -0.23821194 0.33053473 0.21302287 0.32941176 0.81176471 0.48627451
v -0.29311223 0.29660448 0.00000000 0.32941176 0.81176471 0.48627451
v -0.36067553 0.05471056 0.48444164 0.32941176 0.81176471 0.48627451
v -0.35191108 0.15996693 0.37503857 0.32941176 0.81176471 0.48627451
v -0.18931404 0.31605907 0.46842985 0.32941176 0.81176471 0.48627451
v -0.29486353 0.25082590 0.37174803 0.32941176 0.81176471 0.48627451
v -0.21522272 0.32669936 0.34615301 0.32941176 0.81176471 0.48627451
v -0.26997076 0.29286321 0.29600459 0.32941176 0.81176471 0.48627451
v -0.35035418 0.21653079 -0.15643447 0.32941176 0.81176471 0.48627451
v -0.35035418 0.21653079 0.15643447 0.32941176 0.81176471 0.48627451
v -0.32534522 0.25863991 -0.08114185 0.32941176 0.81176471 0.48627451
v -0.32534522 0.25863991 0.08114185 0.32941176 0.81176471 0.48627451
v -0.25672272 -0.32686255 0.08108629 0.32941176 0.81176471 0.48627451
v -0.31635801 -0.25304609 0.23708633 0.32941176 0.81176471 0.48627451
v -0.23821194 -0.33053473 0.21302287 0.32941176 0.81176471 0.48627451
v -0.29311223 -0.29660448 0.00000000 0.32941176 0.81176471 0.48627451
v -0.36067553 -0.05471056 0.48444164 0.32941176 0.81176471 0.48627451
v -0.35191108 -0.15996693 0.37503857 0.32941176 0.81176471 0.48627451
v -0.18931404 -0.31605907 0.46842985 0.32941176 0.81176471 0.48627451
v -0.29486353 -0.25082590 0.37174803 0.32941176 0.81176471 0.48627451
v -0.21522272 -0.32669936 0.34615301 0.32941176 0.81176471 0.48627451
v -0.26997076 -0.29286321 0.29600459 0.32941176 0.81176471 0.48627451
v -0.35035418 -0.21653079 -0.15643447 0.32941176 0.81176471 0.48627451
v -0.35035418 -0.21653079 0.15643447 0.32941176 0.81176471 0.48627451
v -0.32534522 -0.25863991 -0.08114185 0.32941176 0.81176471 0.48627451
v -0.32534522 -0.25863991 0.08114185 0.32941176 0.81176471 0.48627451
v -0.05471056 -0.20201216 0.86492934 0.32941176 0.81176471 0.48627451
v -0.15996693 -0.15639108 0.84391147 0.32941176 0.81176471 0.48627451
v -0.08883053 -0.23821194 0.79264923 0.32941176 0.81176471 0.48627451
v -0.05490029 -0.14938141 0.92430460 0.32941176 0.81176471 0.48627451
v -0.32686255 -0.03381298 0.61564202 0.32941176 0.81176471 0.48627451
v -0.25304609 -0.09886500 0.75865230 0.32941176 0.81176471 0.48627451
v -0.33053473 -0.08883053 0.57125166 0.32941176 0.81176471 0.48627451
v -0.15501893 -0.29486353 0.60150096 0.32941176 0.81176471 0.48627451
v -0.19533525 -0.18931404 0.75793542 0.32941176 0.81176471 0.48627451
v -0.12343392 -0.26997076 0.70230985 0.32941176 0.81176471 0.48627451
v -0.21407756 -0.26962294 0.56425421 0.32941176 0.81176471 0.48627451
v -0.14434581 -0.21522272 0.78345170 0.32941176 0.81176471 0.48627451
v -0.05549065 -0.03429511 0.98768834 0.32941176 0.81176471 0.48627451
v -0.16104014 -0.09952828 0.89100652 0.32941176 0.81176471 0.48627451
v -0.05537446 -0.09178880 0.96639260 0.32941176 0.81176471 0.48627451
v -0.11012251 -0.12562495 0.91624418 0.32941176 0.81176471 0.48627451
v -0.31605907 -0.19533525 0.45399050 0.32941176 0.81176471 0.48627451
v -0.25082590 -0.15501893 0.70710678 0.32941176 0.81176471 0.48627451
v -0.32669936 -0.14434581 0.51612162 0.32941176 0.81176471 0.48627451
v -0.26962294 -0.23529401 0.51337544 0.32941176 0.81176471 0.48627451
v -0.29286321 -0.12343392 0.64741189 0.32941176 0.81176471 0.48627451
v -0.23529401 -0.21407756 0.64657779 0.32941176 0.81176471 0.48627451
v -0.05471056 0.20201216 0.86492934 0.32941176 0.81176471 0.48627451
v -0.15996693 0.15639108 0.84391147 0.32941176 0.81176471 0.48627451
v -0.08883053 0.23821194 0.79264923 0.32941176 0.81176471 0.48627451
v -0.05490029 0.14938141 0.92430460 0.32941176 0.81176471 0.48627451
v -0.32686255 0.03381298 0.61564202 0.32941176 0.81176471 0.48627451
v -0.25304609 0.09886500 0.75865230 0.32941176 0.81176471 0.48627451
v -0.33053473 0.08883053 0.57125166 0.32941176 0.81176471 0.48627451
v -0.29660448 0.00000000 0.70290703 0.32941176 0.81176471 0.48627451
v -0.15501893 0.29486353 0.60150096 0.32941176 0.81176471 0.48627451
v -0.19533525 0.18931404 0.75793542 0.32941176 0.81176471 0.48627451
v -0.12343392 0.26997076 0.70230985 0.32941176 0.81176471 0.48627451
v -0.21407756 0.26962294 0.56425421 0.32941176 0.81176471 0.48627451
v -0.14434581 0.21522272 0.78345170 0.32941176 0.81176471 0.48627451
v -0.05549065 0.03429511 0.98768834 0.32941176 0.81176471 0.48627451
v -0.16104014 0.09952828 0.89100652 0.32941176 0.81176471 0.48627451
v -0.05537446 0.09178880 0.96639260 0.32941176 0.81176471 0.48627451
v -0.11109076 0.00000000 0.96386126 0.32941176 0.81176471 0.48627451
v -0.11012251 0.12562495 0.91624418 0.32941176 0.81176471 0.48627451
v -0.31605907 0.19533525 0.45399050 0.32941176 0.81176471 0.48627451
v -0.25082590 0.15501893 0.70710678 0.32941176 0.81176471 0.48627451
v -0.32669936 0.14434581 0.51612162 0.32941176 0.81176471 0.48627451
v -0.26962294 0.23529401 0.51337544 0.32941176 0.81176471 0.48627451
v -0.29286321 0.12343392 0.64741189 0.32941176 0.81176471 0.48627451
v -0.23529401 0.21407756 0.64657779 0.32941176 0.81176471 0.48627451
v -0.21653079 -0.06523317 0.84017789 0.32941176 0.81176471 0.48627451
v -0.21653079 0.06523317 0.84017789 0.32941176 0.81176471 0.48627451
v -0.25863991 -0.03383615 0.78020437 0.32941176 0.81176471 0.48627451
v -0.16663614 -0.03432893 0.91298249 0.32941176 0.81176471 0.48627451
v -0.25863991 0.03383615 0.78020437 0.32941176 0.81176471 0.48627451
v -0.16663614 0.03432893 0.91298249 0.32941176 0.81176471 0.48627451
v -0.38157311 0.00000000 -0.40335535 0.32941176 0.81176471 0.48627451
v -0.41301301 0.00000000 -0.13795224 0.32941176 0.81176471 0.48627451
v -0.38543502 0.05490029 -0.35822879 0.32941176 0.81176471 0.48627451
v -0.38543502 -0.05490029 -0.35822879 0.32941176 0.81176471 0.48627451
v -0.38157311 0.00000000 0.40335535 0.32941176 0.81176471 0.48627451
v -0.41301301 0.00000000 0.13795224 0.32941176 0.81176471 0.48627451
v -0.38543502 0.05490029 0.35822879 0.32941176 0.81176471 0.48627451
v -0.38543502 -0.05490029 0.35822879 0.32941176 0.81176471 0.48627451
v -0.37154972 0.16104014 -0.23867693 0.32941176 0.81176471 0.48627451
v -0.41186604 0.05549065 -0.08224247 0.32941176 0.81176471 0.48627451
v -0.38207382 0.11012251 -0.30125888 0.32941176 0.81176471 0.48627451
v -0.38071370 0.16663614 -0.08232358 0.32941176 0.81176471 0.48627451
v -0.40298571 0.05537446 -0.22011703 0.32941176 0.81176471 0.48627451
v -0.37154972 -0.16104014 -0.23867693 0.32941176 0.81176471 0.48627451
v -0.41186604 -0.05549065 -0.08224247 0.32941176 0.81176471 0.48627451
v -0.38207382 -0.11012251 -0.30125888 0.32941176 0.81176471 0.48627451
v -0.38071370 -0.16663614 -0.08232358 0.32941176 0.81176471 0.48627451
v -0.40298571 -0.05537446 -0.22011703 0.32941176 0.81176471 0.48627451
v -0.37154972 0.16104014 0.23867693 0.32941176 0.81176471 0.48627451
v -0.41186604 0.05549065 0.08224247 0.32941176 0.81176471 0.48627451
v -0.38207382 0.11012251 0.30125888 0.32941176 0.81176471 0.48627451
v -0.38071370 0.16663614 0.08232358 0.32941176 0.81176471 0.48627451
v -0.40298571 0.05537446 0.22011703 0.32941176 0.81176471 0.48627451
v -0.40193015 0.11109076 0.00000000 0.32941176 0.81176471 0.48627451
v -0.37154972 -0.16104014 0.23867693 0.32941176 0.81176471 0.48627451
v -0.41186604 -0.05549065 0.08224247 0.32941176 0.81176471 0.48627451
v -0.38207382 -0.11012251 0.30125888 0.32941176 0.81176471 0.48627451
v -0.38071370 -0.16663614 0.08232358 0.32941176 0.81176471 0.48627451
v -0.40298571 -0.05537446 0.22011703 0.32941176 0.81176471 0.48627451
v -0.40193015 -0.11109076 0.00000000 0.32941176 0.81176471 0.48627451
f 1 533 197
f 533 138 535
f 197 535 54
f 533 535 197
f 138 534 542
f 534 38 540
f 542 540 140
f 534 540 542
f 54 541 198
f 541 140 539
f 198 539 17
f 541 539 198
f 138 542 535
f 542 140 541
f 535 541 54
f 542 541 535
f 38 538 601
f 538 139 603
f 601 603 155
f 538 603 601
f 139 537 589
f 537 12 587
f 589 587 152
f 537 587 589
f 155 605 602
f 605 152 588
f 602 588 41
f 605 588 602
f 139 589 603
f 589 152 605
f 603 605 155
f 589 605 603
f 17 591 201
f 591 153 593
f 201 593 55
f 591 593 201
f 153 592 595
f 592 41 584
f 595 584 151
f 592 584 595
f 55 585 200
f 585 151 583
f 200 583 6
f 585 583 200
f 153 595 593
f 595 151 585
f 593 585 55
f 595 585 593
f 38 601 540
f 601 155 604
f 540 604 140
f 601 604 540
f 155 602 606
f 602 41 592
f 606 592 153
f 602 592 606
f 140 594 539
f 594 153 591
f 539 591 17
f 594 591 539
f 155 606 604
f 606 153 594
f 604 594 140
f 606 594 604
f 1 197 163
f 197 54 199
f 163 199 43
f 197 199 163
f 54 198 205
f 198 17 203
f 205 203 56
f 198 203 205
f 43 204 164
f 204 56 202
f 164 202 13
f 204 202 164
f 54 205 199
f 205 56 204
f 199 204 43
f 205 204 199
f 17 201 217
f 201 55 219
f 217 219 60
f 201 219 217
f 55 200 211
f 200 6 209
f 211 209 58
f 200 209 211
f 60 221 218
f 221 58 210
f 218 210 18
f 221 210 218
f 55 211 219
f 211 58 221
f 219 221 60
f 211 221 219
f 13 212 166
f 212 59 214
f 166 214 44
f 212 214 166
f 59 213 216
f 213 18 207
f 216 207 57
f 213 207 216
f 44 208 165
f 208 57 206
f 165 206 2
f 208 206 165
f 59 216 214
f 216 57 208
f 214 208 44
f 216 208 214
f 17 217 203
f 217 60 220
f 203 220 56
f 217 220 203
f 60 218 222
f 218 18 213
f 222 213 59
f 218 213 222
f 56 215 202
f 215 59 212
f 202 212 13
f 215 212 202
f 60 222 220
f 222 59 215
f 220 215 56
f 222 215 220
f 1 163 253
f 163 43 255
f 253 255 70
f 163 255 253
f 43 164 260
f 164 13 258
f 260 258 72
f 164 258 260
f 70 261 254
f 261 72 259
f 254 259 22
f 261 259 254
f 43 260 255
f 260 72 261
f 255 261 70
f 260 261 255
f 13 166 268
f 166 44 270
f 268 270 75
f 166 270 268
f 44 165 264
f 165 2 262
f 264 262 73
f 165 262 264
f 75 272 269
f 272 73 263
f 269 263 23
f 272 263 269
f 44 264 270
f 264 73 272
f 270 272 75
f 264 272 270
f 22 273 257
f 273 76 275
f 257 275 71
f 273 275 257
f 76 274 277
f 274 23 266
f 277 266 74
f 274 266 277
f 71 267 256
f 267 74 265
f 256 265 8
f 267 265 256
f 76 277 275
f 277 74 267
f 275 267 71
f 277 267 275
f 13 268 258
f 268 75 271
f 258 271 72
f 268 271 258
f 75 269 278
f 269 23 274
f 278 274 76
f 269 274 278
f 72 276 259
f 276 76 273
f 259 273 22
f 276 273 259
f 75 278 271
f 278 76 276
f 271 276 72
f 278 276 271
f 1 253 463
f 253 70 465
f 463 465 121
f 253 465 463
f 70 254 470
f 254 22 468
f 470 468 123
f 254 468 470
f 121 471 464
f 471 123 469
f 464 469 34
f 471 469 464
f 70 470 465
f 470 123 471
f 465 471 121
f 470 471 465
f 22 257 511
f 257 71 513
f 511 513 134
f 257 513 511
f 71 256 505
f 256 8 503
f 505 503 132
f 256 503 505
f 134 515 512
f 515 132 504
f 512 504 37
f 515 504 512
f 71 505 513
f 505 132 515
f 513 515 134
f 505 515 513
f 34 521 467
f 521 136 523
f 467 523 122
f 521 523 467
f 136 522 525
f 522 37 508
f 525 508 133
f 522 508 525
f 122 509 466
f 509 133 507
f 466 507 11
f 509 507 466
f 136 525 523
f 525 133 509
f 523 509 122
f 525 509 523
f 22 511 468
f 511 134 514
f 468 514 123
f 511 514 468
f 134 512 526
f 512 37 522
f 526 522 136
f 512 522 526
f 123 524 469
f 524 136 521
f 469 521 34
f 524 521 469
f 134 526 514
f 526 136 524
f 514 524 123
f 526 524 514
f 1 463 533
f 463 121 536
f 533 536 138
f 463 536 533
f 121 464 545
f 464 34 543
f 545 543 141
f 464 543 545
f 138 546 534
f 546 141 544
f 534 544 38
f 546 544 534
f 121 545 536
f 545 141 546
f 536 546 138
f 545 546 536
f 34 467 621
f 467 122 623
f 621 623 159
f 467 623 621
f 122 466 615
f 466 11 613
f 615 613 157
f 466 613 615
f 159 625 622
f 625 157 614
f 622 614 42
f 625 614 622
f 122 615 623
f 615 157 625
f 623 625 159
f 615 625 623
f 38 631 538
f 631 161 633
f 538 633 139
f 631 633 538
f 161 632 635
f 632 42 618
f 635 618 158
f 632 618 635
f 139 619 537
f 619 158 617
f 537 617 12
f 619 617 537
f 161 635 633
f 635 158 619
f 633 619 139
f 635 619 633
f 34 621 543
f 621 159 624
f 543 624 141
f 621 624 543
f 159 622 636
f 622 42 632
f 636 632 161
f 622 632 636
f 141 634 544
f 634 161 631
f 544 631 38
f 634 631 544
f 159 636 624
f 636 161 634
f 624 634 141
f 636 634 624
f 2 206 353
f 206 57 355
f 353 355 96
f 206 355 353
f 57 207 361
f 207 18 359
f 361 359 98
f 207 359 361
f 96 362 354
f 362 98 360
f 354 360 29
f 362 360 354
f 57 361 355
f 361 98 362
f 355 362 96
f 361 362 355
f 18 210 411
f 210 58 413
f 411 413 111
f 210 413 411
f 58 209 405
f 209 6 403
f 405 403 109
f 209 403 405
f 111 415 412
f 415 109 404
f 412 404 32
f 415 404 412
f 58 405 413
f 405 109 415
f 413 415 111
f 405 415 413
f 29 421 358
f 421 113 423
f 358 423 97
f 421 423 358
f 113 422 425
f 422 32 408
f 425 408 110
f 422 408 425
f 97 409 357
f 409 110 407
f 357 407 10
f 409 407 357
f 113 425 423
f 425 110 409
f 423 409 97
f 425 409 423
f 18 411 359
f 411 111 414
f 359 414 98
f 411 414 359
f 111 412 426
f 412 32 422
f 426 422 113
f 412 422 426
f 98 424 360
f 424 113 421
f 360 421 29
f 424 421 360
f 111 426 414
f 426 113 424
f 414 424 98
f 426 424 414
f 6 583 225
f 583 151 586
f 225 586 62
f 583 586 225
f 151 584 600
f 584 41 597
f 600 597 154
f 584 597 600
f 62 598 226
f 598 154 596
f 226 596 19
f 598 596 226
f 151 600 586
f 600 154 598
f 586 598 62
f 600 598 586
f 41 588 608
f 588 152 611
f 608 611 156
f 588 611 608
f 152 587 590
f 587 12 565
f 590 565 147
f 587 565 590
f 156 609 607
f 609 147 566
f 607 566 40
f 609 566 607
f 152 590 611
f 590 147 609
f 611 609 156
f 590 609 611
f 19 573 224
f 573 149 575
f 224 575 61
f 573 575 224
f 149 574 576
f 574 40 562
f 576 562 146
f 574 562 576
f 61 564 223
f 564 146 561
f 223 561 5
f 564 561 223
f 149 576 575
f 576 146 564
f 575 564 61
f 576 564 575
f 41 608 597
f 608 156 612
f 597 612 154
f 608 612 597
f 156 607 610
f 607 40 574
f 610 574 149
f 607 574 610
f 154 599 596
f 599 149 573
f 596 573 19
f 599 573 596
f 156 610 612
f 610 149 599
f 612 599 154
f 610 599 612
f 12 617 551
f 617 158 620
f 551 620 143
f 617 620 551
f 158 618 641
f 618 42 638
f 641 638 162
f 618 638 641
f 143 639 552
f 639 162 637
f 552 637 39
f 639 637 552
f 158 641 620
f 641 162 639
f 620 639 143
f 641 639 620
f 42 614 627
f 614 157 630
f 627 630 160
f 614 630 627
f 157 613 616
f 613 11 475
f 616 475 125
f 613 475 616
f 160 628 626
f 628 125 476
f 626 476 35
f 628 476 626
f 157 616 630
f 616 125 628
f 630 628 160
f 616 628 630
f 39 558 548
f 558 145 560
f 548 560 142
f 558 560 548
f 145 557 559
f 557 35 473
f 559 473 124
f 557 473 559
f 142 550 547
f 550 124 472
f 547 472 3
f 550 472 547
f 145 559 560
f 559 124 550
f 560 550 142
f 559 550 560
f 42 627 638
f 627 160 642
f 638 642 162
f 627 642 638
f 160 626 629
f 626 35 557
f 629 557 145
f 626 557 629
f 162 640 637
f 640 145 558
f 637 558 39
f 640 558 637
f 160 629 642
f 629 145 640
f 642 640 162
f 629 640 642
f 11 507 485
f 507 133 510
f 485 510 128
f 507 510 485
f 133 508 531
f 508 37 528
f 531 528 137
f 508 528 531
f 128 529 486
f 529 137 527
f 486 527 36
f 529 527 486
f 133 531 510
f 531 137 529
f 510 529 128
f 531 529 510
f 37 504 517
f 504 132 520
f 517 520 135
f 504 520 517
f 132 503 506
f 503 8 281
f 506 281 78
f 503 281 506
f 135 518 516
f 518 78 282
f 516 282 24
f 518 282 516
f 132 506 520
f 506 78 518
f 520 518 135
f 506 518 520
f 36 494 482
f 494 130 496
f 482 496 127
f 494 496 482
f 130 493 495
f 493 24 280
f 495 280 77
f 493 280 495
f 127 484 481
f 484 77 279
f 481 279 7
f 484 279 481
f 130 495 496
f 495 77 484
f 496 484 127
f 495 484 496
f 37 517 528
f 517 135 532
f 528 532 137
f 517 532 528
f 135 516 519
f 516 24 493
f 519 493 130
f 516 493 519
f 137 530 527
f 530 130 494
f 527 494 36
f 530 494 527
f 135 519 532
f 519 130 530
f 532 530 137
f 519 530 532
f 8 265 323
f 265 74 325
f 323 325 90
f 265 325 323
f 74 266 333
f 266 23 331
f 333 331 92
f 266 331 333
f 90 335 324
f 335 92 332
f 324 332 28
f 335 332 324
f 74 333 325
f 333 92 335
f 325 335 90
f 333 335 325
f 23 263 288
f 263 73 290
f 288 290 81
f 263 290 288
f 73 262 285
f 262 2 283
f 285 283 79
f 262 283 285
f 81 291 289
f 291 79 284
f 289 284 25
f 291 284 289
f 73 285 290
f 285 79 291
f 290 291 81
f 285 291 290
f 28 342 328
f 342 94 345
f 328 345 91
f 342 345 328
f 94 341 343
f 341 25 287
f 343 287 80
f 341 287 343
f 91 329 327
f 329 80 286
f 327 286 9
f 329 286 327
f 94 343 345
f 343 80 329
f 345 329 91
f 343 329 345
f 23 288 331
f 288 81 334
f 331 334 92
f 288 334 331
f 81 289 344
f 289 25 341
f 344 341 94
f 289 341 344
f 92 346 332
f 346 94 342
f 332 342 28
f 346 342 332
f 81 344 334
f 344 94 346
f 334 346 92
f 344 346 334
f 4 367 180
f 367 100 369
f 180 369 50
f 367 369 180
f 100 368 376
f 368 30 374
f 376 374 102
f 368 374 376
f 50 375 181
f 375 102 373
f 181 373 16
f 375 373 181
f 100 376 369
f 376 102 375
f 369 375 50
f 376 375 369
f 30 372 397
f 372 101 399
f 397 399 108
f 372 399 397
f 101 371 387
f 371 10 385
f 387 385 105
f 371 385 387
f 108 401 398
f 401 105 386
f 398 386 31
f 401 386 398
f 101 387 399
f 387 105 401
f 399 401 108
f 387 401 399
f 16 388 184
f 388 106 390
f 184 390 51
f 388 390 184
f 106 389 392
f 389 31 382
f 392 382 104
f 389 382 392
f 51 383 183
f 383 104 381
f 183 381 5
f 383 381 183
f 106 392 390
f 392 104 383
f 390 383 51
f 392 383 390
f 30 397 374
f 397 108 400
f 374 400 102
f 397 400 374
f 108 398 402
f 398 31 389
f 402 389 106
f 398 389 402
f 102 391 373
f 391 106 388
f 373 388 16
f 391 388 373
f 108 402 400
f 402 106 391
f 400 391 102
f 402 391 400
f 4 180 169
f 180 50 182
f 169 182 46
f 180 182 169
f 50 181 190
f 181 16 187
f 190 187 52
f 181 187 190
f 46 188 170
f 188 52 186
f 170 186 14
f 188 186 170
f 50 190 182
f 190 52 188
f 182 188 46
f 190 188 182
f 16 184 192
f 184 51 195
f 192 195 53
f 184 195 192
f 51 183 185
f 183 5 174
f 185 174 48
f 183 174 185
f 53 193 191
f 193 48 175
f 191 175 15
f 193 175 191
f 51 185 195
f 185 48 193
f 195 193 53
f 185 193 195
f 14 176 168
f 176 49 178
f 168 178 45
f 176 178 168
f 49 177 179
f 177 15 172
f 179 172 47
f 177 172 179
f 45 173 167
f 173 47 171
f 167 171 3
f 173 171 167
f 49 179 178
f 179 47 173
f 178 173 45
f 179 173 178
f 16 192 187
f 192 53 196
f 187 196 52
f 192 196 187
f 53 191 194
f 191 15 177
f 194 177 49
f 191 177 194
f 52 189 186
f 189 49 176
f 186 176 14
f 189 176 186
f 53 194 196
f 194 49 189
f 196 189 52
f 194 189 196
f 4 169 236
f 169 46 238
f 236 238 66
f 169 238 236
f 46 170 244
f 170 14 242
f 244 242 68
f 170 242 244
f 66 246 237
f 246 68 243
f 237 243 21
f 246 243 237
f 46 244 238
f 244 68 246
f 238 246 66
f 244 246 238
f 14 168 232
f 168 45 234
f 232 234 65
f 168 234 232
f 45 167 229
f 167 3 227
f 229 227 63
f 167 227 229
f 65 235 233
f 235 63 228
f 233 228 20
f 235 228 233
f 45 229 234
f 229 63 235
f 234 235 65
f 229 235 234
f 21 248 240
f 248 69 251
f 240 251 67
f 248 251 240
f 69 247 249
f 247 20 231
f 249 231 64
f 247 231 249
f 67 241 239
f 241 64 230
f 239 230 7
f 241 230 239
f 69 249 251
f 249 64 241
f 251 241 67
f 249 241 251
f 14 232 242
f 232 65 245
f 242 245 68
f 232 245 242
f 65 233 250
f 233 20 247
f 250 247 69
f 233 247 250
f 68 252 243
f 252 69 248
f 243 248 21
f 252 248 243
f 65 250 245
f 250 69 252
f 245 252 68
f 250 252 245
f 4 236 292
f 236 66 294
f 292 294 82
f 236 294 292
f 66 237 299
f 237 21 297
f 299 297 84
f 237 297 299
f 82 300 293
f 300 84 298
f 293 298 26
f 300 298 293
f 66 299 294
f 299 84 300
f 294 300 82
f 299 300 294
f 21 240 308
f 240 67 310
f 308 310 87
f 240 310 308
f 67 239 303
f 239 7 301
f 303 301 85
f 239 301 303
f 87 312 309
f 312 85 302
f 309 302 27
f 312 302 309
f 67 303 310
f 303 85 312
f 310 312 87
f 303 312 310
f 26 317 296
f 317 89 319
f 296 319 83
f 317 319 296
f 89 318 321
f 318 27 306
f 321 306 86
f 318 306 321
f 83 307 295
f 307 86 305
f 295 305 9
f 307 305 295
f 89 321 319
f 321 86 307
f 319 307 83
f 321 307 319
f 21 308 297
f 308 87 311
f 297 311 84
f 308 311 297
f 87 309 322
f 309 27 318
f 322 318 89
f 309 318 322
f 84 320 298
f 320 89 317
f 298 317 26
f 320 317 298
f 87 322 311
f 322 89 320
f 311 320 84
f 322 320 311
f 4 292 367
f 292 82 370
f 367 370 100
f 292 370 367
f 82 293 379
f 293 26 377
f 379 377 103
f 293 377 379
f 100 380 368
f 380 103 378
f 368 378 30
f 380 378 368
f 82 379 370
f 379 103 380
f 370 380 100
f 379 380 370
f 26 296 446
f 296 83 448
f 446 448 118
f 296 448 446
f 83 295 436
f 295 9 433
f 436 433 115
f 295 433 436
f 118 450 447
f 450 115 434
f 447 434 33
f 450 434 447
f 83 436 448
f 436 115 450
f 448 450 118
f 436 450 448
f 30 457 372
f 457 120 459
f 372 459 101
f 457 459 372
f 120 458 461
f 458 33 438
f 461 438 116
f 458 438 461
f 101 440 371
f 440 116 437
f 371 437 10
f 440 437 371
f 120 461 459
f 461 116 440
f 459 440 101
f 461 440 459
f 26 446 377
f 446 118 449
f 377 449 103
f 446 449 377
f 118 447 462
f 447 33 458
f 462 458 120
f 447 458 462
f 103 460 378
f 460 120 457
f 378 457 30
f 460 457 378
f 118 462 449
f 462 120 460
f 449 460 103
f 462 460 449
f 5 381 223
f 381 104 384
f 223 384 61
f 381 384 223
f 104 382 396
f 382 31 394
f 396 394 107
f 382 394 396
f 61 395 224
f 395 107 393
f 224 393 19
f 395 393 224
f 104 396 384
f 396 107 395
f 384 395 61
f 396 395 384
f 31 386 427
f 386 105 429
f 427 429 114
f 386 429 427
f 105 385 410
f 385 10 407
f 410 407 110
f 385 407 410
f 114 431 428
f 431 110 408
f 428 408 32
f 431 408 428
f 105 410 429
f 410 110 431
f 429 431 114
f 410 431 429
f 19 416 226
f 416 112 418
f 226 418 62
f 416 418 226
f 112 417 420
f 417 32 404
f 420 404 109
f 417 404 420
f 62 406 225
f 406 109 403
f 225 403 6
f 406 403 225
f 112 420 418
f 420 109 406
f 418 406 62
f 420 406 418
f 31 427 394
f 427 114 430
f 394 430 107
f 427 430 394
f 114 428 432
f 428 32 417
f 432 417 112
f 428 417 432
f 107 419 393
f 419 112 416
f 393 416 19
f 419 416 393
f 114 432 430
f 432 112 419
f 430 419 107
f 432 419 430
f 3 171 547
f 171 47 549
f 547 549 142
f 171 549 547
f 47 172 555
f 172 15 553
f 555 553 144
f 172 553 555
f 142 556 548
f 556 144 554
f 548 554 39
f 556 554 548
f 47 555 549
f 555 144 556
f 549 556 142
f 555 556 549
f 15 175 568
f 175 48 570
f 568 570 148
f 175 570 568
f 48 174 563
f 174 5 561
f 563 561 146
f 174 561 563
f 148 572 569
f 572 146 562
f 569 562 40
f 572 562 569
f 48 563 570
f 563 146 572
f 570 572 148
f 563 572 570
f 39 577 552
f 577 150 579
f 552 579 143
f 577 579 552
f 150 578 581
f 578 40 566
f 581 566 147
f 578 566 581
f 143 567 551
f 567 147 565
f 551 565 12
f 567 565 551
f 150 581 579
f 581 147 567
f 579 567 143
f 581 567 579
f 15 568 553
f 568 148 571
f 553 571 144
f 568 571 553
f 148 569 582
f 569 40 578
f 582 578 150
f 569 578 582
f 144 580 554
f 580 150 577
f 554 577 39
f 580 577 554
f 148 582 571
f 582 150 580
f 571 580 144
f 582 580 571
f 7 230 481
f 230 64 483
f 481 483 127
f 230 483 481
f 64 231 490
f 231 20 488
f 490 488 129
f 231 488 490
f 127 492 482
f 492 129 489
f 482 489 36
f 492 489 482
f 64 490 483
f 490 129 492
f 483 492 127
f 490 492 483
f 20 228 477
f 228 63 479
f 477 479 126
f 228 479 477
f 63 227 474
f 227 3 472
f 474 472 124
f 227 472 474
f 126 480 478
f 480 124 473
f 478 473 35
f 480 473 478
f 63 474 479
f 474 124 480
f 479 480 126
f 474 480 479
f 36 498 486
f 498 131 501
f 486 501 128
f 498 501 486
f 131 497 499
f 497 35 476
f 499 476 125
f 497 476 499
f 128 487 485
f 487 125 475
f 485 475 11
f 487 475 485
f 131 499 501
f 499 125 487
f 501 487 128
f 499 487 501
f 20 477 488
f 477 126 491
f 488 491 129
f 477 491 488
f 126 478 500
f 478 35 497
f 500 497 131
f 478 497 500
f 129 502 489
f 502 131 498
f 489 498 36
f 502 498 489
f 126 500 491
f 500 131 502
f 491 502 129
f 500 502 491
f 9 305 327
f 305 86 330
f 327 330 91
f 305 330 327
f 86 306 349
f 306 27 347
f 349 347 95
f 306 347 349
f 91 351 328
f 351 95 348
f 328 348 28
f 351 348 328
f 86 349 330
f 349 95 351
f 330 351 91
f 349 351 330
f 27 302 314
f 302 85 316
f 314 316 88
f 302 316 314
f 85 301 304
f 301 7 279
f 304 279 77
f 301 279 304
f 88 315 313
f 315 77 280
f 313 280 24
f 315 280 313
f 85 304 316
f 304 77 315
f 316 315 88
f 304 315 316
f 28 337 324
f 337 93 340
f 324 340 90
f 337 340 324
f 93 336 338
f 336 24 282
f 338 282 78
f 336 282 338
f 90 326 323
f 326 78 281
f 323 281 8
f 326 281 323
f 93 338 340
f 338 78 326
f 340 326 90
f 338 326 340
f 27 314 347
f 314 88 350
f 347 350 95
f 314 350 347
f 88 313 339
f 313 24 336
f 339 336 93
f 313 336 339
f 95 352 348
f 352 93 337
f 348 337 28
f 352 337 348
f 88 339 350
f 339 93 352
f 350 352 95
f 339 352 350
f 10 437 357
f 437 116 439
f 357 439 97
f 437 439 357
f 116 438 455
f 438 33 452
f 455 452 119
f 438 452 455
f 97 453 358
f 453 119 451
f 358 451 29
f 453 451 358
f 116 455 439
f 455 119 453
f 439 453 97
f 455 453 439
f 33 434 442
f 434 115 445
f 442 445 117
f 434 445 442
f 115 433 435
f 433 9 286
f 435 286 80
f 433 286 435
f 117 443 441
f 443 80 287
f 441 287 25
f 443 287 441
f 115 435 445
f 435 80 443
f 445 443 117
f 435 443 445
f 29 364 354
f 364 99 366
f 354 366 96
f 364 366 354
f 99 363 365
f 363 25 284
f 365 284 79
f 363 284 365
f 96 356 353
f 356 79 283
f 353 283 2
f 356 283 353
f 99 365 366
f 365 79 356
f 366 356 96
f 365 356 366
f 33 442 452
f 442 117 456
f 452 456 119
f 442 456 452
f 117 441 444
f 441 25 363
f 444 363 99
f 441 363 444
f 119 454 451
f 454 99 364
f 451 364 29
f 454 364 451
f 117 444 456
f 444 99 454
f 456 454 119
f 444 454 456

o dockband_1
v 0.44800000 0.00000000 0.00000000 0.90196078 0.67450980 0.42745098
v 0.44424871 0.00000000 0.01400000 0.90196078 0.67450980 0.42745098
v 0.43400000 0.00000000 0.02424871 0.90196078 0.67450980 0.42745098
v 0.42000000 0.00000000 0.02800000 0.90196078 0.67450980 0.42745098
v 0.40600000 0.00000000 0.02424871 0.90196078 0.67450980 0.42745098
v 0.39575129 0.00000000 0.01400000 0.90196078 0.67450980 0.42745098
v 0.39200000 0.00000000 0.00000000 0.90196078 0.67450980 0.42745098
v 0.39575129 0.00000000 -0.01400000 0.90196078 0.67450980 0.42745098
v 0.40600000 0.00000000 -0.02424871 0.90196078 0.67450980 0.42745098
v 0.42000000 0.00000000 -0.02800000 0.90196078 0.67450980 0.42745098
v 0.43400000 0.00000000 -0.02424871 0.90196078 0.67450980 0.42745098
v 0.44424871 0.00000000 -0.01400000 0.90196078 0.67450980 0.42745098
v 0.44416730 0.05847573 0.00000000 0.90196078 0.67450980 0.42745098
v 0.44044810 0.05798609 0.01400000 0.90196078 0.67450980 0.42745098
v 0.43028707 0.05664837 0.02424871 0.90196078 0.67450980 0.42745098
v 0.41640684 0.05482100 0.02800000 0.90196078 0.67450980 0.42745098
v 0.40252661 0.05299363 0.02424871 0.90196078 0.67450980 0.42745098
v 0.39236558 0.05165591 0.01400000 0.90196078 0.67450980 0.42745098
v 0.38864639 0.05116627 0.00000000 0.90196078 0.67450980 0.42745098
v 0.39236558 0.05165591 -0.01400000 0.90196078 0.67450980 0.42745098
v 0.40252661 0.05299363 -0.02424871 0.90196078 0.67450980 0.42745098
v 0.41640684 0.05482100 -0.02800000 0.90196078 0.67450980 0.42745098
v 0.43028707 0.05664837 -0.02424871 0.90196078 0.67450980 0.42745098
v 0.44044810 0.05798609 -0.01400000 0.90196078 0.67450980 0.42745098
v 0.43273477 0.11595093 0.00000000 0.90196078 0.67450980 0.42745098
v 0.42911130 0.11498003 0.01400000 0.90196078 0.67450980 0.42745098
v 0.41921181 0.11232747 0.02424871 0.90196078 0.67450980 0.42745098
v 0.40568885 0.10870400 0.02800000 0.90196078 0.67450980 0.42745098
v 0.39216589 0.10508053 0.02424871 0.90196078 0.67450980 0.42745098
v 0.38226639 0.10242797 0.01400000 0.90196078 0.67450980 0.42745098
v 0.37864292 0.10145707 0.00000000 0.90196078 0.67450980 0.42745098
v 0.38226639 0.10242797 -0.01400000 0.90196078 0.67450980 0.42745098
v 0.39216589 0.10508053 -0.02424871 0.90196078 0.67450980 0.42745098
v 0.40568885 0.10870400 -0.02800000 0.90196078 0.67450980 0.42745098
v 0.41921181 0.11232747 -0.02424871 0.90196078 0.67450980 0.42745098
v 0.42911130 0.11498003 -0.01400000 0.90196078 0.67450980 0.42745098
v 0.41389803 0.17144218 0.00000000 0.90196078 0.67450980 0.42745098
v 0.41043229 0.17000662 0.01400000 0.90196078 0.67450980 0.42745098
v 0.40096372 0.16608461 0.02424871 0.90196078 0.67450980 0.42745098
v 0.38802940 0.16072704 0.02800000 0.90196078 0.67450980 0.42745098
v 0.37509509 0.15536947 0.02424871 0.90196078 0.67450980 0.42745098
v 0.36562652 0.15144746 0.01400000 0.90196078 0.67450980 0.42745098
v 0.36216078 0.15001191 0.00000000 0.90196078 0.67450980 0.42745098
v 0.36562652 0.15144746 -0.01400000 0.90196078 0.67450980 0.42745098
v 0.37509509 0.15536947 -0.02424871 0.90196078 0.67450980 0.42745098
v 0.38802940 0.16072704 -0.02800000 0.90196078 0.67450980 0.42745098
v 0.40096372 0.16608461 -0.02424871 0.90196078 0.67450980 0.42745098
v 0.41043229 0.17000662 -0.01400000 0.90196078 0.67450980 0.42745098
v 0.38797938 0.22400000 0.00000000 0.90196078 0.67450980 0.42745098
v 0.38473067 0.22212436 0.01400000 0.90196078 0.67450980 0.42745098
v 0.37585503 0.21700000 0.02424871 0.90196078 0.67450980 0.42745098
v 0.36373067 0.21000000 0.02800000 0.90196078 0.67450980 0.42745098
v 0.35160631 0.20300000 0.02424871 0.90196078 0.67450980 0.42745098
v 0.34273067 0.19787564 0.01400000 0.90196078 0.67450980 0.42745098
v 0.33948196 0.19600000 0.00000000 0.90196078 0.67450980 0.42745098
v 0.34273067 0.19787564 -0.01400000 0.90196078 0.67450980 0.42745098
v 0.35160631 0.20300000 -0.02424871 0.90196078 0.67450980 0.42745098
v 0.36373067 0.21000000 -0.02800000 0.90196078 0.67450980 0.42745098
v 0.37585503 0.21700000 -0.02424871 0.90196078 0.67450980 0.42745098
v 0.38473067 0.22212436 -0.01400000 0.90196078 0.67450980 0.42745098
v 0.35542230 0.27272512 0.00000000 0.90196078 0.67450980 0.42745098
v 0.35244620 0.27044148 0.01400000 0.90196078 0.67450980 0.42745098
v 0.34431535 0.26420246 0.02424871 0.90196078 0.67450980 0.42745098
v 0.33320840 0.25567980 0.02800000 0.90196078 0.67450980 0.42745098
v 0.32210146 0.24715714 0.02424871 0.90196078 0.67450980 0.42745098
v 0.31397061 0.24091812 0.01400000 0.90196078 0.67450980 0.42745098
v 0.31099451 0.23863448 0.00000000 0.90196078 0.67450980 0.42745098
v 0.31397061 0.24091812 -0.01400000 0.90196078 0.67450980 0.42745098
v 0.32210146 0.24715714 -0.02424871 0.90196078 0.67450980 0.42745098
v 0.33320840 0.25567980 -0.02800000 0.90196078 0.67450980 0.42745098
v 0.34431535 0.26420246 -0.02424871 0.90196078 0.67450980 0.42745098
v 0.35244620 0.27044148 -0.01400000 0.90196078 0.67450980 0.42745098
v 0.31678384 0.31678384 0.00000000 0.90196078 0.67450980 0.42745098
v 0.31413128 0.31413128 0.01400000 0.90196078 0.67450980 0.42745098
v 0.30688434 0.30688434 0.02424871 0.90196078 0.67450980 0.42745098
v 0.29698485 0.29698485 0.02800000 0.90196078 0.67450980 0.42745098
v 0.28708535 0.28708535 0.02424871 0.90196078 0.67450980 0.42745098
v 0.27983842 0.27983842 0.01400000 0.90196078 0.67450980 0.42745098
v 0.27718586 0.27718586 0.00000000 0.90196078 0.67450980 0.42745098
v 0.27983842 0.27983842 -0.01400000 0.90196078 0.67450980 0.42745098
v 0.28708535 0.28708535 -0.02424871 0.90196078 0.67450980 0.42745098
v 0.29698485 0.29698485 -0.02800000 0.90196078 0.67450980 0.42745098
v 0.30688434 0.30688434 -0.02424871 0.90196078 0.67450980 0.42745098
v 0.31413128 0.31413128 -0.01400000 0.90196078 0.67450980 0.42745098
v 0.27272512 0.35542230 0.00000000 0.90196078 0.67450980 0.42745098
v 0.27044148 0.35244620 0.01400000 0.90196078 0.67450980 0.42745098
v 0.26420246 0.34431535 0.02424871 0.90196078 0.67450980 0.42745098
v 0.25567980 0.33320840 0.02800000 0.90196078 0.67450980 0.42745098
v 0.24715714 0.32210146 0.02424871 0.90196078 0.67450980 0.42745098
v 0.24091812 0.31397061 0.01400000 0.90196078 0.67450980 0.42745098
v 0.23863448 0.31099451 0.00000000 0.90196078 0.67450980 0.42745098
v 0.24091812 0.31397061 -0.01400000 0.90196078 0.67450980 0.42745098
v 0.24715714 0.32210146 -0.02424871 0.90196078 0.67450980 0.42745098
v 0.25567980 0.33320840 -0.02800000 0.90196078 0.67450980 0.42745098
v 0.26420246 0.34431535 -0.02424871 0.90196078 0.67450980 0.42745098
v 0.27044148 0.35244620 -0.01400000 0.90196078 0.67450980 0.42745098
v 0.22400000 0.38797938 0.00000000 0.90196078 0.67450980 0.42745098
v 0.22212436 0.38473067 0.01400000 0.90196078 0.67450980 0.42745098
v 0.21700000 0.37585503 0.02424871 0.90196078 0.67450980 0.42745098
v 0.21000000 0.36373067 0.02800000 0.90196078 0.67450980 0.42745098
v 0.20300000 0.35160631 0.02424871 0.90196078 0.67450980 0.42745098
v 0.19787564 0.34273067 0.01400000 0.90196078 0.67450980 0.42745098
v 0.19600000 0.33948196 0.00000000 0.90196078 0.67450980 0.42745098
v 0.19787564 0.34273067 -0.01400000 0.90196078 0.67450980 0.42745098
v 0.20300000 0.35160631 -0.02424871 0.90196078 0.67450980 0.42745098
v 0.21000000 0.36373067 -0.02800000 0.90196078 0.67450980 0.42745098
v 0.21700000 0.37585503 -0.02424871 0.90196078 0.67450980 0.42745098
v 0.22212436 0.38473067 -0.01400000 0.90196078 0.67450980 0.42745098
v 0.17144218 0.41389803 0.00000000 0.90196078 0.67450980 0.42745098
v 0.17000662 0.41043229 0.01400000 0.90196078 0.67450980 0.42745098
v 0.16608461 0.40096372 0.02424871 0.90196078 0.67450980 0.42745098
v 0.16072704 0.38802940 0.02800000 0.90196078 0.67450980 0.42745098
v 0.15536947 0.37509509 0.02424871 0.90196078 0.67450980 0.42745098
v 0.15144746 0.36562652 0.01400000 0.90196078 0.67450980 0.42745098
v 0.15001191 0.36216078 0.00000000 0.90196078 0.67450980 0.42745098
v 0.15144746 0.36562652 -0.01400000 0.90196078 0.67450980 0.42745098
v 0.15536947 0.37509509 -0.02424871 0.90196078 0.67450980 0.42745098
v 0.16072704 0.38802940 -0.02800000 0.90196078 0.67450980 0.42745098
v 0.16608461 0.40096372 -0.02424871 0.90196078 0.67450980 0.42745098
v 0.17000662 0.41043229 -0.01400000 0.90196078 0.67450980 0.42745098
v 0.11595093 0.43273477 0.00000000 0.90196078 0.67450980 0.42745098
v 0.11498003 0.42911130 0.01400000 0.90196078 0.67450980 0.42745098
v 0.11232747 0.41921181 0.02424871 0.90196078 0.67450980 0.42745098
v 0.10870400 0.40568885 0.02800000 0.90196078 0.67450980 0.42745098
v 0.10508053 0.39216589 0.02424871 0.90196078 0.67450980 0.42745098
v 0.10242797 0.38226639 0.01400000 0.90196078 0.67450980 0.42745098
v 0.10145707 0.37864292 0.00000000 0.90196078 0.67450980 0.42745098
v 0.10242797 0.38226639 -0.01400000 0.90196078 0.67450980 0.42745098
v 0.10508053 0.39216589 -0.02424871 0.90196078 0.67450980 0.42745098
v 0.10870400 0.40568885 -0.02800000 0.90196078 0.67450980 0.42745098
v 0.11232747 0.41921181 -0.02424871 0.90196078 0.67450980 0.42745098
v 0.11498003 0.42911130 -0.01400000 0.90196078 0.67450980 0.42745098
v 0.05847573 0.44416730 0.00000000 0.90196078 0.67450980 0.42745098
v 0.05798609 0.44044810 0.01400000 0.90196078 0.67450980 0.42745098
v 0.05664837 0.43028707 0.02424871 0.90196078 0.67450980 0.42745098
v 0.05482100 0.41640684 0.02800000 0.90196078 0.67450980 0.42745098
v 0.05299363 0.40252661 0.02424871 0.90196078 0.67450980 0.42745098
v 0.05165591 0.39236558 0.01400000 0.90196078 0.67450980 0.42745098
v 0.05116627 0.38864639 0.00000000 0.90196078 0.67450980 0.42745098
v 0.05165591 0.39236558 -0.01400000 0.90196078 0.67450980 0.42745098
v 0.05299363 0.40252661 -0.02424871 0.90196078 0.67450980 0.42745098
v 0.05482100 0.41640684 -0.02800000 0.90196078 0.67450980 0.42745098
v 0.05664837 0.43028707 -0.02424871 0.90196078 0.67450980 0.42745098
v 0.05798609 0.44044810 -0.01400000 0.90196078 0.67450980 0.42745098
v 0.00000000 0.44800000 0.00000000 0.90196078 0.67450980 0.42745098
v 0.00000000 0.44424871 0.01400000 0.90196078 0.67450980 0.42745098
v 0.00000000 0.43400000 0.02424871 0.90196078 0.67450980 0.42745098
v 0.00000000 0.42000000 0.02800000 0.90196078 0.67450980 0.42745098
v 0.00000000 0.40600000 0.02424871 0.90196078 0.67450980 0.42745098
v 0.00000000 0.39575129 0.01400000 0.90196078 0.67450980 0.42745098
v 0.00000000 0.39200000 0.00000000 0.90196078 0.67450980 0.42745098
v 0.00000000 0.39575129 -0.01400000 0.90196078 0.67450980 0.42745098
v 0.00000000 0.40600000 -0.02424871 0.90196078 0.67450980 0.42745098
v 0.00000000 0.42000000 -0.02800000 0.90196078 0.67450980 0.42745098
v 0.00000000 0.43400000 -0.02424871 0.90196078 0.67450980 0.42745098
v 0.00000000 0.44424871 -0.01400000 0.90196078 0.67450980 0.42745098
v -0.05847573 0.44416730 0.00000000 0.90196078 0.67450980 0.42745098
v -0.05798609 0.44044810 0.01400000 0.90196078 0.67450980 0.42745098
v -0.05664837 0.43028707 0.02424871 0.90196078 0.67450980 0.42745098
v -0.05482100 0.41640684 0.02800000 0.90196078 0.67450980 0.42745098
v -0.05299363 0.40252661 0.02424871 0.90196078 0.67450980 0.42745098
v -0.05165591 0.39236558 0.01400000 0.90196078 0.67450980 0.42745098
v -0.05116627 0.38864639 0.00000000 0.90196078 0.67450980 0.42745098
v -0.05165591 0.39236558 -0.01400000 0.90196078 0.67450980 0.42745098
v -0.05299363 0.40252661 -0.02424871 0.90196078 0.67450980 0.42745098
v -0.05482100 0.41640684 -0.02800000 0.90196078 0.67450980 0.42745098
v -0.05664837 0.43028707 -0.02424871 0.90196078 0.67450980 0.42745098
v -0.05798609 0.44044810 -0.01400000 0.90196078 0.67450980 0.42745098
v -0.11595093 0.43273477 0.00000000 0.90196078 0.67450980 0.42745098
v -0.11498003 0.42911130 0.01400000 0.90196078 0.67450980 0.42745098
v -0.11232747 0.41921181 0.02424871 0.90196078 0.67450980 0.42745098
v -0.10870400 0.40568885 0.02800000 0.90196078 0.67450980 0.42745098
v -0.10508053 0.39216589 0.02424871 0.90196078 0.67450980 0.42745098
v -0.10242797 0.38226639 0.01400000 0.90196078 0.67450980 0.42745098
v -0.10145707 0.37864292 0.00000000 0.90196078 0.67450980 0.42745098
v -0.10242797 0.38226639 -0.01400000 0.90196078 0.67450980 0.42745098
v -0.10508053 0.39216589 -0.02424871 0.90196078 0.67450980 0.42745098
v -0.10870400 0.40568885 -0.02800000 0.90196078 0.67450980 0.42745098
v -0.11232747 0.41921181 -0.02424871 0.90196078 0.67450980 0.42745098
v -0.11498003 0.42911130 -0.01400000 0.90196078 0.67450980 0.42745098
v -0.17144218 0.41389803 0.00000000 0.90196078 0.67450980 0.42745098
v -0.17000662 0.41043229 0.01400000 0.90196078 0.67450980 0.42745098
v -0.16608461 0.40096372 0.02424871 0.90196078 0.67450980 0.42745098
v -0.16072704 0.38802940 0.02800000 0.90196078 0.67450980 0.42745098
v -0.15536947 0.37509509 0.02424871 0.90196078 0.67450980 0.42745098
v -0.15144746 0.36562652 0.01400000 0.90196078 0.67450980 0.42745098
v -0.15001191 0.36216078 0.00000000 0.90196078 0.67450980 0.42745098
v -0.15144746 0.36562652 -0.01400000 0.90196078 0.67450980 0.42745098
v -0.15536947 0.37509509 -0.02424871 0.90196078 0.67450980 0.42745098
v -0.16072704 0.38802940 -0.02800000 0.90196078 0.67450980 0.42745098
v -0.16608461 0.40096372 -0.02424871 0.90196078 0.67450980 0.42745098
v -0.17000662 0.41043229 -0.01400000 0.90196078 0.67450980 0.42745098
v -0.22400000 0.38797938 0.00000000 0.90196078 0.67450980 0.42745098
v -0.22212436 0.38473067 0.01400000 0.90196078 0.67450980 0.42745098
v -0.21700000 0.37585503 0.02424871 0.90196078 0.67450980 0.42745098
v -0.21000000 0.36373067 0.02800000 0.90196078 0.67450980 0.42745098
v -0.20300000 0.35160631 0.02424871 0.90196078 0.67450980 0.42745098
v -0.19787564 0.34273067 0.01400000 0.90196078 0.67450980 0.42745098
v -0.19600000 0.33948196 0.00000000 0.90196078 0.67450980 0.42745098
v -0.19787564 0.34273067 -0.01400000 0.90196078 0.67450980 0.42745098
v -0.20300000 0.35160631 -0.02424871 0.90196078 0.67450980 0.42745098
v -0.21000000 0.36373067 -0.02800000 0.90196078 0.67450980 0.42745098
v -0.21700000 0.37585503 -0.02424871 0.90196078 0.67450980 0.42745098
v -0.22212436 0.38473067 -0.01400000 0.90196078 0.67450980 0.42745098
v -0.27272512 0.35542230 0.00000000 0.90196078 0.67450980 0.42745098
v -0.27044148 0.35244620 0.01400000 0.90196078 0.67450980 0.42745098
v -0.26420246 0.34431535 0.02424871 0.90196078 0.67450980 0.42745098
v -0.25567980 0.33320840 0.02800000 0.90196078 0.67450980 0.42745098
v -0.24715714 0.32210146 0.02424871 0.90196078 0.67450980 0.42745098
v -0.24091812 0.31397061 0.01400000 0.90196078 0.67450980 0.42745098
v -0.23863448 0.31099451 0.00000000 0.90196078 0.67450980 0.42745098
v -0.24091812 0.31397061 -0.01400000 0.90196078 0.67450980 0.42745098
v -0.24715714 0.32210146 -0.02424871 0.90196078 0.67450980 0.42745098
v -0.25567980 0.33320840 -0.02800000 0.90196078 0.67450980 0.42745098
v -0.26420246 0.34431535 -0.02424871 0.90196078 0.67450980 0.42745098
v -0.27044148 0.35244620 -0.01400000 0.90196078 0.67450980 0.42745098
v -0.31678384 0.31678384 0.00000000 0.90196078 0.67450980 0.42745098
v -0.31413128 0.31413128 0.01400000 0.90196078 0.67450980 0.42745098
v -0.30688434 0.30688434 0.02424871 0.90196078 0.67450980 0.42745098
v -0.29698485 0.29698485 0.02800000 0.90196078 0.67450980 0.42745098
v -0.28708535 0.28708535 0.02424871 0.90196078 0.67450980 0.42745098
v -0.27983842 0.27983842 0.01400000 0.90196078 0.67450980 0.42745098
v -0.27718586 0.27718586 0.00000000 0.90196078 0.67450980 0.42745098
v -0.27983842 0.27983842 -0.01400000 0.90196078 0.67450980 0.42745098
v -0.28708535 0.28708535 -0.02424871 0.90196078 0.67450980 0.42745098
v -0.29698485 0.29698485 -0.02800000 0.90196078 0.67450980 0.42745098
v -0.30688434 0.30688434 -0.02424871 0.90196078 0.67450980 0.42745098
v -0.31413128 0.31413128 -0.01400000 0.90196078 0.67450980 0.42745098
v -0.35542230 0.27272512 0.00000000 0.90196078 0.67450980 0.42745098
v -0.35244620 0.27044148 0.01400000 0.90196078 0.67450980 0.42745098
v -0.34431535 0.26420246 0.02424871 0.90196078 0.67450980 0.42745098
v -0.33320840 0.25567980 0.02800000 0.90196078 0.67450980 0.42745098
v -0.32210146 0.24715714 0.02424871 0.90196078 0.67450980 0.42745098
v -0.31397061 0.24091812 0.01400000 0.90196078 0.67450980 0.42745098
v -0.31099451 0.23863448 0.00000000 0.90196078 0.67450980 0.42745098
v -0.31397061 0.24091812 -0.01400000 0.90196078 0.67450980 0.42745098
v -0.32210146 0.24715714 -0.02424871 0.90196078 0.67450980 0.42745098
v -0.33320840 0.25567980 -0.02800000 0.90196078 0.67450980 0.42745098
v -0.34431535 0.26420246 -0.02424871 0.90196078 0.67450980 0.42745098
v -0.35244620 0.27044148 -0.01400000 0.90196078 0.67450980 0.42745098
v -0.38797938 0.22400000 0.00000000 0.90196078 0.67450980 0.42745098
v -0.38473067 0.22212436 0.01400000 0.90196078 0.67450980 0.42745098
v -0.37585503 0.21700000 0.02424871 0.90196078 0.67450980 0.42745098
v -0.36373067 0.21000000 0.02800000 0.90196078 0.67450980 0.42745098
v -0.35160631 0.20300000 0.02424871 0.90196078 0.67450980 0.42745098
v -0.34273067 0.19787564 0.01400000 0.90196078 0.67450980 0.42745098
v -0.33948196 0.19600000 0.00000000 0.90196078 0.67450980 0.42745098
v -0.34273067 0.19787564 -0.01400000 0.90196078 0.67450980 0.42745098
v -0.35160631 0.20300000 -0.02424871 0.90196078 0.67450980 0.42745098
v -0.36373067 0.21000000 -0.02800000 0.90196078 0.67450980 0.42745098
v -0.37585503 0.21700000 -0.02424871 0.90196078 0.67450980 0.42745098
v -0.38473067 0.22212436 -0.01400000 0.90196078 0.67450980 0.42745098
v -0.41389803 0.17144218 0.00000000 0.90196078 0.67450980 0.42745098
v -0.41043229 0.17000662 0.01400000 0.90196078 0.67450980 0.42745098
v -0.40096372 0.16608461 0.02424871 0.90196078 0.67450980 0.42745098
v -0.38802940 0.16072704 0.02800000 0.90196078 0.67450980 0.42745098
v -0.37509509 0.15536947 0.02424871 0.90196078 0.67450980 0.42745098
v -0.36562652 0.15144746 0.01400000 0.90196078 0.67450980 0.42745098
v -0.36216078 0.15001191 0.00000000 0.90196078 0.67450980 0.42745098
v -0.36562652 0.15144746 -0.01400000 0.90196078 0.67450980 0.42745098
v -0.37509509 0.15536947 -0.02424871 0.90196078 0.67450980 0.42745098
v -0.38802940 0.16072704 -0.02800000 0.90196078 0.67450980 0.42745098
v -0.40096372 0.16608461 -0.02424871 0.90196078 0.67450980 0.42745098
v -0.41043229 0.17000662 -0.01400000 0.90196078 0.67450980 0.42745098
v -0.43273477 0.11595093 0.00000000 0.90196078 0.67450980 0.42745098
v -0.42911130 0.11498003 0.01400000 0.90196078 0.67450980 0.42745098
v -0.41921181 0.11232747 0.02424871 0.90196078 0.67450980 0.42745098
v -0.40568885 0.10870400 0.02800000 0.90196078 0.67450980 0.42745098
v -0.39216589 0.10508053 0.02424871 0.90196078 0.67450980 0.42745098
v -0.38226639 0.10242797 0.01400000 0.90196078 0.67450980 0.42745098
v -0.37864292 0.10145707 0.00000000 0.90196078 0.67450980 0.42745098
v -0.38226639 0.10242797 -0.01400000 0.90196078 0.67450980 0.42745098
v -0.39216589 0.10508053 -0.02424871 0.90196078 0.67450980 0.42745098
v -0.40568885 0.10870400 -0.02800000 0.90196078 0.67450980 0.42745098
v -0.41921181 0.11232747 -0.02424871 0.90196078 0.67450980 0.42745098
v -0.42911130 0.11498003 -0.01400000 0.90196078 0.67450980 0.42745098
v -0.44416730 0.05847573 0.00000000 0.90196078 0.67450980 0.42745098
v -0.44044810 0.05798609 0.01400000 0.90196078 0.67450980 0.42745098
v -0.43028707 0.05664837 0.02424871 0.90196078 0.67450980 0.42745098
v -0.41640684 0.05482100 0.02800000 0.90196078 0.67450980 0.42745098
v -0.40252661 0.05299363 0.02424871 0.90196078 0.67450980 0.42745098
v -0.39236558 0.05165591 0.01400000 0.90196078 0.67450980 0.42745098
v -0.38864639 0.05116627 0.00000000 0.90196078 0.67450980 0.42745098
v -0.39236558 0.05165591 -0.01400000 0.90196078 0.67450980 0.42745098
v -0.40252661 0.05299363 -0.02424871 0.90196078 0.67450980 0.42745098
v -0.41640684 0.05482100 -0.02800000 0.90196078 0.67450980 0.42745098
v -0.43028707 0.05664837 -0.02424871 0.90196078 0.67450980 0.42745098
v -0.44044810 0.05798609 -0.01400000 0.90196078 0.67450980 0.42745098
v -0.44800000 0.00000000 0.00000000 0.90196078 0.67450980 0.42745098
v -0.44424871 0.00000000 0.01400000 0.90196078 0.67450980 0.42745098
v -0.43400000 0.00000000 0.02424871 0.90196078 0.67450980 0.42745098
v -0.42000000 0.00000000 0.02800000 0.90196078 0.67450980 0.42745098
v -0.40600000 0.00000000 0.02424871 0.90196078 0.67450980 0.42745098
v -0.39575129 0.00000000 0.01400000 0.90196078 0.67450980 0.42745098
v -0.39200000 0.00000000 0.00000000 0.90196078 0.67450980 0.42745098
v -0.39575129 0.00000000 -0.01400000 0.90196078 0.67450980 0.42745098
v -0.40600000 0.00000000 -0.02424871 0.90196078 0.67450980 0.42745098
v -0.42000000 0.00000000 -0.02800000 0.90196078 0.67450980 0.42745098
v -0.43400000 0.00000000 -0.02424871 0.90196078 0.67450980 0.42745098
v -0.44424871 0.00000000 -0.01400000 0.90196078 0.67450980 0.42745098
v -0.44416730 -0.05847573 0.00000000 0.90196078 0.67450980 0.42745098
v -0.44044810 -0.05798609 0.01400000 0.90196078 0.67450980 0.42745098
v -0.43028707 -0.05664837 0.02424871 0.90196078 0.67450980 0.42745098
v -0.41640684 -0.05482100 0.02800000 0.90196078 0.67450980 0.42745098
v -0.40252661 -0.05299363 0.02424871 0.90196078 0.67450980 0.42745098
v -0.39236558 -0.05165591 0.01400000 0.90196078 0.67450980 0.42745098
v -0.38864639 -0.05116627 0.00000000 0.90196078 0.67450980 0.42745098
v -0.39236558 -0.05165591 -0.01400000 0.90196078 0.67450980 0.42745098
v -0.40252661 -0.05299363 -0.02424871 0.90196078 0.67450980 0.42745098
v -0.41640684 -0.05482100 -0.02800000 0.90196078 0.67450980 0.42745098
v -0.43028707 -0.05664837 -0.02424871 0.90196078 0.67450980 0.42745098
v -0.44044810 -0.05798609 -0.01400000 0.90196078 0.67450980 0.42745098
v -0.43273477 -0.11595093 0.00000000 0.90196078 0.67450980 0.42745098
v -0.42911130 -0.11498003 0.01400000 0.90196078 0.67450980 0.42745098
v -0.41921181 -0.11232747 0.02424871 0.90196078 0.67450980 0.42745098
v -0.40568885 -0.10870400 0.02800000 0.90196078 0.67450980 0.42745098
v -0.39216589 -0.10508053 0.02424871 0.90196078 0.67450980 0.42745098
v -0.38226639 -0.10242797 0.01400000 0.90196078 0.67450980 0.42745098
v -0.37864292 -0.10145707 0.00000000 0.90196078 0.67450980 0.42745098
v -0.38226639 -0.10242797 -0.01400000 0.90196078 0.67450980 0.42745098
v -0.39216589 -0.10508053 -0.02424871 0.90196078 0.67450980 0.42745098
v -0.40568885 -0.10870400 -0.02800000 0.90196078 0.67450980 0.42745098
v -0.41921181 -0.11232747 -0.02424871 0.90196078 0.67450980 0.42745098
v -0.42911130 -0.11498003 -0.01400000 0.90196078 0.67450980 0.42745098
v -0.41389803 -0.17144218 0.00000000 0.90196078 0.67450980 0.42745098
v -0.41043229 -0.17000662 0.01400000 0.90196078 0.67450980 0.42745098
v -0.40096372 -0.16608461 0.02424871 0.90196078 0.67450980 0.42745098
v -0.38802940 -0.16072704 0.02800000 0.90196078 0.67450980 0.42745098
v -0.37509509 -0.15536947 0.02424871 0.90196078 0.67450980 0.42745098
v -0.36562652 -0.15144746 0.01400000 0.90196078 0.67450980 0.42745098
v -0.36216078 -0.15001191 0.00000000 0.90196078 0.67450980 0.42745098
v -0.36562652 -0.15144746 -0.01400000 0.90196078 0.67450980 0.42745098
v -0.37509509 -0.15536947 -0.02424871 0.90196078 0.67450980 0.42745098
v -0.38802940 -0.16072704 -0.02800000 0.90196078 0.67450980 0.42745098
v -0.40096372 -0.16608461 -0.02424871 0.90196078 0.67450980 0.42745098
v -0.41043229 -0.17000662 -0.01400000 0.90196078 0.67450980 0.42745098
v -0.38797938 -0.22400000 0.00000000 0.90196078 0.67450980 0.42745098
v -0.38473067 -0.22212436 0.01400000 0.90196078 0.67450980 0.42745098
v -0.37585503 -0.21700000 0.02424871 0.90196078 0.67450980 0.42745098
v -0.36373067 -0.21000000 0.02800000 0.90196078 0.67450980 0.42745098
v -0.35160631 -0.20300000 0.02424871 0.90196078 0.67450980 0.42745098
v -0.34273067 -0.19787564 0.01400000 0.90196078 0.67450980 0.42745098
v -0.33948196 -0.19600000 0.00000000 0.90196078 0.67450980 0.42745098
v -0.34273067 -0.19787564 -0.01400000 0.90196078 0.67450980 0.42745098
v -0.35160631 -0.20300000 -0.02424871 0.90196078 0.67450980 0.42745098
v -0.36373067 -0.21000000 -0.02800000 0.90196078 0.67450980 0.42745098
v -0.37585503 -0.21700000 -0.02424871 0.90196078 0.67450980 0.42745098
v -0.38473067 -0.22212436 -0.01400000 0.90196078 0.67450980 0.42745098
v -0.35542230 -0.27272512 0.00000000 0.90196078 0.67450980 0.42745098
v -0.35244620 -0.27044148 0.01400000 0.90196078 0.67450980 0.42745098
v -0.34431535 -0.26420246 0.02424871 0.90196078 0.67450980 0.42745098
v -0.33320840 -0.25567980 0.02800000 0.90196078 0.67450980 0.42745098
v -0.32210146 -0.24715714 0.02424871 0.90196078 0.67450980 0.42745098
v -0.31397061 -0.24091812 0.01400000 0.90196078 0.67450980 0.42745098
v -0.31099451 -0.23863448 0.00000000 0.90196078 0.67450980 0.42745098
v -0.31397061 -0.24091812 -0.01400000 0.90196078 0.67450980 0.42745098
v -0.32210146 -0.24715714 -0.02424871 0.90196078 0.67450980 0.42745098
v -0.33320840 -0.25567980 -0.02800000 0.90196078 0.67450980 0.42745098
v -0.34431535 -0.26420246 -0.02424871 0.90196078 0.67450980 0.42745098
v -0.35244620 -0.27044148 -0.01400000 0.90196078 0.67450980 0.42745098
v -0.31678384 -0.31678384 0.00000000 0.90196078 0.67450980 0.42745098
v -0.31413128 -0.31413128 0.01400000 0.90196078 0.67450980 0.42745098
v -0.30688434 -0.30688434 0.02424871 0.90196078 0.67450980 0.42745098
v -0.29698485 -0.29698485 0.02800000 0.90196078 0.67450980 0.42745098
v -0.28708535 -0.28708535 0.02424871 0.90196078 0.67450980 0.42745098
v -0.27983842 -0.27983842 0.01400000 0.90196078 0.67450980 0.42745098
v -0.27718586 -0.27718586 0.00000000 0.90196078 0.67450980 0.42745098
v -0.27983842 -0.27983842 -0.01400000 0.90196078 0.67450980 0.42745098
v -0.28708535 -0.28708535 -0.02424871 0.90196078 0.67450980 0.42745098
v -0.29698485 -0.29698485 -0.02800000 0.90196078 0.67450980 0.42745098
v -0.30688434 -0.30688434 -0.02424871 0.90196078 0.67450980 0.42745098
v -0.31413128 -0.31413128 -0.01400000 0.90196078 0.67450980 0.42745098
v -0.27272512 -0.35542230 0.00000000 0.90196078 0.67450980 0.42745098
v -0.27044148 -0.35244620 0.01400000 0.90196078 0.67450980 0.42745098
v -0.26420246 -0.34431535 0.02424871 0.90196078 0.67450980 0.42745098
v -0.25567980 -0.33320840 0.02800000 0.90196078 0.67450980 0.42745098
v -0.24715714 -0.32210146 0.02424871 0.90196078 0.67450980 0.42745098
v -0.24091812 -0.31397061 0.01400000 0.90196078 0.67450980 0.42745098
v -0.23863448 -0.31099451 0.00000000 0.90196078 0.67450980 0.42745098
v -0.24091812 -0.31397061 -0.01400000 0.90196078 0.67450980 0.42745098
v -0.24715714 -0.32210146 -0.02424871 0.90196078 0.67450980 0.42745098
v -0.25567980 -0.33320840 -0.02800000 0.90196078 0.67450980 0.42745098
v -0.26420246 -0.34431535 -0.02424871 0.90196078 0.67450980 0.42745098
v -0.27044148 -0.35244620 -0.01400000 0.90196078 0.67450980 0.42745098
v -0.22400000 -0.38797938 0.00000000 0.90196078 0.67450980 0.42745098
v -0.22212436 -0.38473067 0.01400000 0.90196078 0.67450980 0.42745098
v -0.21700000 -0.37585503 0.02424871 0.90196078 0.67450980 0.42745098
v -0.21000000 -0.36373067 0.02800000 0.90196078 0.67450980 0.42745098
v -0.20300000 -0.35160631 0.02424871 0.90196078 0.67450980 0.42745098
v -0.19787564 -0.34273067 0.01400000 0.90196078 0.67450980 0.42745098
v -0.19600000 -0.33948196 0.00000000 0.90196078 0.67450980 0.42745098
v -0.19787564 -0.34273067 -0.01400000 0.90196078 0.67450980 0.42745098
v -0.20300000 -0.35160631 -0.02424871 0.90196078 0.67450980 0.42745098
v -0.21000000 -0.36373067 -0.02800000 0.90196078 0.67450980 0.42745098
v -0.21700000 -0.37585503 -0.02424871 0.90196078 0.67450980 0.42745098
v -0.22212436 -0.38473067 -0.01400000 0.90196078 0.67450980 0.42745098
v -0.17144218 -0.41389803 0.00000000 0.90196078 0.67450980 0.42745098
v -0.17000662 -0.41043229 0.01400000 0.90196078 0.67450980 0.42745098
v -0.16608461 -0.40096372 0.02424871 0.90196078 0.67450980 0.42745098
v -0.16072704 -0.38802940 0.02800000 0.90196078 0.67450980 0.42745098
v -0.15536947 -0.37509509 0.02424871 0.90196078 0.67450980 0.42745098
v -0.15144746 -0.36562652 0.01400000 0.90196078 0.67450980 0.42745098
v -0.15001191 -0.36216078 0.00000000 0.90196078 0.67450980 0.42745098
v -0.15144746 -0.36562652 -0.01400000 0.90196078 0.67450980 0.42745098
v -0.15536947 -0.37509509 -0.02424871 0.90196078 0.67450980 0.42745098
v -0.16072704 -0.38802940 -0.02800000 0.90196078 0.67450980 0.42745098
v -0.16608461 -0.40096372 -0.02424871 0.90196078 0.67450980 0.42745098
v -0.17000662 -0.41043229 -0.01400000 0.90196078 0.67450980 0.42745098
v -0.11595093 -0.43273477 0.00000000 0.90196078 0.67450980 0.42745098
v -0.11498003 -0.42911130 0.01400000 0.90196078 0.67450980 0.42745098
v -0.11232747 -0.41921181 0.02424871 0.90196078 0.67450980 0.42745098
v -0.10870400 -0.40568885 0.02800000 0.90196078 0.67450980 0.42745098
v -0.10508053 -0.39216589 0.02424871 0.90196078 0.67450980 0.42745098
v -0.10242797 -0.38226639 0.01400000 0.90196078 0.67450980 0.42745098
v -0.10145707 -0.37864292 0.00000000 0.90196078 0.67450980 0.42745098
v -0.10242797 -0.38226639 -0.01400000 0.90196078 0.67450980 0.42745098
v -0.10508053 -0.39216589 -0.02424871 0.90196078 0.67450980 0.42745098
v -0.10870400 -0.40568885 -0.02800000 0.90196078 0.67450980 0.42745098
v -0.11232747 -0.41921181 -0.02424871 0.90196078 0.67450980 0.42745098
v -0.11498003 -0.42911130 -0.01400000 0.90196078 0.67450980 0.42745098
v -0.05847573 -0.44416730 0.00000000 0.90196078 0.67450980 0.42745098
v -0.05798609 -0.44044810 0.01400000 0.90196078 0.67450980 0.42745098
v -0.05664837 -0.43028707 0.02424871 0.90196078 0.67450980 0.42745098
v -0.05482100 -0.41640684 0.02800000 0.90196078 0.67450980 0.42745098
v -0.05299363 -0.40252661 0.02424871 0.90196078 0.67450980 0.42745098
v -0.05165591 -0.39236558 0.01400000 0.90196078 0.67450980 0.42745098
v -0.05116627 -0.38864639 0.00000000 0.90196078 0.67450980 0.42745098
v -0.05165591 -0.39236558 -0.01400000 0.90196078 0.67450980 0.42745098
v -0.05299363 -0.40252661 -0.02424871 0.90196078 0.67450980 0.42745098
v -0.05482100 -0.41640684 -0.02800000 0.90196078 0.67450980 0.42745098
v -0.05664837 -0.43028707 -0.02424871 0.90196078 0.67450980 0.42745098
v -0.05798609 -0.44044810 -0.01400000 0.90196078 0.67450980 0.42745098
v -0.00000000 -0.44800000 0.00000000 0.90196078 0.67450980 0.42745098
v -0.00000000 -0.44424871 0.01400000 0.90196078 0.67450980 0.42745098
v -0.00000000 -0.43400000 0.02424871 0.90196078 0.67450980 0.42745098
v -0.00000000 -0.42000000 0.02800000 0.90196078 0.67450980 0.42745098
v -0.00000000 -0.40600000 0.02424871 0.90196078 0.67450980 0.42745098
v -0.00000000 -0.39575129 0.01400000 0.90196078 0.67450980 0.42745098
v -0.00000000 -0.39200000 0.00000000 0.90196078 0.67450980 0.42745098
v -0.00000000 -0.39575129 -0.01400000 0.90196078 0.67450980 0.42745098
v -0.00000000 -0.40600000 -0.02424871 0.90196078 0.67450980 0.42745098
v -0.00000000 -0.42000000 -0.02800000 0.90196078 0.67450980 0.42745098
v -0.00000000 -0.43400000 -0.02424871 0.90196078 0.67450980 0.42745098
v -0.00000000 -0.44424871 -0.01400000 0.90196078 0.67450980 0.42745098
v 0.05847573 -0.44416730 0.00000000 0.90196078 0.67450980 0.42745098
v 0.05798609 -0.44044810 0.01400000 0.90196078 0.67450980 0.42745098
v 0.05664837 -0.43028707 0.02424871 0.90196078 0.67450980 0.42745098
v 0.05482100 -0.41640684 0.02800000 0.90196078 0.67450980 0.42745098
v 0.05299363 -0.40252661 0.02424871 0.90196078 0.67450980 0.42745098
v 0.05165591 -0.39236558 0.01400000 0.90196078 0.67450980 0.42745098
v 0.05116627 -0.38864639 0.00000000 0.90196078 0.67450980 0.42745098
v 0.05165591 -0.39236558 -0.01400000 0.90196078 0.67450980 0.42745098
v 0.05299363 -0.40252661 -0.02424871 0.90196078 0.67450980 0.42745098
v 0.05482100 -0.41640684 -0.02800000 0.90196078 0.67450980 0.42745098
v 0.05664837 -0.43028707 -0.02424871 0.90196078 0.67450980 0.42745098
v 0.05798609 -0.44044810 -0.01400000 0.90196078 0.67450980 0.42745098
v 0.11595093 -0.43273477 0.00000000 0.90196078 0.67450980 0.42745098
v 0.11498003 -0.42911130 0.01400000 0.90196078 0.67450980 0.42745098
v 0.11232747 -0.41921181 0.02424871 0.90196078 0.67450980 0.42745098
v 0.10870400 -0.40568885 0.02800000 0.90196078 0.67450980 0.42745098
v 0.10508053 -0.39216589 0.02424871 0.90196078 0.67450980 0.42745098
v 0.10242797 -0.38226639 0.01400000 0.90196078 0.67450980 0.42745098
v 0.10145707 -0.37864292 0.00000000 0.90196078 0.67450980 0.42745098
v 0.10242797 -0.38226639 -0.01400000 0.90196078 0.67450980 0.42745098
v 0.10508053 -0.39216589 -0.02424871 0.90196078 0.67450980 0.42745098
v 0.10870400 -0.40568885 -0.02800000 0.90196078 0.67450980 0.42745098
v 0.11232747 -0.41921181 -0.02424871 0.90196078 0.67450980 0.42745098
v 0.11498003 -0.42911130 -0.01400000 0.90196078 0.67450980 0.42745098
v 0.17144218 -0.41389803 0.00000000 0.90196078 0.67450980 0.42745098
v 0.17000662 -0.41043229 0.01400000 0.90196078 0.67450980 0.42745098
v 0.16608461 -0.40096372 0.02424871 0.90196078 0.67450980 0.42745098
v 0.16072704 -0.38802940 0.02800000 0.90196078 0.67450980 0.42745098
v 0.15536947 -0.37509509 0.02424871 0.90196078 0.67450980 0.42745098
v 0.15144746 -0.36562652 0.01400000 0.90196078 0.67450980 0.42745098
v 0.15001191 -0.36216078 0.00000000 0.90196078 0.67450980 0.42745098
v 0.15144746 -0.36562652 -0.01400000 0.90196078 0.67450980 0.42745098
v 0.15536947 -0.37509509 -0.02424871 0.90196078 0.67450980 0.42745098
v 0.16072704 -0.38802940 -0.02800000 0.90196078 0.67450980 0.42745098
v 0.16608461 -0.40096372 -0.02424871 0.90196078 0.67450980 0.42745098
v 0.17000662 -0.41043229 -0.01400000 0.90196078 0.67450980 0.42745098
v 0.22400000 -0.38797938 0.00000000 0.90196078 0.67450980 0.42745098
v 0.22212436 -0.38473067 0.01400000 0.90196078 0.67450980 0.42745098
v 0.21700000 -0.37585503 0.02424871 0.90196078 0.67450980 0.42745098
v 0.21000000 -0.36373067 0.02800000 0.90196078 0.67450980 0.42745098
v 0.20300000 -0.35160631 0.02424871 0.90196078 0.67450980 0.42745098
v 0.19787564 -0.34273067 0.01400000 0.90196078 0.67450980 0.42745098
v 0.19600000 -0.33948196 0.00000000 0.90196078 0.67450980 0.42745098
v 0.19787564 -0.34273067 -0.01400000 0.90196078 0.67450980 0.42745098
v 0.20300000 -0.35160631 -0.02424871 0.90196078 0.67450980 0.42745098
v 0.21000000 -0.36373067 -0.02800000 0.90196078 0.67450980 0.42745098
v 0.21700000 -0.37585503 -0.02424871 0.90196078 0.67450980 0.42745098
v 0.22212436 -0.38473067 -0.01400000 0.90196078 0.67450980 0.42745098
v 0.27272512 -0.35542230 0.00000000 0.90196078 0.67450980 0.42745098
v 0.27044148 -0.35244620 0.01400000 0.90196078 0.67450980 0.42745098
v 0.26420246 -0.34431535 0.02424871 0.90196078 0.67450980 0.42745098
v 0.25567980 -0.33320840 0.02800000 0.90196078 0.67450980 0.42745098
v 0.24715714 -0.32210146 0.02424871 0.90196078 0.67450980 0.42745098
v 0.24091812 -0.31397061 0.01400000 0.90196078 0.67450980 0.42745098
v 0.23863448 -0.31099451 0.00000000 0.90196078 0.67450980 0.42745098
v 0.24091812 -0.31397061 -0.01400000 0.90196078 0.67450980 0.42745098
v 0.24715714 -0.32210146 -0.02424871 0.90196078 0.67450980 0.42745098
v 0.25567980 -0.33320840 -0.02800000 0.90196078 0.67450980 0.42745098
v 0.26420246 -0.34431535 -0.02424871 0.90196078 0.67450980 0.42745098
v 0.27044148 -0.35244620 -0.01400000 0.90196078 0.67450980 0.42745098
v 0.31678384 -0.31678384 0.00000000 0.90196078 0.67450980 0.42745098
v 0.31413128 -0.31413128 0.01400000 0.90196078 0.67450980 0.42745098
v 0.30688434 -0.30688434 0.02424871 0.90196078 0.67450980 0.42745098
v 0.29698485 -0.29698485 0.02800000 0.90196078 0.67450980 0.42745098
v 0.28708535 -0.28708535 0.02424871 0.90196078 0.67450980 0.42745098
v 0.27983842 -0.27983842 0.01400000 0.90196078 0.67450980 0.42745098
v 0.27718586 -0.27718586 0.00000000 0.90196078 0.67450980 0.42745098
v 0.27983842 -0.27983842 -0.01400000 0.90196078 0.67450980 0.42745098
v 0.28708535 -0.28708535 -0.02424871 0.90196078 0.67450980 0.42745098
v 0.29698485 -0.29698485 -0.02800000 0.90196078 0.67450980 0.42745098
v 0.30688434 -0.30688434 -0.02424871 0.90196078 0.67450980 0.42745098
v 0.31413128 -0.31413128 -0.01400000 0.90196078 0.67450980 0.42745098
v 0.35542230 -0.27272512 0.00000000 0.90196078 0.67450980 0.42745098
v 0.35244620 -0.27044148 0.01400000 0.90196078 0.67450980 0.42745098
v 0.34431535 -0.26420246 0.02424871 0.90196078 0.67450980 0.42745098
v 0.33320840 -0.25567980 0.02800000 0.90196078 0.67450980 0.42745098
v 0.32210146 -0.24715714 0.02424871 0.90196078 0.67450980 0.42745098
v 0.31397061 -0.24091812 0.01400000 0.90196078 0.67450980 0.42745098
v 0.31099451 -0.23863448 0.00000000 0.90196078 0.67450980 0.42745098
v 0.31397061 -0.24091812 -0.01400000 0.90196078 0.67450980 0.42745098
v 0.32210146 -0.24715714 -0.02424871 0.90196078 0.67450980 0.42745098
v 0.33320840 -0.25567980 -0.02800000 0.90196078 0.67450980 0.42745098
v 0.34431535 -0.26420246 -0.02424871 0.90196078 0.67450980 0.42745098
v 0.35244620 -0.27044148 -0.01400000 0.90196078 0.67450980 0.42745098
v 0.38797938 -0.22400000 0.00000000 0.90196078 0.67450980 0.42745098
v 0.38473067 -0.22212436 0.01400000 0.90196078 0.67450980 0.42745098
v 0.37585503 -0.21700000 0.02424871 0.90196078 0.67450980 0.42745098
v 0.36373067 -0.21000000 0.02800000 0.90196078 0.67450980 0.42745098
v 0.35160631 -0.20300000 0.02424871 0.90196078 0.67450980 0.42745098
v 0.34273067 -0.19787564 0.01400000 0.90196078 0.67450980 0.42745098
v 0.33948196 -0.19600000 0.00000000 0.90196078 0.67450980 0.42745098
v 0.34273067 -0.19787564 -0.01400000 0.90196078 0.67450980 0.42745098
v 0.35160631 -0.20300000 -0.02424871 0.90196078 0.67450980 0.42745098
v 0.36373067 -0.21000000 -0.02800000 0.90196078 0.67450980 0.42745098
v 0.37585503 -0.21700000 -0.02424871 0.90196078 0.67450980 0.42745098
v 0.38473067 -0.22212436 -0.01400000 0.90196078 0.67450980 0.42745098
v 0.41389803 -0.17144218 0.00000000 0.90196078 0.67450980 0.42745098
v 0.41043229 -0.17000662 0.01400000 0.90196078 0.67450980 0.42745098
v 0.40096372 -0.16608461 0.02424871 0.90196078 0.67450980 0.42745098
v 0.38802940 -0.16072704 0.02800000 0.90196078 0.67450980 0.42745098
v 0.37509509 -0.15536947 0.02424871 0.90196078 0.67450980 0.42745098
v 0.36562652 -0.15144746 0.01400000 0.90196078 0.67450980 0.42745098
v 0.36216078 -0.15001191 0.00000000 0.90196078 0.67450980 0.42745098
v 0.36562652 -0.15144746 -0.01400000 0.90196078 0.67450980 0.42745098
v 0.37509509 -0.15536947 -0.02424871 0.90196078 0.67450980 0.42745098
v 0.38802940 -0.16072704 -0.02800000 0.90196078 0.67450980 0.42745098
v 0.40096372 -0.16608461 -0.02424871 0.90196078 0.67450980 0.42745098
v 0.41043229 -0.17000662 -0.01400000 0.90196078 0.67450980 0.42745098
v 0.43273477 -0.11595093 0.00000000 0.90196078 0.67450980 0.42745098
v 0.42911130 -0.11498003 0.01400000 0.90196078 0.67450980 0.42745098
v 0.41921181 -0.11232747 0.02424871 0.90196078 0.67450980 0.42745098
v 0.40568885 -0.10870400 0.02800000 0.90196078 0.67450980 0.42745098
v 0.39216589 -0.10508053 0.02424871 0.90196078 0.67450980 0.42745098
v 0.38226639 -0.10242797 0.01400000 0.90196078 0.67450980 0.42745098
v 0.37864292 -0.10145707 0.00000000 0.90196078 0.67450980 0.42745098
v 0.38226639 -0.10242797 -0.01400000 0.90196078 0.67450980 0.42745098
v 0.39216589 -0.10508053 -0.02424871 0.90196078 0.67450980 0.42745098
v 0.40568885 -0.10870400 -0.02800000 0.90196078 0.67450980 0.42745098
v 0.41921181 -0.11232747 -0.02424871 0.90196078 0.67450980 0.42745098
v 0.42911130 -0.11498003 -0.01400000 0.90196078 0.67450980 0.42745098
v 0.44416730 -0.05847573 0.00000000 0.90196078 0.67450980 0.42745098
v 0.44044810 -0.05798609 0.01400000 0.90196078 0.67450980 0.42745098
v 0.43028707 -0.05664837 0.02424871 0.90196078 0.67450980 0.42745098
v 0.41640684 -0.05482100 0.02800000 0.90196078 0.67450980 0.42745098
v 0.40252661 -0.05299363 0.02424871 0.90196078 0.67450980 0.42745098
v 0.39236558 -0.05165591 0.01400000 0.90196078 0.67450980 0.42745098
v 0.38864639 -0.05116627 0.00000000 0.90196078 0.67450980 0.42745098
v 0.39236558 -0.05165591 -0.01400000 0.90196078 0.67450980 0.42745098
v 0.40252661 -0.05299363 -0.02424871 0.90196078 0.67450980 0.42745098
v 0.41640684 -0.05482100 -0.02800000 0.90196078 0.67450980 0.42745098
v 0.43028707 -0.05664837 -0.02424871 0.90196078 0.67450980 0.42745098
v 0.44044810 -0.05798609 -0.01400000 0.90196078 0.67450980 0.42745098
f 643 655 644
f 644 655 656
f 644 656 645
f 645 656 657
f 645 657 646
f 646 657 658
f 646 658 647
f 647 658 659
f 647 659 648
f 648 659 660
f 648 660 649
f 649 660 661
f 649 661 650
f 650 661 662
f 650 662 651
f 651 662 663
f 651 663 652
f 652 663 664
f 652 664 653
f 653 664 665
f 653 665 654
f 654 665 666
f 654 666 655
f 655 666 667
f 655 667 656
f 656 667 668
f 656 668 657
f 657 668 669
f 657 669 658
f 658 669 670
f 658 670 659
f 659 670 671
f 659 671 660
f 660 671 672
f 660 672 661
f 661 672 673
f 661 673 662
f 662 673 674
f 662 674 663
f 663 674 675
f 663 675 664
f 664 675 676
f 664 676 665
f 665 676 677
f 665 677 666
f 666 677 678
f 666 678 667
f 667 678 679
f 667 679 668
f 668 679 680
f 668 680 669
f 669 680 681
f 669 681 670
f 670 681 682
f 670 682 671
f 671 682 683
f 671 683 672
f 672 683 684
f 672 684 673
f 673 684 685
f 673 685 674
f 674 685 686
f 674 686 675
f 675 686 687
f 675 687 676
f 676 687 688
f 676 688 677
f 677 688 689
f 677 689 678
f 678 689 690
f 678 690 679
f 679 690 691
f 679 691 680
f 680 691 692
f 680 692 681
f 681 692 693
f 681 693 682
f 682 693 694
f 682 694 683
f 683 694 695
f 683 695 684
f 684 695 696
f 684 696 685
f 685 696 697
f 685 697 686
f 686 697 698
f 686 698 687
f 687 698 699
f 687 699 688
f 688 699 700
f 688 700 689
f 689 700 701
f 689 701 690
f 690 701 702
f 690 702 691
f 691 702 703
f 691 703 692
f 692 703 704
f 692 704 693
f 693 704 705
f 693 705 694
f 694 705 706
f 694 706 695
f 695 706 707
f 695 707 696
f 696 707 708
f 696 708 697
f 697 708 709
f 697 709 698
f 698 709 710
f 698 710 699
f 699 710 711
f 699 711 700
f 700 711 712
f 700 712 701
f 701 712 713
f 701 713 702
f 702 713 714
f 702 714 703
f 703 714 715
f 703 715 704
f 704 715 716
f 704 716 705
f 705 716 717
f 705 717 706
f 706 717 718
f 706 718 707
f 707 718 719
f 707 719 708
f 708 719 720
f 708 720 709
f 709 720 721
f 709 721 710
f 710 721 722
f 710 722 711
f 711 722 723
f 711 723 712
f 712 723 724
f 712 724 713
f 713 724 725
f 713 725 714
f 714 725 726
f 714 726 715
f 715 726 727
f 715 727 716
f 716 727 728
f 716 728 717
f 717 728 729
f 717 729 718
f 718 729 730
f 718 730 719
f 719 730 731
f 719 731 720
f 720 731 732
f 720 732 721
f 721 732 733
f 721 733 722
f 722 733 734
f 722 734 723
f 723 734 735
f 723 735 724
f 724 735 736
f 724 736 725
f 725 736 737
f 725 737 726
f 726 737 738
f 726 738 727
f 727 738 739
f 727 739 728
f 728 739 740
f 728 740 729
f 729 740 741
f 729 741 730
f 730 741 742
f 730 742 731
f 731 742 743
f 731 743 732
f 732 743 744
f 732 744 733
f 733 744 745
f 733 745 734
f 734 745 746
f 734 746 735
f 735 746 747
f 735 747 736
f 736 747 748
f 736 748 737
f 737 748 749
f 737 749 738
f 738 749 750
f 738 750 739
f 739 750 751
f 739 751 740
f 740 751 752
f 740 752 741
f 741 752 753
f 741 753 742
f 742 753 754
f 742 754 743
f 743 754 755
f 743 755 744
f 744 755 756
f 744 756 745
f 745 756 757
f 745 757 746
f 746 757 758
f 746 758 747
f 747 758 759
f 747 759 748
f 748 759 760
f 748 760 749
f 749 760 761
f 749 761 750
f 750 761 762
f 750 762 751
f 751 762 763
f 751 763 752
f 752 763 764
f 752 764 753
f 753 764 765
f 753 765 754
f 754 765 766
f 754 766 755
f 755 766 767
f 755 767 756
f 756 767 768
f 756 768 757
f 757 768 769
f 757 769 758
f 758 769 770
f 758 770 759
f 759 770 771
f 759 771 760
f 760 771 772
f 760 772 761
f 761 772 773
f 761 773 762
f 762 773 774
f 762 774 763
f 763 774 775
f 763 775 764
f 764 775 776
f 764 776 765
f 765 776 777
f 765 777 766
f 766 777 778
f 766 778 767
f 767 778 779
f 767 779 768
f 768 779 780
f 768 780 769
f 769 780 781
f 769 781 770
f 770 781 782
f 770 782 771
f 771 782 783
f 771 783 772
f 772 783 784
f 772 784 773
f 773 784 785
f 773 785 774
f 774 785 786
f 774 786 775
f 775 786 787
f 775 787 776
f 776 787 788
f 776 788 777
f 777 788 789
f 777 789 778
f 778 789 790
f 778 790 779
f 779 790 791
f 779 791 780
f 780 791 792
f 780 792 781
f 781 792 793
f 781 793 782
f 782 793 794
f 782 794 783
f 783 794 795
f 783 795 784
f 784 795 796
f 784 796 785
f 785 796 797
f 785 797 786
f 786 797 798
f 786 798 787
f 787 798 799
f 787 799 788
f 788 799 800
f 788 800 789
f 789 800 801
f 789 801 790
f 790 801 802
f 790 802 791
f 791 802 803
f 791 803 792
f 792 803 804
f 792 804 793
f 793 804 805
f 793 805 794
f 794 805 806
f 794 806 795
f 795 806 807
f 795 807 796
f 796 807 808
f 796 808 797
f 797 808 809
f 797 809 798
f 798 809 810
f 798 810 799
f 799 810 811
f 799 811 800
f 800 811 812
f 800 812 801
f 801 812 813
f 801 813 802
f 802 813 814
f 802 814 803
f 803 814 815
f 803 815 804
f 804 815 816
f 804 816 805
f 805 816 817
f 805 817 806
f 806 817 818
f 806 818 807
f 807 818 819
f 807 819 808
f 808 819 820
f 808 820 809
f 809 820 821
f 809 821 810
f 810 821 822
f 810 822 811
f 811 822 823
f 811 823 812
f 812 823 824
f 812 824 813
f 813 824 825
f 813 825 814
f 814 825 826
f 814 826 815
f 815 826 827
f 815 827 816
f 816 827 828
f 816 828 817
f 817 828 829
f 817 829 818
f 818 829 830
f 818 830 819
f 819 830 831
f 819 831 820
f 820 831 832
f 820 832 821
f 821 832 833
f 821 833 822
f 822 833 834
f 822 834 823
f 823 834 835
f 823 835 824
f 824 835 836
f 824 836 825
f 825 836 837
f 825 837 826
f 826 837 838
f 826 838 827
f 827 838 839
f 827 839 828
f 828 839 840
f 828 840 829
f 829 840 841
f 829 841 830
f 830 841 842
f 830 842 831
f 831 842 843
f 831 843 832
f 832 843 844
f 832 844 833
f 833 844 845
f 833 845 834
f 834 845 846
f 834 846 835
f 835 846 847
f 835 847 836
f 836 847 848
f 836 848 837
f 837 848 849
f 837 849 838
f 838 849 850
f 838 850 839
f 839 850 851
f 839 851 840
f 840 851 852
f 840 852 841
f 841 852 853
f 841 853 842
f 842 853 854
f 842 854 843
f 843 854 855
f 843 855 844
f 844 855 856
f 844 856 845
f 845 856 857
f 845 857 846
f 846 857 858
f 846 858 847
f 847 858 859
f 847 859 848
f 848 859 860
f 848 860 849
f 849 860 861
f 849 861 850
f 850 861 862
f 850 862 851
f 851 862 863
f 851 863 852
f 852 863 864
f 852 864 853
f 853 864 865
f 853 865 854
f 854 865 866
f 854 866 855
f 855 866 867
f 855 867 856
f 856 867 868
f 856 868 857
f 857 868 869
f 857 869 858
f 858 869 870
f 858 870 859
f 859 870 871
f 859 871 860
f 860 871 872
f 860 872 861
f 861 872 873
f 861 873 862
f 862 873 874
f 862 874 863
f 863 874 875
f 863 875 864
f 864 875 876
f 864 876 865
f 865 876 877
f 865 877 866
f 866 877 878
f 866 878 867
f 867 878 879
f 867 879 868
f 868 879 880
f 868 880 869
f 869 880 881
f 869 881 870
f 870 881 882
f 870 882 871
f 871 882 883
f 871 883 872
f 872 883 884
f 872 884 873
f 873 884 885
f 873 885 874
f 874 885 886
f 874 886 875
f 875 886 887
f 875 887 876
f 876 887 888
f 876 888 877
f 877 888 889
f 877 889 878
f 878 889 890
f 878 890 879
f 879 890 891
f 879 891 880
f 880 891 892
f 880 892 881
f 881 892 893
f 881 893 882
f 882 893 894
f 882 894 883
f 883 894 895
f 883 895 884
f 884 895 896
f 884 896 885
f 885 896 897
f 885 897 886
f 886 897 898
f 886 898 887
f 887 898 899
f 887 899 888
f 888 899 900
f 888 900 889
f 889 900 901
f 889 901 890
f 890 901 902
f 890 902 891
f 891 902 903
f 891 903 892
f 892 903 904
f 892 904 893
f 893 904 905
f 893 905 894
f 894 905 906
f 894 906 895
f 895 906 907
f 895 907 896
f 896 907 908
f 896 908 897
f 897 908 909
f 897 909 898
f 898 909 910
f 898 910 899
f 899 910 911
f 899 911 900
f 900 911 912
f 900 912 901
f 901 912 913
f 901 913 902
f 902 913 914
f 902 914 903
f 903 914 915
f 903 915 904
f 904 915 916
f 904 916 905
f 905 916 917
f 905 917 906
f 906 917 918
f 906 918 907
f 907 918 919
f 907 919 908
f 908 919 920
f 908 920 909
f 909 920 921
f 909 921 910
f 910 921 922
f 910 922 911
f 911 922 923
f 911 923 912
f 912 923 924
f 912 924 913
f 913 924 925
f 913 925 914
f 914 925 926
f 914 926 915
f 915 926 927
f 915 927 916
f 916 927 928
f 916 928 917
f 917 928 929
f 917 929 918
f 918 929 930
f 918 930 919
f 919 930 931
f 919 931 920
f 920 931 932
f 920 932 921
f 921 932 933
f 921 933 922
f 922 933 934
f 922 934 923
f 923 934 935
f 923 935 924
f 924 935 936
f 924 936 925
f 925 936 937
f 925 937 926
f 926 937 938
f 926 938 927
f 927 938 939
f 927 939 928
f 928 939 940
f 928 940 929
f 929 940 941
f 929 941 930
f 930 941 942
f 930 942 931
f 931 942 943
f 931 943 932
f 932 943 944
f 932 944 933
f 933 944 945
f 933 945 934
f 934 945 946
f 934 946 935
f 935 946 947
f 935 947 936
f 936 947 948
f 936 948 937
f 937 948 949
f 937 949 938
f 938 949 950
f 938 950 939
f 939 950 951
f 939 951 940
f 940 951 952
f 940 952 941
f 941 952 953
f 941 953 942
f 942 953 954
f 942 954 943
f 943 954 955
f 943 955 944
f 944 955 956
f 944 956 945
f 945 956 957
f 945 957 946
f 946 957 958
f 946 958 947
f 947 958 959
f 947 959 948
f 948 959 960
f 948 960 949
f 949 960 961
f 949 961 950
f 950 961 962
f 950 962 951
f 951 962 963
f 951 963 952
f 952 963 964
f 952 964 953
f 953 964 965
f 953 965 954
f 954 965 966
f 954 966 955
f 955 966 967
f 955 967 956
f 956 967 968
f 956 968 957
f 957 968 969
f 957 969 958
f 958 969 970
f 958 970 959
f 959 970 971
f 959 971 960
f 960 971 972
f 960 972 961
f 961 972 973
f 961 973 962
f 962 973 974
f 962 974 963
f 963 974 975
f 963 975 964
f 964 975 976
f 964 976 965
f 965 976 977
f 965 977 966
f 966 977 978
f 966 978 967
f 967 978 979
f 967 979 968
f 968 979 980
f 968 980 969
f 969 980 981
f 969 981 970
f 970 981 982
f 970 982 971
f 971 982 983
f 971 983 972
f 972 983 984
f 972 984 973
f 973 984 985
f 973 985 974
f 974 985 986
f 974 986 975
f 975 986 987
f 975 987 976
f 976 987 988
f 976 988 977
f 977 988 989
f 977 989 978
f 978 989 990
f 978 990 979
f 979 990 991
f 979 991 980
f 980 991 992
f 980 992 981
f 981 992 993
f 981 993 982
f 982 993 994
f 982 994 983
f 983 994 995
f 983 995 984
f 984 995 996
f 984 996 985
f 985 996 997
f 985 997 986
f 986 997 998
f 986 998 987
f 987 998 999
f 987 999 988
f 988 999 1000
f 988 1000 989
f 989 1000 1001
f 989 1001 990
f 990 1001 1002
f 990 1002 991
f 991 1002 1003
f 991 1003 992
f 992 1003 1004
f 992 1004 993
f 993 1004 1005
f 993 1005 994
f 994 1005 1006
f 994 1006 995
f 995 1006 1007
f 995 1007 996
f 996 1007 1008
f 996 1008 997
f 997 1008 1009
f 997 1009 998
f 998 1009 1010
f 998 1010 999
f 999 1010 1011
f 999 1011 1000
f 1000 1011 1012
f 1000 1012 1001
f 1001 1012 1013
f 1001 1013 1002
f 1002 1013 1014
f 1002 1014 1003
f 1003 1014 1015
f 1003 1015 1004
f 1004 1015 1016
f 1004 1016 1005
f 1005 1016 1017
f 1005 1017 1006
f 1006 1017 1018
f 1006 1018 1007
f 1007 1018 1019
f 1007 1019 1008
f 1008 1019 1020
f 1008 1020 1009
f 1009 1020 1021
f 1009 1021 1010
f 1010 1021 1022
f 1010 1022 1011
f 1011 1022 1023
f 1011 1023 1012
f 1012 1023 1024
f 1012 1024 1013
f 1013 1024 1025
f 1013 1025 1014
f 1014 1025 1026
f 1014 1026 1015
f 1015 1026 1027
f 1015 1027 1016
f 1016 1027 1028
f 1016 1028 1017
f 1017 1028 1029
f 1017 1029 1018
f 1018 1029 1030
f 1018 1030 1019
f 1019 1030 1031
f 1019 1031 1020
f 1020 1031 1032
f 1020 1032 1021
f 1021 1032 1033
f 1021 1033 1022
f 1022 1033 1034
f 1022 1034 1023
f 1023 1034 1035
f 1023 1035 1024
f 1024 1035 1036
f 1024 1036 1025
f 1025 1036 1037
f 1025 1037 1026
f 1026 1037 1038
f 1026 1038 1027
f 1027 1038 1039
f 1027 1039 1028
f 1028 1039 1040
f 1028 1040 1029
f 1029 1040 1041
f 1029 1041 1030
f 1030 1041 1042
f 1030 1042 1031
f 1031 1042 1043
f 1031 1043 1032
f 1032 1043 1044
f 1032 1044 1033
f 1033 1044 1045
f 1033 1045 1034
f 1034 1045 1046
f 1034 1046 1035
f 1035 1046 1047
f 1035 1047 1036
f 1036 1047 1048
f 1036 1048 1037
f 1037 1048 1049
f 1037 1049 1038
f 1038 1049 1050
f 1038 1050 1039
f 1039 1050 1051
f 1039 1051 1040
f 1040 1051 1052
f 1040 1052 1041
f 1041 1052 1053
f 1041 1053 1042
f 1042 1053 1054
f 1042 1054 1043
f 1043 1054 1055
f 1043 1055 1044
f 1044 1055 1056
f 1044 1056 1045
f 1045 1056 1057
f 1045 1057 1046
f 1046 1057 1058
f 1046 1058 1047
f 1047 1058 1059
f 1047 1059 1048
f 1048 1059 1060
f 1048 1060 1049
f 1049 1060 1061
f 1049 1061 1050
f 1050 1061 1062
f 1050 1062 1051
f 1051 1062 1063
f 1051 1063 1052
f 1052 1063 1064
f 1052 1064 1053
f 1053 1064 1065
f 1053 1065 1054
f 1054 1065 1066
f 1054 1066 1055
f 1055 1066 1067
f 1055 1067 1056
f 1056 1067 1068
f 1056 1068 1057
f 1057 1068 1069
f 1057 1069 1058
f 1058 1069 1070
f 1058 1070 1059
f 1059 1070 1071
f 1059 1071 1060
f 1060 1071 1072
f 1060 1072 1061
f 1061 1072 1073
f 1061 1073 1062
f 1062 1073 1074
f 1062 1074 1063
f 1063 1074 1075
f 1063 1075 1064
f 1064 1075 1076
f 1064 1076 1065
f 1065 1076 1077
f 1065 1077 1066
f 1066 1077 1078
f 1066 1078 1067
f 1067 1078 1079
f 1067 1079 1068
f 1068 1079 1080
f 1068 1080 1069
f 1069 1080 1081
f 1069 1081 1070
f 1070 1081 1082
f 1070 1082 1071
f 1071 1082 1083
f 1071 1083 1072
f 1072 1083 1084
f 1072 1084 1073
f 1073 1084 1085
f 1073 1085 1074
f 1074 1085 1086
f 1074 1086 1075
f 1075 1086 1087
f 1075 1087 1076
f 1076 1087 1088
f 1076 1088 1077
f 1077 1088 1089
f 1077 1089 1078
f 1078 1089 1090
f 1078 1090 1079
f 1079 1090 1091
f 1079 1091 1080
f 1080 1091 1092
f 1080 1092 1081
f 1081 1092 1093
f 1081 1093 1082
f 1082 1093 1094
f 1082 1094 1083
f 1083 1094 1095
f 1083 1095 1084
f 1084 1095 1096
f 1084 1096 1085
f 1085 1096 1097
f 1085 1097 1086
f 1086 1097 1098
f 1086 1098 1087
f 1087 1098 1099
f 1087 1099 1088
f 1088 1099 1100
f 1088 1100 1089
f 1089 1100 1101
f 1089 1101 1090
f 1090 1101 1102
f 1090 1102 1091
f 1091 1102 1103
f 1091 1103 1092
f 1092 1103 1104
f 1092 1104 1093
f 1093 1104 1105
f 1093 1105 1094
f 1094 1105 1106
f 1094 1106 1095
f 1095 1106 1107
f 1095 1107 1096
f 1096 1107 1108
f 1096 1108 1097
f 1097 1108 1109
f 1097 1109 1098
f 1098 1109 1110
f 1098 1110 1099
f 1099 1110 1111
f 1099 1111 1100
f 1100 1111 1112
f 1100 1112 1101
f 1101 1112 1113
f 1101 1113 1102
f 1102 1113 1114
f 1102 1114 1103
f 1103 1114 1115
f 1103 1115 1104
f 1104 1115 1116
f 1104 1116 1105
f 1105 1116 1117
f 1105 1117 1106
f 1106 1117 1118
f 1106 1118 1107
f 1107 1118 1119
f 1107 1119 1108
f 1108 1119 1120
f 1108 1120 1109
f 1109 1120 1121
f 1109 1121 1110
f 1110 1121 1122
f 1110 1122 1111
f 1111 1122 1123
f 1111 1123 1112
f 1112 1123 1124
f 1112 1124 1113
f 1113 1124 1125
f 1113 1125 1114
f 1114 1125 1126
f 1114 1126 1115
f 1115 1126 1127
f 1115 1127 1116
f 1116 1127 1128
f 1116 1128 1117
f 1117 1128 1129
f 1117 1129 1118
f 1118 1129 1130
f 1118 1130 1119
f 1119 1130 1131
f 1119 1131 1120
f 1120 1131 1132
f 1120 1132 1121
f 1121 1132 1133
f 1121 1133 1122
f 1122 1133 1134
f 1122 1134 1123
f 1123 1134 1135
f 1123 1135 1124
f 1124 1135 1136
f 1124 1136 1125
f 1125 1136 1137
f 1125 1137 1126
f 1126 1137 1138
f 1126 1138 1127
f 1127 1138 1139
f 1127 1139 1128
f 1128 1139 1140
f 1128 1140 1129
f 1129 1140 1141
f 1129 1141 1130
f 1130 1141 1142
f 1130 1142 1131
f 1131 1142 1143
f 1131 1143 1132
f 1132 1143 1144
f 1132 1144 1133
f 1133 1144 1145
f 1133 1145 1134
f 1134 1145 1146
f 1134 1146 1135
f 1135 1146 1147
f 1135 1147 1136
f 1136 1147 1148
f 1136 1148 1137
f 1137 1148 1149
f 1137 1149 1138
f 1138 1149 1150
f 1138 1150 1139
f 1139 1150 1151
f 1139 1151 1140
f 1140 1151 1152
f 1140 1152 1141
f 1141 1152 1153
f 1141 1153 1142
f 1142 1153 1154
f 1142 1154 1143
f 1143 1154 1155
f 1143 1155 1144
f 1144 1155 1156
f 1144 1156 1145
f 1145 1156 1157
f 1145 1157 1146
f 1146 1157 1158
f 1146 1158 1147
f 1147 1158 1159
f 1147 1159 1148
f 1148 1159 1160
f 1148 1160 1149
f 1149 1160 1161
f 1149 1161 1150
f 1150 1161 1162
f 1150 1162 1151
f 1151 1162 1163
f 1151 1163 1152
f 1152 1163 1164
f 1152 1164 1153
f 1153 1164 1165
f 1153 1165 1154
f 1154 1165 1166
f 1154 1166 1155
f 1155 1166 1167
f 1155 1167 1156
f 1156 1167 1168
f 1156 1168 1157
f 1157 1168 1169
f 1157 1169 1158
f 1158 1169 1170
f 1158 1170 1159
f 1159 1170 1171
f 1159 1171 1160
f 1160 1171 1172
f 1160 1172 1161
f 1161 1172 1173
f 1161 1173 1162
f 1162 1173 1174
f 1162 1174 1163
f 1163 1174 1175
f 1163 1175 1164
f 1164 1175 1176
f 1164 1176 1165
f 1165 1176 1177
f 1165 1177 1166
f 1166 1177 1178
f 1166 1178 1167
f 1167 1178 1179
f 1167 1179 1168
f 1168 1179 1180
f 1168 1180 1169
f 1169 1180 1181
f 1169 1181 1170
f 1170 1181 1182
f 1170 1182 1171
f 1171 1182 1183
f 1171 1183 1172
f 1172 1183 1184
f 1172 1184 1173
f 1173 1184 1185
f 1173 1185 1174
f 1174 1185 1186
f 1174 1186 1175
f 1175 1186 1187
f 1175 1187 1176
f 1176 1187 1188
f 1176 1188 1177
f 1177 1188 1189
f 1177 1189 1178
f 1178 1189 1190
f 1178 1190 1179
f 1179 1190 1191
f 1179 1191 1180
f 1180 1191 1192
f 1180 1192 1181
f 1181 1192 1193
f 1181 1193 1182
f 1182 1193 1194
f 1182 1194 1183
f 1183 1194 1195
f 1183 1195 1184
f 1184 1195 1196
f 1184 1196 1185
f 1185 1196 1197
f 1185 1197 1186
f 1186 1197 1198
f 1186 1198 1187
f 1187 1198 1199
f 1187 1199 1188
f 1188 1199 1200
f 1188 1200 1189
f 1189 1200 1201
f 1189 1201 1190
f 1190 1201 1202
f 1190 1202 1191
f 1191 1202 1203
f 1191 1203 1192
f 1192 1203 1204
f 1192 1204 1193
f 1193 1204 1205
f 1193 1205 1194
f 1194 1205 1206
f 1194 1206 1195
f 1195 1206 1207
f 1195 1207 1196
f 1196 1207 1208
f 1196 1208 1197
f 1197 1208 1209
f 1197 1209 1198
f 1198 1209 1210
f 1198 1210 1199
f 1199 1210 1211
f 1199 1211 1200
f 1200 1211 1212
f 1200 1212 1201
f 1201 1212 1213
f 1201 1213 1202
f 1202 1213 1214
f 1202 1214 1203
f 1203 1214 1215
f 1203 1215 1204
f 1204 1215 1216
f 1204 1216 1205
f 1205 1216 1217
f 1205 1217 1206
f 1206 1217 1218
f 1206 1218 1207
f 1207 1218 643
f 1207 643 1208
f 1208 643 644
f 1208 644 1209
f 1209 644 645
f 1209 645 1210
f 1210 645 646
f 1210 646 1211
f 1211 646 647
f 1211 647 1212
f 1212 647 648
f 1212 648 1213
f 1213 648 649
f 1213 649 1214
f 1214 649 650
f 1214 650 1215
f 1215 650 651
f 1215 651 1216
f 1216 651 652
f 1216 652 1217
f 1217 652 653
f 1217 653 1218
f 1218 653 654
f 1218 654 643
f 643 654 655

o phototropic_cap_2
v -0.06834504 0.11058461 1.02000000 0.30980392 0.83921569 0.81568627
v 0.06834504 0.11058461 1.02000000 0.30980392 0.83921569 0.81568627
v -0.06834504 -0.11058461 1.02000000 0.30980392 0.83921569 0.81568627
v 0.06834504 -0.11058461 1.02000000 0.30980392 0.83921569 0.81568627
v 0.00000000 -0.06834504 1.13058461 0.30980392 0.83921569 0.81568627
v 0.00000000 0.06834504 1.13058461 0.30980392 0.83921569 0.81568627
v 0.00000000 -0.06834504 0.90941539 0.30980392 0.83921569 0.81568627
v 0.00000000 0.06834504 0.90941539 0.30980392 0.83921569 0.81568627
v 0.11058461 0.00000000 0.95165496 0.30980392 0.83921569 0.81568627
v 0.11058461 0.00000000 1.08834504 0.30980392 0.83921569 0.81568627
v -0.11058461 0.00000000 0.95165496 0.30980392 0.83921569 0.81568627
v -0.11058461 0.00000000 1.08834504 0.30980392 0.83921569 0.81568627
v 0.00000000 0.13000000 1.02000000 0.30980392 0.83921569 0.81568627
v 0.00000000 -0.13000000 1.02000000 0.30980392 0.83921569 0.81568627
v -0.04017221 -0.10517221 1.08500000 0.30980392 0.83921569 0.81568627
v 0.04017221 -0.10517221 1.08500000 0.30980392 0.83921569 0.81568627
v -0.04017221 0.10517221 1.08500000 0.30980392 0.83921569 0.81568627
v 0.04017221 0.10517221 1.08500000 0.30980392 0.83921569 0.81568627
v 0.00000000 0.00000000 1.15000000 0.30980392 0.83921569 0.81568627
v -0.04017221 -0.10517221 0.95500000 0.30980392 0.83921569 0.81568627
v 0.04017221 -0.10517221 0.95500000 0.30980392 0.83921569 0.81568627
v -0.04017221 0.10517221 0.95500000 0.30980392 0.83921569 0.81568627
v 0.04017221 0.10517221 0.95500000 0.30980392 0.83921569 0.81568627
v 0.00000000 0.00000000 0.89000000 0.30980392 0.83921569 0.81568627
v 0.10517221 0.06500000 0.97982779 0.30980392 0.83921569 0.81568627
v 0.10517221 -0.06500000 0.97982779 0.30980392 0.83921569 0.81568627
v 0.06500000 -0.04017221 0.91482779 0.30980392 0.83921569 0.81568627
v 0.06500000 0.04017221 0.91482779 0.30980392 0.83921569 0.81568627
v 0.10517221 0.06500000 1.06017221 0.30980392 0.83921569 0.81568627
v 0.10517221 -0.06500000 1.06017221 0.30980392 0.83921569 0.81568627
v 0.06500000 -0.04017221 1.12517221 0.30980392 0.83921569 0.81568627
v 0.06500000 0.04017221 1.12517221 0.30980392 0.83921569 0.81568627
v 0.13000000 0.00000000 1.02000000 0.30980392 0.83921569 0.81568627
v -0.10517221 0.06500000 0.97982779 0.30980392 0.83921569 0.81568627
v -0.10517221 -0.06500000 0.97982779 0.30980392 0.83921569 0.81568627
v -0.06500000 -0.04017221 0.91482779 0.30980392 0.83921569 0.81568627
v -0.06500000 0.04017221 0.91482779 0.30980392 0.83921569 0.81568627
v -0.10517221 0.06500000 1.06017221 0.30980392 0.83921569 0.81568627
v -0.10517221 -0.06500000 1.06017221 0.30980392 0.83921569 0.81568627
v -0.06500000 -0.04017221 1.12517221 0.30980392 0.83921569 0.81568627
v -0.06500000 0.04017221 1.12517221 0.30980392 0.83921569 0.81568627
v -0.13000000 0.00000000 1.02000000 0.30980392 0.83921569 0.81568627
v -0.03552465 0.12505199 1.02000000 0.30980392 0.83921569 0.81568627
v 0.03552465 0.12505199 1.02000000 0.30980392 0.83921569 0.81568627
v -0.03552465 -0.12505199 1.02000000 0.30980392 0.83921569 0.81568627
v 0.03552465 -0.12505199 1.02000000 0.30980392 0.83921569 0.81568627
v -0.05640551 -0.11214690 1.05378595 0.30980392 0.83921569 0.81568627
v -0.02088086 -0.09019146 1.11126604 0.30980392 0.83921569 0.81568627
v -0.02111978 -0.12363735 1.05417252 0.30980392 0.83921569 0.81568627
v 0.05640551 -0.11214690 1.05378595 0.30980392 0.83921569 0.81568627
v 0.02088086 -0.09019146 1.11126604 0.30980392 0.83921569 0.81568627
v 0.02111978 -0.12363735 1.05417252 0.30980392 0.83921569 0.81568627
v 0.00000000 -0.11058461 1.08834504 0.30980392 0.83921569 0.81568627
v -0.05640551 0.11214690 1.05378595 0.30980392 0.83921569 0.81568627
v -0.02088086 0.09019146 1.11126604 0.30980392 0.83921569 0.81568627
v -0.02111978 0.12363735 1.05417252 0.30980392 0.83921569 0.81568627
v 0.05640551 0.11214690 1.05378595 0.30980392 0.83921569 0.81568627
v 0.02088086 0.09019146 1.11126604 0.30980392 0.83921569 0.81568627
v 0.02111978 0.12363735 1.05417252 0.30980392 0.83921569 0.81568627
v 0.00000000 0.11058461 1.08834504 0.30980392 0.83921569 0.81568627
v 0.00000000 -0.03552465 1.14505199 0.30980392 0.83921569 0.81568627
v 0.00000000 0.03552465 1.14505199 0.30980392 0.83921569 0.81568627
v -0.05640551 -0.11214690 0.98621405 0.30980392 0.83921569 0.81568627
v -0.02088086 -0.09019146 0.92873396 0.30980392 0.83921569 0.81568627
v -0.02111978 -0.12363735 0.98582748 0.30980392 0.83921569 0.81568627
v 0.05640551 -0.11214690 0.98621405 0.30980392 0.83921569 0.81568627
v 0.02088086 -0.09019146 0.92873396 0.30980392 0.83921569 0.81568627
v 0.02111978 -0.12363735 0.98582748 0.30980392 0.83921569 0.81568627
v 0.00000000 -0.11058461 0.95165496 0.30980392 0.83921569 0.81568627
v -0.05640551 0.11214690 0.98621405 0.30980392 0.83921569 0.81568627
v -0.02088086 0.09019146 0.92873396 0.30980392 0.83921569 0.81568627
v -0.02111978 0.12363735 0.98582748 0.30980392 0.83921569 0.81568627
v 0.05640551 0.11214690 0.98621405 0.30980392 0.83921569 0.81568627
v 0.02088086 0.09019146 0.92873396 0.30980392 0.83921569 0.81568627
v 0.02111978 0.12363735 0.98582748 0.30980392 0.83921569 0.81568627
v 0.00000000 0.11058461 0.95165496 0.30980392 0.83921569 0.81568627
v 0.00000000 -0.03552465 0.89494801 0.30980392 0.83921569 0.81568627
v 0.00000000 0.03552465 0.89494801 0.30980392 0.83921569 0.81568627
v 0.09019146 0.09126604 0.99911914 0.30980392 0.83921569 0.81568627
v 0.11214690 0.03378595 0.96359449 0.30980392 0.83921569 0.81568627
v 0.07641208 0.08946482 0.96470770 0.30980392 0.83921569 0.81568627
v 0.09019146 -0.09126604 0.99911914 0.30980392 0.83921569 0.81568627
v 0.11214690 -0.03378595 0.96359449 0.30980392 0.83921569 0.81568627
v 0.07641208 -0.08946482 0.96470770 0.30980392 0.83921569 0.81568627
v 0.03378595 -0.05640551 0.90785310 0.30980392 0.83921569 0.81568627
v 0.09126604 -0.02088086 0.92980854 0.30980392 0.83921569 0.81568627
v 0.05529230 -0.07641208 0.93053518 0.30980392 0.83921569 0.81568627
v 0.03417252 -0.02111978 0.89636265 0.30980392 0.83921569 0.81568627
v 0.08946482 -0.05529230 0.94358792 0.30980392 0.83921569 0.81568627
v 0.03378595 0.05640551 0.90785310 0.30980392 0.83921569 0.81568627
v 0.09126604 0.02088086 0.92980854 0.30980392 0.83921569 0.81568627
v 0.05529230 0.07641208 0.93053518 0.30980392 0.83921569 0.81568627
v 0.03417252 0.02111978 0.89636265 0.30980392 0.83921569 0.81568627
v 0.08946482 0.05529230 0.94358792 0.30980392 0.83921569 0.81568627
v 0.06834504 0.00000000 0.90941539 0.30980392 0.83921569 0.81568627
v 0.09019146 0.09126604 1.04088086 0.30980392 0.83921569 0.81568627
v 0.11214690 0.03378595 1.07640551 0.30980392 0.83921569 0.81568627
v 0.07641208 0.08946482 1.07529230 0.30980392 0.83921569 0.81568627
v 0.11058461 0.06834504 1.02000000 0.30980392 0.83921569 0.81568627
v 0.09019146 -0.09126604 1.04088086 0.30980392 0.83921569 0.81568627
v 0.11214690 -0.03378595 1.07640551 0.30980392 0.83921569 0.81568627
v 0.07641208 -0.08946482 1.07529230 0.30980392 0.83921569 0.81568627
v 0.11058461 -0.06834504 1.02000000 0.30980392 0.83921569 0.81568627
v 0.03378595 -0.05640551 1.13214690 0.30980392 0.83921569 0.81568627
v 0.09126604 -0.02088086 1.11019146 0.30980392 0.83921569 0.81568627
v 0.05529230 -0.07641208 1.10946482 0.30980392 0.83921569 0.81568627
v 0.03417252 -0.02111978 1.14363735 0.30980392 0.83921569 0.81568627
v 0.08946482 -0.05529230 1.09641208 0.30980392 0.83921569 0.81568627
v 0.03378595 0.05640551 1.13214690 0.30980392 0.83921569 0.81568627
v 0.09126604 0.02088086 1.11019146 0.30980392 0.83921569 0.81568627
v 0.05529230 0.07641208 1.10946482 0.30980392 0.83921569 0.81568627
v 0.03417252 0.02111978 1.14363735 0.30980392 0.83921569 0.81568627
v 0.08946482 0.05529230 1.09641208 0.30980392 0.83921569 0.81568627
v 0.06834504 0.00000000 1.13058461 0.30980392 0.83921569 0.81568627
v 0.12505199 0.00000000 0.98447535 0.30980392 0.83921569 0.81568627
v 0.12505199 0.00000000 1.05552465 0.30980392 0.83921569 0.81568627
v 0.12363735 0.03417252 0.99888022 0.30980392 0.83921569 0.81568627
v 0.12363735 -0.03417252 0.99888022 0.30980392 0.83921569 0.81568627
v 0.12363735 0.03417252 1.04111978 0.30980392 0.83921569 0.81568627
v 0.12363735 -0.03417252 1.04111978 0.30980392 0.83921569 0.81568627
v -0.09019146 0.09126604 0.99911914 0.30980392 0.83921569 0.81568627
v -0.11214690 0.03378595 0.96359449 0.30980392 0.83921569 0.81568627
v -0.07641208 0.08946482 0.96470770 0.30980392 0.83921569 0.81568627
v -0.09019146 -0.09126604 0.99911914 0.30980392 0.83921569 0.81568627
v -0.11214690 -0.03378595 0.96359449 0.30980392 0.83921569 0.81568627
v -0.07641208 -0.08946482 0.96470770 0.30980392 0.83921569 0.81568627
v -0.03378595 -0.05640551 0.90785310 0.30980392 0.83921569 0.81568627
v -0.09126604 -0.02088086 0.92980854 0.30980392 0.83921569 0.81568627
v -0.05529230 -0.07641208 0.93053518 0.30980392 0.83921569 0.81568627
v -0.03417252 -0.02111978 0.89636265 0.30980392 0.83921569 0.81568627
v -0.08946482 -0.05529230 0.94358792 0.30980392 0.83921569 0.81568627
v -0.03378595 0.05640551 0.90785310 0.30980392 0.83921569 0.81568627
v -0.09126604 0.02088086 0.92980854 0.30980392 0.83921569 0.81568627
v -0.05529230 0.07641208 0.93053518 0.30980392 0.83921569 0.81568627
v -0.03417252 0.02111978 0.89636265 0.30980392 0.83921569 0.81568627
v -0.08946482 0.05529230 0.94358792 0.30980392 0.83921569 0.81568627
v -0.06834504 0.00000000 0.90941539 0.30980392 0.83921569 0.81568627
v -0.09019146 0.09126604 1.04088086 0.30980392 0.83921569 0.81568627
v -0.11214690 0.03378595 1.07640551 0.30980392 0.83921569 0.81568627
v -0.07641208 0.08946482 1.07529230 0.30980392 0.83921569 0.81568627
v -0.11058461 0.06834504 1.02000000 0.30980392 0.83921569 0.81568627
v -0.09019146 -0.09126604 1.04088086 0.30980392 0.83921569 0.81568627
v -0.11214690 -0.03378595 1.07640551 0.30980392 0.83921569 0.81568627
v -0.07641208 -0.08946482 1.07529230 0.30980392 0.83921569 0.81568627
v -0.11058461 -0.06834504 1.02000000 0.30980392 0.83921569 0.81568627
v -0.03378595 -0.05640551 1.13214690 0.30980392 0.83921569 0.81568627
v -0.09126604 -0.02088086 1.11019146 0.30980392 0.83921569 0.81568627
v -0.05529230 -0.07641208 1.10946482 0.30980392 0.83921569 0.81568627
v -0.03417252 -0.02111978 1.14363735 0.30980392 0.83921569 0.81568627
v -0.08946482 -0.05529230 1.09641208 0.30980392 0.83921569 0.81568627
v -0.03378595 0.05640551 1.13214690 0.30980392 0.83921569 0.81568627
v -0.09126604 0.02088086 1.11019146 0.30980392 0.83921569 0.81568627
v -0.05529230 0.07641208 1.10946482 0.30980392 0.83921569 0.81568627
v -0.03417252 0.02111978 1.14363735 0.30980392 0.83921569 0.81568627
v -0.08946482 0.05529230 1.09641208 0.30980392 0.83921569 0.81568627
v -0.06834504 0.00000000 1.13058461 0.30980392 0.83921569 0.81568627
v -0.12505199 0.00000000 0.98447535 0.30980392 0.83921569 0.81568627
v -0.12505199 0.00000000 1.05552465 0.30980392 0.83921569 0.81568627
v -0.12363735 0.03417252 0.99888022 0.30980392 0.83921569 0.81568627
v -0.12363735 -0.03417252 0.99888022 0.30980392 0.83921569 0.81568627
v -0.12363735 0.03417252 1.04111978 0.30980392 0.83921569 0.81568627
v -0.12363735 -0.03417252 1.04111978 0.30980392 0.83921569 0.81568627
f 1219 1356 1272
f 1356 1256 1358
f 1272 1358 1235
f 1356 1358 1272
f 1256 1357 1373
f 1357 1230 1370
f 1373 1370 1259
f 1357 1370 1373
f 1235 1371 1273
f 1371 1259 1369
f 1273 1369 1224
f 1371 1369 1273
f 1256 1373 1358
f 1373 1259 1371
f 1358 1371 1235
f 1373 1371 1358
f 1219 1272 1261
f 1272 1235 1274
f 1261 1274 1231
f 1272 1274 1261
f 1235 1273 1278
f 1273 1224 1276
f 1278 1276 1236
f 1273 1276 1278
f 1231 1277 1262
f 1277 1236 1275
f 1262 1275 1220
f 1277 1275 1262
f 1235 1278 1274
f 1278 1236 1277
f 1274 1277 1231
f 1278 1277 1274
f 1219 1261 1288
f 1261 1231 1290
f 1288 1290 1240
f 1261 1290 1288
f 1231 1262 1293
f 1262 1220 1291
f 1293 1291 1241
f 1262 1291 1293
f 1240 1294 1289
f 1294 1241 1292
f 1289 1292 1226
f 1294 1292 1289
f 1231 1293 1290
f 1293 1241 1294
f 1290 1294 1240
f 1293 1294 1290
f 1219 1288 1339
f 1288 1240 1341
f 1339 1341 1252
f 1288 1341 1339
f 1240 1289 1352
f 1289 1226 1350
f 1352 1350 1255
f 1289 1350 1352
f 1252 1354 1340
f 1354 1255 1351
f 1340 1351 1229
f 1354 1351 1340
f 1240 1352 1341
f 1352 1255 1354
f 1341 1354 1252
f 1352 1354 1341
f 1219 1339 1356
f 1339 1252 1359
f 1356 1359 1256
f 1339 1359 1356
f 1252 1340 1377
f 1340 1229 1375
f 1377 1375 1260
f 1340 1375 1377
f 1256 1379 1357
f 1379 1260 1376
f 1357 1376 1230
f 1379 1376 1357
f 1252 1377 1359
f 1377 1260 1379
f 1359 1379 1256
f 1377 1379 1359
f 1220 1275 1314
f 1275 1236 1316
f 1314 1316 1247
f 1275 1316 1314
f 1236 1276 1329
f 1276 1224 1327
f 1329 1327 1250
f 1276 1327 1329
f 1247 1331 1315
f 1331 1250 1328
f 1315 1328 1228
f 1331 1328 1315
f 1236 1329 1316
f 1329 1250 1331
f 1316 1331 1247
f 1329 1331 1316
f 1224 1369 1280
f 1369 1259 1372
f 1280 1372 1237
f 1369 1372 1280
f 1259 1370 1374
f 1370 1230 1365
f 1374 1365 1258
f 1370 1365 1374
f 1237 1367 1279
f 1367 1258 1364
f 1279 1364 1223
f 1367 1364 1279
f 1259 1374 1372
f 1374 1258 1367
f 1372 1367 1237
f 1374 1367 1372
f 1230 1376 1361
f 1376 1260 1380
f 1361 1380 1257
f 1376 1380 1361
f 1260 1375 1378
f 1375 1229 1343
f 1378 1343 1253
f 1375 1343 1378
f 1257 1363 1360
f 1363 1253 1342
f 1360 1342 1221
f 1363 1342 1360
f 1260 1378 1380
f 1378 1253 1363
f 1380 1363 1257
f 1378 1363 1380
f 1229 1351 1346
f 1351 1255 1355
f 1346 1355 1254
f 1351 1355 1346
f 1255 1350 1353
f 1350 1226 1296
f 1353 1296 1242
f 1350 1296 1353
f 1254 1348 1345
f 1348 1242 1295
f 1345 1295 1225
f 1348 1295 1345
f 1255 1353 1355
f 1353 1242 1348
f 1355 1348 1254
f 1353 1348 1355
f 1226 1292 1308
f 1292 1241 1310
f 1308 1310 1246
f 1292 1310 1308
f 1241 1291 1299
f 1291 1220 1297
f 1299 1297 1243
f 1291 1297 1299
f 1246 1312 1309
f 1312 1243 1298
f 1309 1298 1227
f 1312 1298 1309
f 1241 1299 1310
f 1299 1243 1312
f 1310 1312 1246
f 1299 1312 1310
f 1222 1318 1268
f 1318 1248 1320
f 1268 1320 1234
f 1318 1320 1268
f 1248 1319 1326
f 1319 1228 1323
f 1326 1323 1249
f 1319 1323 1326
f 1234 1324 1269
f 1324 1249 1322
f 1269 1322 1223
f 1324 1322 1269
f 1248 1326 1320
f 1326 1249 1324
f 1320 1324 1234
f 1326 1324 1320
f 1222 1268 1264
f 1268 1234 1270
f 1264 1270 1232
f 1268 1270 1264
f 1234 1269 1271
f 1269 1223 1266
f 1271 1266 1233
f 1269 1266 1271
f 1232 1267 1263
f 1267 1233 1265
f 1263 1265 1221
f 1267 1265 1263
f 1234 1271 1270
f 1271 1233 1267
f 1270 1267 1232
f 1271 1267 1270
f 1222 1264 1284
f 1264 1232 1286
f 1284 1286 1239
f 1264 1286 1284
f 1232 1263 1283
f 1263 1221 1281
f 1283 1281 1238
f 1263 1281 1283
f 1239 1287 1285
f 1287 1238 1282
f 1285 1282 1225
f 1287 1282 1285
f 1232 1283 1286
f 1283 1238 1287
f 1286 1287 1239
f 1283 1287 1286
f 1222 1284 1300
f 1284 1239 1302
f 1300 1302 1244
f 1284 1302 1300
f 1239 1285 1305
f 1285 1225 1303
f 1305 1303 1245
f 1285 1303 1305
f 1244 1307 1301
f 1307 1245 1304
f 1301 1304 1227
f 1307 1304 1301
f 1239 1305 1302
f 1305 1245 1307
f 1302 1307 1244
f 1305 1307 1302
f 1222 1300 1318
f 1300 1244 1321
f 1318 1321 1248
f 1300 1321 1318
f 1244 1301 1336
f 1301 1227 1333
f 1336 1333 1251
f 1301 1333 1336
f 1248 1338 1319
f 1338 1251 1334
f 1319 1334 1228
f 1338 1334 1319
f 1244 1336 1321
f 1336 1251 1338
f 1321 1338 1248
f 1336 1338 1321
f 1223 1322 1279
f 1322 1249 1325
f 1279 1325 1237
f 1322 1325 1279
f 1249 1323 1332
f 1323 1228 1328
f 1332 1328 1250
f 1323 1328 1332
f 1237 1330 1280
f 1330 1250 1327
f 1280 1327 1224
f 1330 1327 1280
f 1249 1332 1325
f 1332 1250 1330
f 1325 1330 1237
f 1332 1330 1325
f 1221 1265 1360
f 1265 1233 1362
f 1360 1362 1257
f 1265 1362 1360
f 1233 1266 1366
f 1266 1223 1364
f 1366 1364 1258
f 1266 1364 1366
f 1257 1368 1361
f 1368 1258 1365
f 1361 1365 1230
f 1368 1365 1361
f 1233 1366 1362
f 1366 1258 1368
f 1362 1368 1257
f 1366 1368 1362
f 1225 1282 1345
f 1282 1238 1347
f 1345 1347 1254
f 1282 1347 1345
f 1238 1281 1344
f 1281 1221 1342
f 1344 1342 1253
f 1281 1342 1344
f 1254 1349 1346
f 1349 1253 1343
f 1346 1343 1229
f 1349 1343 1346
f 1238 1344 1347
f 1344 1253 1349
f 1347 1349 1254
f 1344 1349 1347
f 1227 1304 1309
f 1304 1245 1313
f 1309 1313 1246
f 1304 1313 1309
f 1245 1303 1306
f 1303 1225 1295
f 1306 1295 1242
f 1303 1295 1306
f 1246 1311 1308
f 1311 1242 1296
f 1308 1296 1226
f 1311 1296 1308
f 1245 1306 1313
f 1306 1242 1311
f 1313 1311 1246
f 1306 1311 1313
f 1228 1334 1315
f 1334 1251 1337
f 1315 1337 1247
f 1334 1337 1315
f 1251 1333 1335
f 1333 1227 1298
f 1335 1298 1243
f 1333 1298 1335
f 1247 1317 1314
f 1317 1243 1297
f 1314 1297 1220
f 1317 1297 1314
f 1251 1335 1337
f 1335 1243 1317
f 1337 1317 1247
f 1335 1317 1337

o radiator_bloom_3
v 0.00000000 0.00000000 -1.55000000 0.83921569 0.54901961 0.37647059
v 0.42000000 0.00000000 -1.55000000 0.83921569 0.54901961 0.37647059
v 0.00000000 0.00000000 -1.00000000 0.83921569 0.54901961 0.37647059
v 0.41192982 0.08193794 -1.55000000 0.83921569 0.54901961 0.37647059
v 0.38802940 0.16072704 -1.55000000 0.83921569 0.54901961 0.37647059
v 0.34921724 0.23333950 -1.55000000 0.83921569 0.54901961 0.37647059
v 0.29698485 0.29698485 -1.55000000 0.83921569 0.54901961 0.37647059
v 0.23333950 0.34921724 -1.55000000 0.83921569 0.54901961 0.37647059
v 0.16072704 0.38802940 -1.55000000 0.83921569 0.54901961 0.37647059
v 0.08193794 0.41192982 -1.55000000 0.83921569 0.54901961 0.37647059
v 0.00000000 0.42000000 -1.55000000 0.83921569 0.54901961 0.37647059
v -0.08193794 0.41192982 -1.55000000 0.83921569 0.54901961 0.37647059
v -0.16072704 0.38802940 -1.55000000 0.83921569 0.54901961 0.37647059
v -0.23333950 0.34921724 -1.55000000 0.83921569 0.54901961 0.37647059
v -0.29698485 0.29698485 -1.55000000 0.83921569 0.54901961 0.37647059
v -0.34921724 0.23333950 -1.55000000 0.83921569 0.54901961 0.37647059
v -0.38802940 0.16072704 -1.55000000 0.83921569 0.54901961 0.37647059
v -0.41192982 0.08193794 -1.55000000 0.83921569 0.54901961 0.37647059
v -0.42000000 0.00000000 -1.55000000 0.83921569 0.54901961 0.37647059
v -0.41192982 -0.08193794 -1.55000000 0.83921569 0.54901961 0.37647059
v -0.38802940 -0.16072704 -1.55000000 0.83921569 0.54901961 0.37647059
v -0.34921724 -0.23333950 -1.55000000 0.83921569 0.54901961 0.37647059
v -0.29698485 -0.29698485 -1.55000000 0.83921569 0.54901961 0.37647059
v -0.23333950 -0.34921724 -1.55000000 0.83921569 0.54901961 0.37647059
v -0.16072704 -0.38802940 -1.55000000 0.83921569 0.54901961 0.37647059
v -0.08193794 -0.41192982 -1.55000000 0.83921569 0.54901961 0.37647059
v -0.00000000 -0.42000000 -1.55000000 0.83921569 0.54901961 0.37647059
v 0.08193794 -0.41192982 -1.55000000 0.83921569 0.54901961 0.37647059
v 0.16072704 -0.38802940 -1.55000000 0.83921569 0.54901961 0.37647059
v 0.23333950 -0.34921724 -1.55000000 0.83921569 0.54901961 0.37647059
v 0.29698485 -0.29698485 -1.55000000 0.83921569 0.54901961 0.37647059
v 0.34921724 -0.23333950 -1.55000000 0.83921569 0.54901961 0.37647059
v 0.38802940 -0.16072704 -1.55000000 0.83921569 0.54901961 0.37647059
v 0.41192982 -0.08193794 -1.55000000 0.83921569 0.54901961 0.37647059
f 1382 1381 1384
f 1382 1384 1383
f 1384 1381 1385
f 1384 1385 1383
f 1385 1381 1386
f 1385 1386 1383
f 1386 1381 1387
f 1386 1387 1383
f 1387 1381 1388
f 1387 1388 1383
f 1388 1381 1389
f 1388 1389 1383
f 1389 1381 1390
f 1389 1390 1383
f 1390 1381 1391
f 1390 1391 1383
f 1391 1381 1392
f 1391 1392 1383
f 1392 1381 1393
f 1392 1393 1383
f 1393 1381 1394
f 1393 1394 1383
f 1394 1381 1395
f 1394 1395 1383
f 1395 1381 1396
f 1395 1396 1383
f 1396 1381 1397
f 1396 1397 1383
f 1397 1381 1398
f 1397 1398 1383
f 1398 1381 1399
f 1398 1399 1383
f 1399 1381 1400
f 1399 1400 1383
f 1400 1381 1401
f 1400 1401 1383
f 1401 1381 1402
f 1401 1402 1383
f 1402 1381 1403
f 1402 1403 1383
f 1403 1381 1404
f 1403 1404 1383
f 1404 1381 1405
f 1404 1405 1383
f 1405 1381 1406
f 1405 1406 1383
f 1406 1381 1407
f 1406 1407 1383
f 1407 1381 1408
f 1407 1408 1383
f 1408 1381 1409
f 1408 1409 1383
f 1409 1381 1410
f 1409 1410 1383
f 1410 1381 1411
f 1410 1411 1383
f 1411 1381 1412
f 1411 1412 1383
f 1412 1381 1413
f 1412 1413 1383
f 1413 1381 1414
f 1413 1414 1383
f 1414 1381 1382
f 1414 1382 1383

o mining_root_4
v 0.00000000 0.00000000 -1.05000000 0.30980392 0.83921569 0.81568627
v 0.12000000 0.00000000 -1.05000000 0.30980392 0.83921569 0.81568627
v 0.00000000 -0.00000000 -1.60000000 0.30980392 0.83921569 0.81568627
v 0.11769423 -0.02341084 -1.05000000 0.30980392 0.83921569 0.81568627
v 0.11086554 -0.04592201 -1.05000000 0.30980392 0.83921569 0.81568627
v 0.09977635 -0.06666843 -1.05000000 0.30980392 0.83921569 0.81568627
v 0.08485281 -0.08485281 -1.05000000 0.30980392 0.83921569 0.81568627
v 0.06666843 -0.09977635 -1.05000000 0.30980392 0.83921569 0.81568627
v 0.04592201 -0.11086554 -1.05000000 0.30980392 0.83921569 0.81568627
v 0.02341084 -0.11769423 -1.05000000 0.30980392 0.83921569 0.81568627
v 0.00000000 -0.12000000 -1.05000000 0.30980392 0.83921569 0.81568627
v -0.02341084 -0.11769423 -1.05000000 0.30980392 0.83921569 0.81568627
v -0.04592201 -0.11086554 -1.05000000 0.30980392 0.83921569 0.81568627
v -0.06666843 -0.09977635 -1.05000000 0.30980392 0.83921569 0.81568627
v -0.08485281 -0.08485281 -1.05000000 0.30980392 0.83921569 0.81568627
v -0.09977635 -0.06666843 -1.05000000 0.30980392 0.83921569 0.81568627
v -0.11086554 -0.04592201 -1.05000000 0.30980392 0.83921569 0.81568627
v -0.11769423 -0.02341084 -1.05000000 0.30980392 0.83921569 0.81568627
v -0.12000000 -0.00000000 -1.05000000 0.30980392 0.83921569 0.81568627
v -0.11769423 0.02341084 -1.05000000 0.30980392 0.83921569 0.81568627
v -0.11086554 0.04592201 -1.05000000 0.30980392 0.83921569 0.81568627
v -0.09977635 0.06666843 -1.05000000 0.30980392 0.83921569 0.81568627
v -0.08485281 0.08485281 -1.05000000 0.30980392 0.83921569 0.81568627
v -0.06666843 0.09977635 -1.05000000 0.30980392 0.83921569 0.81568627
v -0.04592201 0.11086554 -1.05000000 0.30980392 0.83921569 0.81568627
v -0.02341084 0.11769423 -1.05000000 0.30980392 0.83921569 0.81568627
v -0.00000000 0.12000000 -1.05000000 0.30980392 0.83921569 0.81568627
v 0.02341084 0.11769423 -1.05000000 0.30980392 0.83921569 0.81568627
v 0.04592201 0.11086554 -1.05000000 0.30980392 0.83921569 0.81568627
v 0.06666843 0.09977635 -1.05000000 0.30980392 0.83921569 0.81568627
v 0.08485281 0.08485281 -1.05000000 0.30980392 0.83921569 0.81568627
v 0.09977635 0.06666843 -1.05000000 0.30980392 0.83921569 0.81568627
v 0.11086554 0.04592201 -1.05000000 0.30980392 0.83921569 0.81568627
v 0.11769423 0.02341084 -1.05000000 0.30980392 0.83921569 0.81568627
f 1416 1415 1418
f 1416 1418 1417
f 1418 1415 1419
f 1418 1419 1417
f 1419 1415 1420
f 1419 1420 1417
f 1420 1415 1421
f 1420 1421 1417
f 1421 1415 1422
f 1421 1422 1417
f 1422 1415 1423
f 1422 1423 1417
f 1423 1415 1424
f 1423 1424 1417
f 1424 1415 1425
f 1424 1425 1417
f 1425 1415 1426
f 1425 1426 1417
f 1426 1415 1427
f 1426 1427 1417
f 1427 1415 1428
f 1427 1428 1417
f 1428 1415 1429
f 1428 1429 1417
f 1429 1415 1430
f 1429 1430 1417
f 1430 1415 1431
f 1430 1431 1417
f 1431 1415 1432
f 1431 1432 1417
f 1432 1415 1433
f 1432 1433 1417
f 1433 1415 1434
f 1433 1434 1417
f 1434 1415 1435
f 1434 1435 1417
f 1435 1415 1436
f 1435 1436 1417
f 1436 1415 1437
f 1436 1437 1417
f 1437 1415 1438
f 1437 1438 1417
f 1438 1415 1439
f 1438 1439 1417
f 1439 1415 1440
f 1439 1440 1417
f 1440 1415 1441
f 1440 1441 1417
f 1441 1415 1442
f 1441 1442 1417
f 1442 1415 1443
f 1442 1443 1417
f 1443 1415 1444
f 1443 1444 1417
f 1444 1415 1445
f 1444 1445 1417
f 1445 1415 1446
f 1445 1446 1417
f 1446 1415 1447
f 1446 1447 1417
f 1447 1415 1448
f 1447 1448 1417
f 1448 1415 1416
f 1448 1416 1417

o resource_anchor_5
v -0.08937429 0.14461064 -1.72000000 0.54117647 0.50196078 0.44705882
v 0.08937429 0.14461064 -1.72000000 0.54117647 0.50196078 0.44705882
v -0.08937429 -0.14461064 -1.72000000 0.54117647 0.50196078 0.44705882
v 0.08937429 -0.14461064 -1.72000000 0.54117647 0.50196078 0.44705882
v 0.00000000 -0.08937429 -1.57538936 0.54117647 0.50196078 0.44705882
v 0.00000000 0.08937429 -1.57538936 0.54117647 0.50196078 0.44705882
v 0.00000000 -0.08937429 -1.86461064 0.54117647 0.50196078 0.44705882
v 0.00000000 0.08937429 -1.86461064 0.54117647 0.50196078 0.44705882
v 0.14461064 0.00000000 -1.80937429 0.54117647 0.50196078 0.44705882
v 0.14461064 0.00000000 -1.63062571 0.54117647 0.50196078 0.44705882
v -0.14461064 0.00000000 -1.80937429 0.54117647 0.50196078 0.44705882
v -0.14461064 0.00000000 -1.63062571 0.54117647 0.50196078 0.44705882
v 0.00000000 0.17000000 -1.72000000 0.54117647 0.50196078 0.44705882
v 0.00000000 -0.17000000 -1.72000000 0.54117647 0.50196078 0.44705882
v -0.05253289 -0.13753289 -1.63500000 0.54117647 0.50196078 0.44705882
v 0.05253289 -0.13753289 -1.63500000 0.54117647 0.50196078 0.44705882
v -0.05253289 0.13753289 -1.63500000 0.54117647 0.50196078 0.44705882
v 0.05253289 0.13753289 -1.63500000 0.54117647 0.50196078 0.44705882
v 0.00000000 0.00000000 -1.55000000 0.54117647 0.50196078 0.44705882
v -0.05253289 -0.13753289 -1.80500000 0.54117647 0.50196078 0.44705882
v 0.05253289 -0.13753289 -1.80500000 0.54117647 0.50196078 0.44705882
v -0.05253289 0.13753289 -1.80500000 0.54117647 0.50196078 0.44705882
v 0.05253289 0.13753289 -1.80500000 0.54117647 0.50196078 0.44705882
v 0.00000000 0.00000000 -1.89000000 0.54117647 0.50196078 0.44705882
v 0.13753289 0.08500000 -1.77253289 0.54117647 0.50196078 0.44705882
v 0.13753289 -0.08500000 -1.77253289 0.54117647 0.50196078 0.44705882
v 0.08500000 -0.05253289 -1.85753289 0.54117647 0.50196078 0.44705882
v 0.08500000 0.05253289 -1.85753289 0.54117647 0.50196078 0.44705882
v 0.13753289 0.08500000 -1.66746711 0.54117647 0.50196078 0.44705882
v 0.13753289 -0.08500000 -1.66746711 0.54117647 0.50196078 0.44705882
v 0.08500000 -0.05253289 -1.58246711 0.54117647 0.50196078 0.44705882
v 0.08500000 0.05253289 -1.58246711 0.54117647 0.50196078 0.44705882
v 0.17000000 0.00000000 -1.72000000 0.54117647 0.50196078 0.44705882
v -0.13753289 0.08500000 -1.77253289 0.54117647 0.50196078 0.44705882
v -0.13753289 -0.08500000 -1.77253289 0.54117647 0.50196078 0.44705882
v -0.08500000 -0.05253289 -1.85753289 0.54117647 0.50196078 0.44705882
v -0.08500000 0.05253289 -1.85753289 0.54117647 0.50196078 0.44705882
v -0.13753289 0.08500000 -1.66746711 0.54117647 0.50196078 0.44705882
v -0.13753289 -0.08500000 -1.66746711 0.54117647 0.50196078 0.44705882
v -0.08500000 -0.05253289 -1.58246711 0.54117647 0.50196078 0.44705882
v -0.08500000 0.05253289 -1.58246711 0.54117647 0.50196078 0.44705882
v -0.17000000 0.00000000 -1.72000000 0.54117647 0.50196078 0.44705882
v -0.04645531 0.16352952 -1.72000000 0.54117647 0.50196078 0.44705882
v 0.04645531 0.16352952 -1.72000000 0.54117647 0.50196078 0.44705882
v -0.04645531 -0.16352952 -1.72000000 0.54117647 0.50196078 0.44705882
v 0.04645531 -0.16352952 -1.72000000 0.54117647 0.50196078 0.44705882
v -0.07376106 -0.14665364 -1.67581837 0.54117647 0.50196078 0.44705882
v -0.02730575 -0.11794268 -1.60065210 0.54117647 0.50196078 0.44705882
v -0.02761817 -0.16167961 -1.67531286 0.54117647 0.50196078 0.44705882
v 0.07376106 -0.14665364 -1.67581837 0.54117647 0.50196078 0.44705882
v 0.02730575 -0.11794268 -1.60065210 0.54117647 0.50196078 0.44705882
v 0.02761817 -0.16167961 -1.67531286 0.54117647 0.50196078 0.44705882
v 0.00000000 -0.14461064 -1.63062571 0.54117647 0.50196078 0.44705882
v -0.07376106 0.14665364 -1.67581837 0.54117647 0.50196078 0.44705882
v -0.02730575 0.11794268 -1.60065210 0.54117647 0.50196078 0.44705882
v -0.02761817 0.16167961 -1.67531286 0.54117647 0.50196078 0.44705882
v 0.07376106 0.14665364 -1.67581837 0.54117647 0.50196078 0.44705882
v 0.02730575 0.11794268 -1.60065210 0.54117647 0.50196078 0.44705882
v 0.02761817 0.16167961 -1.67531286 0.54117647 0.50196078 0.44705882
v 0.00000000 0.14461064 -1.63062571 0.54117647 0.50196078 0.44705882
v 0.00000000 -0.04645531 -1.55647048 0.54117647 0.50196078 0.44705882
v 0.00000000 0.04645531 -1.55647048 0.54117647 0.50196078 0.44705882
v -0.07376106 -0.14665364 -1.76418163 0.54117647 0.50196078 0.44705882
v -0.02730575 -0.11794268 -1.83934790 0.54117647 0.50196078 0.44705882
v -0.02761817 -0.16167961 -1.76468714 0.54117647 0.50196078 0.44705882
v 0.07376106 -0.14665364 -1.76418163 0.54117647 0.50196078 0.44705882
v 0.02730575 -0.11794268 -1.83934790 0.54117647 0.50196078 0.44705882
v 0.02761817 -0.16167961 -1.76468714 0.54117647 0.50196078 0.44705882
v 0.00000000 -0.14461064 -1.80937429 0.54117647 0.50196078 0.44705882
v -0.07376106 0.14665364 -1.76418163 0.54117647 0.50196078 0.44705882
v -0.02730575 0.11794268 -1.83934790 0.54117647 0.50196078 0.44705882
v -0.02761817 0.16167961 -1.76468714 0.54117647 0.50196078 0.44705882
v 0.07376106 0.14665364 -1.76418163 0.54117647 0.50196078 0.44705882
v 0.02730575 0.11794268 -1.83934790 0.54117647 0.50196078 0.44705882
v 0.02761817 0.16167961 -1.76468714 0.54117647 0.50196078 0.44705882
v 0.00000000 0.14461064 -1.80937429 0.54117647 0.50196078 0.44705882
v 0.00000000 -0.04645531 -1.88352952 0.54117647 0.50196078 0.44705882
v 0.00000000 0.04645531 -1.88352952 0.54117647 0.50196078 0.44705882
v 0.11794268 0.11934790 -1.74730575 0.54117647 0.50196078 0.44705882
v 0.14665364 0.04418163 -1.79376106 0.54117647 0.50196078 0.44705882
v 0.09992349 0.11699246 -1.79230532 0.54117647 0.50196078 0.44705882
v 0.11794268 -0.11934790 -1.74730575 0.54117647 0.50196078 0.44705882
v 0.14665364 -0.04418163 -1.79376106 0.54117647 0.50196078 0.44705882
v 0.09992349 -0.11699246 -1.79230532 0.54117647 0.50196078 0.44705882
v 0.04418163 -0.07376106 -1.86665364 0.54117647 0.50196078 0.44705882
v 0.11934790 -0.02730575 -1.83794268 0.54117647 0.50196078 0.44705882
v 0.07230532 -0.09992349 -1.83699246 0.54117647 0.50196078 0.44705882
v 0.04468714 -0.02761817 -1.88167961 0.54117647 0.50196078 0.44705882
v 0.11699246 -0.07230532 -1.81992349 0.54117647 0.50196078 0.44705882
v 0.04418163 0.07376106 -1.86665364 0.54117647 0.50196078 0.44705882
v 0.11934790 0.02730575 -1.83794268 0.54117647 0.50196078 0.44705882
v 0.07230532 0.09992349 -1.83699246 0.54117647 0.50196078 0.44705882
v 0.04468714 0.02761817 -1.88167961 0.54117647 0.50196078 0.44705882
v 0.11699246 0.07230532 -1.81992349 0.54117647 0.50196078 0.44705882
v 0.08937429 0.00000000 -1.86461064 0.54117647 0.50196078 0.44705882
v 0.11794268 0.11934790 -1.69269425 0.54117647 0.50196078 0.44705882
v 0.14665364 0.04418163 -1.64623894 0.54117647 0.50196078 0.44705882
v 0.09992349 0.11699246 -1.64769468 0.54117647 0.50196078 0.44705882
v 0.14461064 0.08937429 -1.72000000 0.54117647 0.50196078 0.44705882
v 0.11794268 -0.11934790 -1.69269425 0.54117647 0.50196078 0.44705882
v 0.14665364 -0.04418163 -1.64623894 0.54117647 0.50196078 0.44705882
v 0.09992349 -0.11699246 -1.64769468 0.54117647 0.50196078 0.44705882
v 0.14461064 -0.08937429 -1.72000000 0.54117647 0.50196078 0.44705882
v 0.04418163 -0.07376106 -1.57334636 0.54117647 0.50196078 0.44705882
v 0.11934790 -0.02730575 -1.60205732 0.54117647 0.50196078 0.44705882
v 0.07230532 -0.09992349 -1.60300754 0.54117647 0.50196078 0.44705882
v 0.04468714 -0.02761817 -1.55832039 0.54117647 0.50196078 0.44705882
v 0.11699246 -0.07230532 -1.62007651 0.54117647 0.50196078 0.44705882
v 0.04418163 0.07376106 -1.57334636 0.54117647 0.50196078 0.44705882
v 0.11934790 0.02730575 -1.60205732 0.54117647 0.50196078 0.44705882
v 0.07230532 0.09992349 -1.60300754 0.54117647 0.50196078 0.44705882
v 0.04468714 0.02761817 -1.55832039 0.54117647 0.50196078 0.44705882
v 0.11699246 0.07230532 -1.62007651 0.54117647 0.50196078 0.44705882
v 0.08937429 0.00000000 -1.57538936 0.54117647 0.50196078 0.44705882
v 0.16352952 0.00000000 -1.76645531 0.54117647 0.50196078 0.44705882
v 0.16352952 0.00000000 -1.67354469 0.54117647 0.50196078 0.44705882
v 0.16167961 0.04468714 -1.74761817 0.54117647 0.50196078 0.44705882
v 0.16167961 -0.04468714 -1.74761817 0.54117647 0.50196078 0.44705882
v 0.16167961 0.04468714 -1.69238183 0.54117647 0.50196078 0.44705882
v 0.16167961 -0.04468714 -1.69238183 0.54117647 0.50196078 0.44705882
v -0.11794268 0.11934790 -1.74730575 0.54117647 0.50196078 0.44705882
v -0.14665364 0.04418163 -1.79376106 0.54117647 0.50196078 0.44705882
v -0.09992349 0.11699246 -1.79230532 0.54117647 0.50196078 0.44705882
v -0.11794268 -0.11934790 -1.74730575 0.54117647 0.50196078 0.44705882
v -0.14665364 -0.04418163 -1.79376106 0.54117647 0.50196078 0.44705882
v -0.09992349 -0.11699246 -1.79230532 0.54117647 0.50196078 0.44705882
v -0.04418163 -0.07376106 -1.86665364 0.54117647 0.50196078 0.44705882
v -0.11934790 -0.02730575 -1.83794268 0.54117647 0.50196078 0.44705882
v -0.07230532 -0.09992349 -1.83699246 0.54117647 0.50196078 0.44705882
v -0.04468714 -0.02761817 -1.88167961 0.54117647 0.50196078 0.44705882
v -0.11699246 -0.07230532 -1.81992349 0.54117647 0.50196078 0.44705882
v -0.04418163 0.07376106 -1.86665364 0.54117647 0.50196078 0.44705882
v -0.11934790 0.02730575 -1.83794268 0.54117647 0.50196078 0.44705882
v -0.07230532 0.09992349 -1.83699246 0.54117647 0.50196078 0.44705882
v -0.04468714 0.02761817 -1.88167961 0.54117647 0.50196078 0.44705882
v -0.11699246 0.07230532 -1.81992349 0.54117647 0.50196078 0.44705882
v -0.08937429 0.00000000 -1.86461064 0.54117647 0.50196078 0.44705882
v -0.11794268 0.11934790 -1.69269425 0.54117647 0.50196078 0.44705882
v -0.14665364 0.04418163 -1.64623894 0.54117647 0.50196078 0.44705882
v -0.09992349 0.11699246 -1.64769468 0.54117647 0.50196078 0.44705882
v -0.14461064 0.08937429 -1.72000000 0.54117647 0.50196078 0.44705882
v -0.11794268 -0.11934790 -1.69269425 0.54117647 0.50196078 0.44705882
v -0.14665364 -0.04418163 -1.64623894 0.54117647 0.50196078 0.44705882
v -0.09992349 -0.11699246 -1.64769468 0.54117647 0.50196078 0.44705882
v -0.14461064 -0.08937429 -1.72000000 0.54117647 0.50196078 0.44705882
v -0.04418163 -0.07376106 -1.57334636 0.54117647 0.50196078 0.44705882
v -0.11934790 -0.02730575 -1.60205732 0.54117647 0.50196078 0.44705882
v -0.07230532 -0.09992349 -1.60300754 0.54117647 0.50196078 0.44705882
v -0.04468714 -0.02761817 -1.55832039 0.54117647 0.50196078 0.44705882
v -0.11699246 -0.07230532 -1.62007651 0.54117647 0.50196078 0.44705882
v -0.04418163 0.07376106 -1.57334636 0.54117647 0.50196078 0.44705882
v -0.11934790 0.02730575 -1.60205732 0.54117647 0.50196078 0.44705882
v -0.07230532 0.09992349 -1.60300754 0.54117647 0.50196078 0.44705882
v -0.04468714 0.02761817 -1.55832039 0.54117647 0.50196078 0.44705882
v -0.11699246 0.07230532 -1.62007651 0.54117647 0.50196078 0.44705882
v -0.08937429 0.00000000 -1.57538936 0.54117647 0.50196078 0.44705882
v -0.16352952 0.00000000 -1.76645531 0.54117647 0.50196078 0.44705882
v -0.16352952 0.00000000 -1.67354469 0.54117647 0.50196078 0.44705882
v -0.16167961 0.04468714 -1.74761817 0.54117647 0.50196078 0.44705882
v -0.16167961 -0.04468714 -1.74761817 0.54117647 0.50196078 0.44705882
v -0.16167961 0.04468714 -1.69238183 0.54117647 0.50196078 0.44705882
v -0.16167961 -0.04468714 -1.69238183 0.54117647 0.50196078 0.44705882
f 1449 1586 1502
f 1586 1486 1588
f 1502 1588 1465
f 1586 1588 1502
f 1486 1587 1603
f 1587 1460 1600
f 1603 1600 1489
f 1587 1600 1603
f 1465 1601 1503
f 1601 1489 1599
f 1503 1599 1454
f 1601 1599 1503
f 1486 1603 1588
f 1603 1489 1601
f 1588 1601 1465
f 1603 1601 1588
f 1449 1502 1491
f 1502 1465 1504
f 1491 1504 1461
f 1502 1504 1491
f 1465 1503 1508
f 1503 1454 1506
f 1508 1506 1466
f 1503 1506 1508
f 1461 1507 1492
f 1507 1466 1505
f 1492 1505 1450
f 1507 1505 1492
f 1465 1508 1504
f 1508 1466 1507
f 1504 1507 1461
f 1508 1507 1504
f 1449 1491 1518
f 1491 1461 1520
f 1518 1520 1470
f 1491 1520 1518
f 1461 1492 1523
f 1492 1450 1521
f 1523 1521 1471
f 1492 1521 1523
f 1470 1524 1519
f 1524 1471 1522
f 1519 1522 1456
f 1524 1522 1519
f 1461 1523 1520
f 1523 1471 1524
f 1520 1524 1470
f 1523 1524 1520
f 1449 1518 1569
f 1518 1470 1571
f 1569 1571 1482
f 1518 1571 1569
f 1470 1519 1582
f 1519 1456 1580
f 1582 1580 1485
f 1519 1580 1582
f 1482 1584 1570
f 1584 1485 1581
f 1570 1581 1459
f 1584 1581 1570
f 1470 1582 1571
f 1582 1485 1584
f 1571 1584 1482
f 1582 1584 1571
f 1449 1569 1586
f 1569 1482 1589
f 1586 1589 1486
f 1569 1589 1586
f 1482 1570 1607
f 1570 1459 1605
f 1607 1605 1490
f 1570 1605 1607
f 1486 1609 1587
f 1609 1490 1606
f 1587 1606 1460
f 1609 1606 1587
f 1482 1607 1589
f 1607 1490 1609
f 1589 1609 1486
f 1607 1609 1589
f 1450 1505 1544
f 1505 1466 1546
f 1544 1546 1477
f 1505 1546 1544
f 1466 1506 1559
f 1506 1454 1557
f 1559 1557 1480
f 1506 1557 1559
f 1477 1561 1545
f 1561 1480 1558
f 1545 1558 1458
f 1561 1558 1545
f 1466 1559 1546
f 1559 1480 1561
f 1546 1561 1477
f 1559 1561 1546
f 1454 1599 1510
f 1599 1489 1602
f 1510 1602 1467
f 1599 1602 1510
f 1489 1600 1604
f 1600 1460 1595
f 1604 1595 1488
f 1600 1595 1604
f 1467 1597 1509
f 1597 1488 1594
f 1509 1594 1453
f 1597 1594 1509
f 1489 1604 1602
f 1604 1488 1597
f 1602 1597 1467
f 1604 1597 1602
f 1460 1606 1591
f 1606 1490 1610
f 1591 1610 1487
f 1606 1610 1591
f 1490 1605 1608
f 1605 1459 1573
f 1608 1573 1483
f 1605 1573 1608
f 1487 1593 1590
f 1593 1483 1572
f 1590 1572 1451
f 1593 1572 1590
f 1490 1608 1610
f 1608 1483 1593
f 1610 1593 1487
f 1608 1593 1610
f 1459 1581 1576
f 1581 1485 1585
f 1576 1585 1484
f 1581 1585 1576
f 1485 1580 1583
f 1580 1456 1526
f 1583 1526 1472
f 1580 1526 1583
f 1484 1578 1575
f 1578 1472 1525
f 1575 1525 1455
f 1578 1525 1575
f 1485 1583 1585
f 1583 1472 1578
f 1585 1578 1484
f 1583 1578 1585
f 1456 1522 1538
f 1522 1471 1540
f 1538 1540 1476
f 1522 1540 1538
f 1471 1521 1529
f 1521 1450 1527
f 1529 1527 1473
f 1521 1527 1529
f 1476 1542 1539
f 1542 1473 1528
f 1539 1528 1457
f 1542 1528 1539
f 1471 1529 1540
f 1529 1473 1542
f 1540 1542 1476
f 1529 1542 1540
f 1452 1548 1498
f 1548 1478 1550
f 1498 1550 1464
f 1548 1550 1498
f 1478 1549 1556
f 1549 1458 1553
f 1556 1553 1479
f 1549 1553 1556
f 1464 1554 1499
f 1554 1479 1552
f 1499 1552 1453
f 1554 1552 1499
f 1478 1556 1550
f 1556 1479 1554
f 1550 1554 1464
f 1556 1554 1550
f 1452 1498 1494
f 1498 1464 1500
f 1494 1500 1462
f 1498 1500 1494
f 1464 1499 1501
f 1499 1453 1496
f 1501 1496 1463
f 1499 1496 1501
f 1462 1497 1493
f 1497 1463 1495
f 1493 1495 1451
f 1497 1495 1493
f 1464 1501 1500
f 1501 1463 1497
f 1500 1497 1462
f 1501 1497 1500
f 1452 1494 1514
f 1494 1462 1516
f 1514 1516 1469
f 1494 1516 1514
f 1462 1493 1513
f 1493 1451 1511
f 1513 1511 1468
f 1493 1511 1513
f 1469 1517 1515
f 1517 1468 1512
f 1515 1512 1455
f 1517 1512 1515
f 1462 1513 1516
f 1513 1468 1517
f 1516 1517 1469
f 1513 1517 1516
f 1452 1514 1530
f 1514 1469 1532
f 1530 1532 1474
f 1514 1532 1530
f 1469 1515 1535
f 1515 1455 1533
f 1535 1533 1475
f 1515 1533 1535
f 1474 1537 1531
f 1537 1475 1534
f 1531 1534 1457
f 1537 1534 1531
f 1469 1535 1532
f 1535 1475 1537
f 1532 1537 1474
f 1535 1537 1532
f 1452 1530 1548
f 1530 1474 1551
f 1548 1551 1478
f 1530 1551 1548
f 1474 1531 1566
f 1531 1457 1563
f 1566 1563 1481
f 1531 1563 1566
f 1478 1568 1549
f 1568 1481 1564
f 1549 1564 1458
f 1568 1564 1549
f 1474 1566 1551
f 1566 1481 1568
f 1551 1568 1478
f 1566 1568 1551
f 1453 1552 1509
f 1552 1479 1555
f 1509 1555 1467
f 1552 1555 1509
f 1479 1553 1562
f 1553 1458 1558
f 1562 1558 1480
f 1553 1558 1562
f 1467 1560 1510
f 1560 1480 1557
f 1510 1557 1454
f 1560 1557 1510
f 1479 1562 1555
f 1562 1480 1560
f 1555 1560 1467
f 1562 1560 1555
f 1451 1495 1590
f 1495 1463 1592
f 1590 1592 1487
f 1495 1592 1590
f 1463 1496 1596
f 1496 1453 1594
f 1596 1594 1488
f 1496 1594 1596
f 1487 1598 1591
f 1598 1488 1595
f 1591 1595 1460
f 1598 1595 1591
f 1463 1596 1592
f 1596 1488 1598
f 1592 1598 1487
f 1596 1598 1592
f 1455 1512 1575
f 1512 1468 1577
f 1575 1577 1484
f 1512 1577 1575
f 1468 1511 1574
f 1511 1451 1572
f 1574 1572 1483
f 1511 1572 1574
f 1484 1579 1576
f 1579 1483 1573
f 1576 1573 1459
f 1579 1573 1576
f 1468 1574 1577
f 1574 1483 1579
f 1577 1579 1484
f 1574 1579 1577
f 1457 1534 1539
f 1534 1475 1543
f 1539 1543 1476
f 1534 1543 1539
f 1475 1533 1536
f 1533 1455 1525
f 1536 1525 1472
f 1533 1525 1536
f 1476 1541 1538
f 1541 1472 1526
f 1538 1526 1456
f 1541 1526 1538
f 1475 1536 1543
f 1536 1472 1541
f 1543 1541 1476
f 1536 1541 1543
f 1458 1564 1545
f 1564 1481 1567
f 1545 1567 1477
f 1564 1567 1545
f 1481 1563 1565
f 1563 1457 1528
f 1565 1528 1473
f 1563 1528 1565
f 1477 1547 1544
f 1547 1473 1527
f 1544 1527 1450
f 1547 1527 1544
f 1481 1565 1567
f 1565 1473 1547
f 1567 1547 1477
f 1565 1547 1567

